Name,Abs_Thickness_nm,Abs_Eg_eV,Abs_Chi_eV,Abs_Eps_r,Abs_mu_n,Abs_mu_p,Abs_log10_NA,Abs_log10_Nt,ETL_Thickness_nm,ETL_Eg_eV,ETL_Chi_eV,ETL_Eps_r,ETL_mu_n,ETL_mu_p,ETL_log10_ND,ETL_log10_Nt,HTL_Thickness_nm,HTL_Eg_eV,HTL_Chi_eV,HTL_Eps_r,HTL_mu_n,HTL_mu_p,HTL_log10_NA,HTL_log10_Nt,Voc,Jsc,FF,PCE
Structure 7,100,2.01,3.78,7.729,100,20,17,17,50,1.8,3.9,13.6,100,100,18,15,200,2.98,2.1,6.5,0.000169,0.000169,18,15,1.2255,7.873717,77.42,7.47
Structure 7,200,2.01,3.78,7.729,100,20,17,17,50,1.8,3.9,13.6,100,100,18,15,200,2.98,2.1,6.5,0.000169,0.000169,18,15,1.2596,8.892123,73.87,8.27
Structure 7,300,2.01,3.78,7.729,100,20,17,17,50,1.8,3.9,13.6,100,100,18,15,200,2.98,2.1,6.5,0.000169,0.000169,18,15,1.2676,9.742926,75.18,9.28
Structure 7,400,2.01,3.78,7.729,100,20,17,17,50,1.8,3.9,13.6,100,100,18,15,200,2.98,2.1,6.5,0.000169,0.000169,18,15,1.2718,10.43321,75.68,10.04
Structure 7,500,2.01,3.78,7.729,100,20,17,17,50,1.8,3.9,13.6,100,100,18,15,200,2.98,2.1,6.5,0.000169,0.000169,18,15,1.2743,10.946376,75.97,10.6
Structure 7,600,2.01,3.78,7.729,100,20,17,17,50,1.8,3.9,13.6,100,100,18,15,200,2.98,2.1,6.5,0.000169,0.000169,18,15,1.2759,11.326107,76.16,11.01
Structure 7,700,2.01,3.78,7.729,100,20,17,17,50,1.8,3.9,13.6,100,100,18,15,200,2.98,2.1,6.5,0.000169,0.000169,18,15,1.2769,11.606915,76.28,11.3
Structure 7,800,2.01,3.78,7.729,100,20,17,17,50,1.8,3.9,13.6,100,100,18,15,200,2.98,2.1,6.5,0.000169,0.000169,18,15,1.2776,11.814641,76.35,11.52
Structure 7,900,2.01,3.78,7.729,100,20,17,17,50,1.8,3.9,13.6,100,100,18,15,200,2.98,2.1,6.5,0.000169,0.000169,18,15,1.278,11.967464,76.4,11.69
Structure 7,1000,2.01,3.78,7.729,100,20,17,17,50,1.8,3.9,13.6,100,100,18,15,200,2.98,2.1,6.5,0.000169,0.000169,18,15,1.2783,12.080513,76.43,11.8
Structure 7,1100,2.01,3.78,7.729,100,20,17,17,50,1.8,3.9,13.6,100,100,18,15,200,2.98,2.1,6.5,0.000169,0.000169,18,15,1.2785,12.163083,76.45,11.89
Structure 7,1200,2.01,3.78,7.729,100,20,17,17,50,1.8,3.9,13.6,100,100,18,15,200,2.98,2.1,6.5,0.000169,0.000169,18,15,1.2787,12.224334,76.46,11.95
Structure 7,50,2.01,3.78,7.729,100,20,17,17,50,1.8,3.9,13.6,100,100,18,15,200,2.98,2.1,6.5,0.000169,0.000169,18,15,1.3364,6.299031,77.42,6.52
Structure 7,150,2.01,3.78,7.729,100,20,17,17,50,1.8,3.9,13.6,100,100,18,15,200,2.98,2.1,6.5,0.000169,0.000169,18,15,1.2517,8.982642,68.66,7.72
Structure 7,250,2.01,3.78,7.729,100,20,17,17,50,1.8,3.9,13.6,100,100,18,15,200,2.98,2.1,6.5,0.000169,0.000169,18,15,1.2643,9.32257,74.76,8.81
Structure 7,350,2.01,3.78,7.729,100,20,17,17,50,1.8,3.9,13.6,100,100,18,15,200,2.98,2.1,6.5,0.000169,0.000169,18,15,1.27,10.112966,75.46,9.69
Structure 7,450,2.01,3.78,7.729,100,20,17,17,50,1.8,3.9,13.6,100,100,18,15,200,2.98,2.1,6.5,0.000169,0.000169,18,15,1.2732,10.709005,75.84,10.34
Structure 7,550,2.01,3.78,7.729,100,20,17,17,50,1.8,3.9,13.6,100,100,18,15,200,2.98,2.1,6.5,0.000169,0.000169,18,15,1.2752,11.150329,76.08,10.82
Structure 7,650,2.01,3.78,7.729,100,20,17,17,50,1.8,3.9,13.6,100,100,18,15,200,2.98,2.1,6.5,0.000169,0.000169,18,15,1.2765,11.477176,76.22,11.17
Structure 7,750,2.01,3.78,7.729,100,20,17,17,50,1.8,3.9,13.6,100,100,18,15,200,2.98,2.1,6.5,0.000169,0.000169,18,15,1.2773,11.718363,76.32,11.42
Structure 7,850,2.01,3.78,7.729,100,20,17,17,50,1.8,3.9,13.6,100,100,18,15,200,2.98,2.1,6.5,0.000169,0.000169,18,15,1.2778,11.896822,76.38,11.61
Structure 7,950,2.01,3.78,7.729,100,20,17,17,50,1.8,3.9,13.6,100,100,18,15,200,2.98,2.1,6.5,0.000169,0.000169,18,15,1.2782,12.028573,76.42,11.75
Structure 7,1050,2.01,3.78,7.729,100,20,17,17,50,1.8,3.9,13.6,100,100,18,15,200,2.98,2.1,6.5,0.000169,0.000169,18,15,1.2784,12.124945,76.44,11.85
Structure 7,1150,2.01,3.78,7.729,100,20,17,17,50,1.8,3.9,13.6,100,100,18,15,200,2.98,2.1,6.5,0.000169,0.000169,18,15,1.2786,12.196421,76.46,11.92
Structure 7,100,2.01,3.78,7.729,100,20,14,17,50,1.8,3.9,13.6,100,100,18,15,200,2.98,2.1,6.5,0.000169,0.000169,18,15,1.3195,7.865895,73.44,7.62
Structure 7,100,2.01,3.78,7.729,100,20,15,17,50,1.8,3.9,13.6,100,100,18,15,200,2.98,2.1,6.5,0.000169,0.000169,18,15,1.3181,7.866105,73.58,7.63
Structure 7,100,2.01,3.78,7.729,100,20,16,17,50,1.8,3.9,13.6,100,100,18,15,200,2.98,2.1,6.5,0.000169,0.000169,18,15,1.3029,7.867957,74.64,7.65
Structure 7,500,2.01,3.78,7.729,100,20,16,17,50,1.8,3.9,13.6,100,100,18,15,200,2.98,2.1,6.5,0.000169,0.000169,18,15,1.209,12.175621,67.91,10
Structure 7,500,2.01,3.78,7.729,100,20,16,16,50,1.8,3.9,13.6,100,100,18,15,200,2.98,2.1,6.5,0.000169,0.000169,18,15,1.2619,12.861565,75.69,12.28
Structure 7,500,2.01,3.78,7.729,100,20,16,18,50,1.8,3.9,13.6,100,100,18,15,200,2.98,2.1,6.5,0.000169,0.000169,18,15,1.1912,11.608476,60.28,8.34
Structure 7,500,2.01,3.78,7.729,100,20,16,19,50,1.8,3.9,13.6,100,100,18,15,200,2.98,2.1,6.5,0.000169,0.000169,18,15,1.1861,9.259027,43.13,4.74
Structure 7,500,2.01,3.78,7.729,100,20,16,14,150,1.8,3.9,13.6,100,100,18,15,200,2.98,2.1,6.5,0.000169,0.000169,18,15,1.3569,14.529459,78.57,15.49
Structure 7,500,2.01,3.78,7.729,100,20,16,14,200,1.8,3.9,13.6,100,100,18,15,200,2.98,2.1,6.5,0.000169,0.000169,18,15,1.3356,15.095291,79.15,15.96
Structure 7,500,2.01,3.78,7.729,100,20,16,14,250,1.8,3.9,13.6,100,100,18,15,200,2.98,2.1,6.5,0.000169,0.000169,18,15,1.3207,15.567078,79.45,16.33
Structure 7,500,2.01,3.78,7.729,100,20,16,14,300,1.8,3.9,13.6,100,100,18,15,200,2.98,2.1,6.5,0.000169,0.000169,18,15,1.3097,15.961254,79.59,16.64
Structure 7,500,2.01,3.78,7.729,100,20,16,14,350,1.8,3.9,13.6,100,100,18,15,200,2.98,2.1,6.5,0.000169,0.000169,18,15,1.3012,16.29093,79.62,16.88
Structure 7,500,2.01,3.78,7.729,100,20,16,14,400,1.8,3.9,13.6,100,100,18,15,200,2.98,2.1,6.5,0.000169,0.000169,18,15,1.2944,16.566654,79.58,17.07
Structure 7,500,2.01,3.78,7.729,100,20,16,14,450,1.8,3.9,13.6,100,100,18,15,200,2.98,2.1,6.5,0.000169,0.000169,18,15,1.2888,16.79697,79.51,17.21
Structure 7,500,2.01,3.78,7.729,100,20,16,14,500,1.8,3.9,13.6,100,100,18,15,200,2.98,2.1,6.5,0.000169,0.000169,18,15,1.2842,16.988851,79.4,17.32
Structure 7,500,2.01,3.78,7.729,100,20,16,14,300,1.8,3.9,13.6,100,100,14,15,200,2.98,2.1,6.5,0.000169,0.000169,18,15,1.1617,16.110195,74.1,13.87
Structure 7,500,2.01,3.78,7.729,100,20,16,14,300,1.8,3.9,13.6,100,100,15,15,200,2.98,2.1,6.5,0.000169,0.000169,18,15,1.1605,16.109839,74.09,13.85
Structure 7,500,2.01,3.78,7.729,100,20,16,14,300,1.8,3.9,13.6,100,100,16,15,200,2.98,2.1,6.5,0.000169,0.000169,18,15,1.1804,16.105641,76.11,14.47
Structure 7,500,2.01,3.78,7.729,100,20,16,14,300,1.8,3.9,13.6,100,100,17,15,200,2.98,2.1,6.5,0.000169,0.000169,18,15,1.2285,16.069032,80.22,15.84
Structure 7,500,2.01,3.78,7.729,100,20,16,14,300,1.8,3.9,13.6,100,100,16,14,200,2.98,2.1,6.5,0.000169,0.000169,18,15,1.2442,16.107531,78.75,15.78
Structure 7,500,2.01,3.78,7.729,100,20,16,14,300,1.8,3.9,13.6,100,100,16,16,200,2.98,2.1,6.5,0.000169,0.000169,18,15,1.1082,16.086774,72.4,12.91
Structure 7,500,2.01,3.78,7.729,100,20,16,14,300,1.8,3.9,13.6,100,100,16,17,200,2.98,2.1,6.5,0.000169,0.000169,18,15,1.0216,15.900937,63.73,10.35
Structure 7,500,2.01,3.78,7.729,100,20,16,14,300,1.8,3.9,13.6,100,100,16,18,200,2.98,2.1,6.5,0.000169,0.000169,18,15,0.9257,14.286351,41.73,5.52
Structure 7,500,2.01,3.78,7.729,100,20,16,14,300,1.8,3.9,13.6,100,100,16,19,200,2.98,2.1,6.5,0.000169,0.000169,18,15,0.8633,7.60463,23.11,1.52
Structure 7,500,2.01,3.78,7.729,100,20,16,14,300,1.8,3.9,13.6,100,100,16,15,50,2.98,2.1,6.5,0.000169,0.000169,18,15,1.1804,16.105712,76.8,14.6
Structure 7,500,2.01,3.78,7.729,100,20,16,14,300,1.8,3.9,13.6,100,100,16,15,100,2.98,2.1,6.5,0.000169,0.000169,18,15,1.1804,16.105689,76.57,14.56
Structure 7,500,2.01,3.78,7.729,100,20,16,14,300,1.8,3.9,13.6,100,100,16,15,150,2.98,2.1,6.5,0.000169,0.000169,18,15,1.1804,16.105665,76.34,14.51
Structure 7,500,2.01,3.78,7.729,100,20,16,14,300,1.8,3.9,13.6,100,100,16,15,200,2.98,2.1,6.5,0.000169,0.000169,18,15,1.1804,16.105641,76.11,14.47
Structure 7,500,2.01,3.78,7.729,100,20,16,14,300,1.8,3.9,13.6,100,100,16,15,250,2.98,2.1,6.5,0.000169,0.000169,18,15,1.1804,16.105617,75.88,14.43
Structure 7,500,2.01,3.78,7.729,100,20,16,14,300,1.8,3.9,13.6,100,100,16,15,300,2.98,2.1,6.5,0.000169,0.000169,18,15,1.1804,16.105593,75.64,14.38
Structure 7,500,2.01,3.78,7.729,100,20,16,14,300,1.8,3.9,13.6,100,100,16,15,350,2.98,2.1,6.5,0.000169,0.000169,18,15,1.1804,16.105569,75.42,14.34
Structure 7,500,2.01,3.78,7.729,100,20,16,14,300,1.8,3.9,13.6,100,100,16,15,400,2.98,2.1,6.5,0.000169,0.000169,18,15,1.1804,16.105545,75.18,14.29
Structure 7,500,2.01,3.78,7.729,100,20,16,14,300,1.8,3.9,13.6,100,100,16,15,450,2.98,2.1,6.5,0.000169,0.000169,18,15,1.1804,16.105521,74.95,14.25
Structure 7,500,2.01,3.78,7.729,100,20,16,14,300,1.8,3.9,13.6,100,100,16,15,500,2.98,2.1,6.5,0.000169,0.000169,18,15,1.1804,16.105496,74.72,14.21
Structure 7,500,2.01,3.78,7.729,100,20,16,14,300,1.8,3.9,13.6,100,100,16,15,50,2.98,2.1,6.5,0.000169,0.000169,14,15,1.1501,16.104997,71.9,13.32
Structure 7,500,2.01,3.78,7.729,100,20,16,14,300,1.8,3.9,13.6,100,100,16,15,50,2.98,2.1,6.5,0.000169,0.000169,15,15,1.1502,16.105001,71.93,13.32
Structure 7,500,2.01,3.78,7.729,100,20,16,14,300,1.8,3.9,13.6,100,100,16,15,50,2.98,2.1,6.5,0.000169,0.000169,16,15,1.1509,16.105044,72.28,13.4
Structure 7,500,2.01,3.78,7.729,100,20,16,14,300,1.8,3.9,13.6,100,100,16,15,50,2.98,2.1,6.5,0.000169,0.000169,17,15,1.1567,16.105292,74.21,13.82
Structure 7,500,2.01,3.78,7.729,100,20,16,14,300,1.8,3.9,13.6,100,100,16,15,50,2.98,2.1,6.5,0.000169,0.000169,19,15,1.2165,16.106145,78.77,15.43
Structure 7,500,2.01,3.78,7.729,100,20,16,14,300,1.8,3.9,13.6,100,100,16,15,50,2.98,2.1,6.5,0.000169,0.000169,18,14,1.1804,16.105784,76.8,14.6
Structure 7,500,2.01,3.78,7.729,100,20,16,14,300,1.8,3.9,13.6,100,100,16,15,50,2.98,2.1,6.5,0.000169,0.000169,18,15,1.1804,16.105712,76.8,14.6
Structure 7,500,2.01,3.78,7.729,100,20,16,14,300,1.8,3.9,13.6,100,100,16,15,50,2.98,2.1,6.5,0.000169,0.000169,18,16,1.1804,16.105687,76.8,14.6
Structure 7,500,2.01,3.78,7.729,100,20,16,14,300,1.8,3.9,13.6,100,100,16,15,50,2.98,2.1,6.5,0.000169,0.000169,18,17,1.1804,16.105679,76.8,14.6
Structure 7,500,2.01,3.78,7.729,100,20,16,14,300,1.8,3.9,13.6,100,100,16,15,50,2.98,2.1,6.5,0.000169,0.000169,18,18,1.1804,16.105676,76.8,14.6
Structure 7,500,2.01,3.78,7.729,100,20,16,14,300,1.8,3.9,13.6,100,100,16,15,50,2.98,2.1,6.5,0.000169,0.000169,18,19,1.1804,16.105675,76.8,14.6
Structure 7,500,2.01,3.78,7.729,100,20,16,14,300,1.8,3.9,13.6,100,100,16,15,50,2.98,2.1,6.5,0.000169,0.000169,18,14,1.2047,15.950984,78.98,15.18
Structure 7,600,2.01,3.78,7.729,100,20,16,14,300,1.8,3.9,13.6,100,100,16,15,50,2.98,2.1,6.5,0.000169,0.000169,18,14,1.2049,16.052141,78.98,15.28
Structure 27,1000,1.957,4.13,4.98,50,25,17,14,100,3.5,4,9,20,10,15,14,50,1.55,4.03,13.8,30,30,17,14,1.3507,12.028964,62.96,10.23
Structure 27,1000,1.957,4.13,4.98,50,25,14,14,100,3.5,4,9,20,10,15,14,50,1.55,4.03,13.8,30,30,17,14,0.7939,15.318639,83.99,10.21
Structure 27,1000,1.957,4.13,4.98,50,25,15,14,100,3.5,4,9,20,10,15,14,50,1.55,4.03,13.8,30,30,17,14,0.9712,14.45717,79.71,11.19
Structure 27,1000,1.957,4.13,4.98,50,25,16,14,100,3.5,4,9,20,10,15,14,50,1.55,4.03,13.8,30,30,17,14,1.142,13.085641,83.1,12.42
Structure 27,1000,1.957,4.13,4.98,50,25,18,14,100,3.5,4,9,20,10,15,14,50,1.55,4.03,13.8,30,30,17,14,1.5644,7.884622,15.56,1.92
Structure 27,1000,1.957,4.13,4.98,50,25,16,15,100,3.5,4,9,20,10,15,14,50,1.55,4.03,13.8,30,30,17,14,1.1421,13.078895,82.59,12.34
Structure 27,1000,1.957,4.13,4.98,50,25,16,16,100,3.5,4,9,20,10,15,14,50,1.55,4.03,13.8,30,30,17,14,1.1429,13.013278,78.92,11.74
Structure 27,1000,1.957,4.13,4.98,50,25,16,17,100,3.5,4,9,20,10,15,14,50,1.55,4.03,13.8,30,30,17,14,1.1197,12.496998,69.94,9.79
Structure 27,1000,1.957,4.13,4.98,50,25,16,18,100,3.5,4,9,20,10,15,14,50,1.55,4.03,13.8,30,30,17,14,1.0448,10.775636,59.89,6.74
Structure 27,1000,1.957,4.13,4.98,50,25,16,19,100,3.5,4,9,20,10,15,14,50,1.55,4.03,13.8,30,30,17,14,0.9619,7.859511,49.5,3.74
Structure 27,1000,1.957,4.13,4.98,50,25,16,14,50,3.5,4,9,20,10,15,14,50,1.55,4.03,13.8,30,30,17,14,1.1418,13.200132,83.69,12.61
Structure 27,1000,1.957,4.13,4.98,50,25,16,14,150,3.5,4,9,20,10,15,14,50,1.55,4.03,13.8,30,30,17,14,1.1422,12.976808,79.99,11.86
Structure 27,1000,1.957,4.13,4.98,50,25,16,14,250,3.5,4,9,20,10,15,14,50,1.55,4.03,13.8,30,30,17,14,1.1432,12.786597,68.88,10.07
Structure 27,1000,1.957,4.13,4.98,50,25,16,14,350,3.5,4,9,20,10,15,14,50,1.55,4.03,13.8,30,30,17,14,1.145,12.633305,58.9,8.52
Structure 27,1000,1.957,4.13,4.98,50,25,16,14,400,3.5,4,9,20,10,15,14,50,1.55,4.03,13.8,30,30,17,14,1.1461,12.569724,54.61,7.87
Structure 27,1000,1.957,4.13,4.98,50,25,16,14,500,3.5,4,9,20,10,15,14,50,1.55,4.03,13.8,30,30,17,14,1.148,12.465749,47.41,6.79
Structure 27,1000,1.957,4.13,4.98,50,25,16,14,50,3.5,4,9,20,10,14,14,50,1.55,4.03,13.8,30,30,17,14,1.1418,13.19866,83.69,12.61
Structure 27,1000,1.957,4.13,4.98,50,25,16,14,50,3.5,4,9,20,10,16,14,50,1.55,4.03,13.8,30,30,17,14,1.1417,13.212406,83.74,12.63
Structure 27,1000,1.957,4.13,4.98,50,25,16,14,50,3.5,4,9,20,10,17,14,50,1.55,4.03,13.8,30,30,17,14,1.1416,13.25948,83.75,12.68
Structure 27,1000,1.957,4.13,4.98,50,25,16,14,50,3.5,4,9,20,10,18,14,50,1.55,4.03,13.8,30,30,17,14,1.1416,13.271026,83.8,12.69
Structure 27,1000,1.957,4.13,4.98,50,25,16,14,50,3.5,4,9,20,10,19,14,50,1.55,4.03,13.8,30,30,17,14,1.1415,13.273714,83.81,12.7
Structure 27,1000,1.957,4.13,4.98,50,25,16,14,50,3.5,4,9,20,10,19,15,50,1.55,4.03,13.8,30,30,17,14,1.1415,13.273714,83.81,12.7
Structure 27,1000,1.957,4.13,4.98,50,25,16,14,50,3.5,4,9,20,10,19,16,50,1.55,4.03,13.8,30,30,17,14,1.1415,13.273706,83.81,12.7
Structure 27,1000,1.957,4.13,4.98,50,25,16,14,50,3.5,4,9,20,10,19,17,50,1.55,4.03,13.8,30,30,17,14,1.1415,13.273632,83.81,12.7
Structure 27,1000,1.957,4.13,4.98,50,25,16,14,50,3.5,4,9,20,10,19,18,50,1.55,4.03,13.8,30,30,17,14,1.1415,13.27294,83.81,12.7
Structure 27,1000,1.957,4.13,4.98,50,25,16,14,50,3.5,4,9,20,10,19,19,50,1.55,4.03,13.8,30,30,17,14,1.1415,13.268976,83.81,12.69
Structure 27,1000,1.957,4.13,4.98,50,25,16,14,50,3.5,4,9,20,10,19,14,100,1.55,4.03,13.8,30,30,17,14,1.4996,13.324546,70.71,14.13
Structure 27,1000,1.957,4.13,4.98,50,25,16,14,50,3.5,4,9,20,10,19,14,150,1.55,4.03,13.8,30,30,17,14,1.5201,13.325323,69.84,14.15
Structure 27,1000,1.957,4.13,4.98,50,25,16,14,50,3.5,4,9,20,10,19,14,200,1.55,4.03,13.8,30,30,17,14,1.5151,13.325298,70.05,14.14
Structure 27,1000,1.957,4.13,4.98,50,25,16,14,50,3.5,4,9,20,10,19,14,500,1.55,4.03,13.8,30,30,17,14,1.497,13.326053,70.81,14.13
Structure 27,1000,1.957,4.13,4.98,50,25,16,14,50,3.5,4,9,20,10,19,14,350,1.55,4.03,13.8,30,30,17,14,1.5035,13.325504,70.54,14.13
Structure 27,1000,1.957,4.13,4.98,50,25,16,14,50,3.5,4,9,20,10,19,14,50,1.55,4.03,13.8,30,30,14,14,0.979,13.196098,82.99,10.72
Structure 27,1000,1.957,4.13,4.98,50,25,16,14,50,3.5,4,9,20,10,19,14,50,1.55,4.03,13.8,30,30,15,14,0.9806,13.196844,82.99,10.74
Structure 27,1000,1.957,4.13,4.98,50,25,16,14,50,3.5,4,9,20,10,19,14,50,1.55,4.03,13.8,30,30,16,14,0.9949,13.20425,83.11,10.92
Structure 27,1000,1.957,4.13,4.98,50,25,16,14,50,3.5,4,9,20,10,19,14,50,1.55,4.03,13.8,30,30,17,15,1.1415,13.273714,83.81,12.7
Structure 27,1000,1.957,4.13,4.98,50,25,16,14,50,3.5,4,9,20,10,19,14,50,1.55,4.03,13.8,30,30,17,16,1.1415,13.273714,83.81,12.7
Structure 27,1000,1.957,4.13,4.98,50,25,16,14,50,3.5,4,9,20,10,19,14,50,1.55,4.03,13.8,30,30,17,17,1.1415,13.273714,83.81,12.7
Structure 27,1000,1.957,4.13,4.98,50,25,16,14,50,3.5,4,9,20,10,19,14,50,1.55,4.03,13.8,30,30,17,18,1.1416,13.273715,83.81,12.7
Structure 27,1000,1.957,4.13,4.98,50,25,16,14,50,3.5,4,9,20,10,19,14,50,1.55,4.03,13.8,30,30,17,19,1.1417,13.273722,83.81,12.7
Structure 27,1100,1.957,4.13,4.98,50,25,16,14,50,3.5,4,9,20,10,19,14,50,1.55,4.03,13.8,30,30,17,14,1.1448,13.483532,84.31,13.01
Structure 27,100,1.957,4.13,4.98,50,25,16,14,50,3.5,4,9,20,10,19,14,50,1.55,4.03,13.8,30,30,17,14,0.7468,8.373569,69.55,4.35
Structure 27,1200,1.957,4.13,4.98,50,25,16,14,50,3.5,4,9,20,10,19,14,50,1.55,4.03,13.8,30,30,17,14,1.1478,13.662805,84.72,13.29
Structure 27,200,1.957,4.13,4.98,50,25,16,14,50,3.5,4,9,20,10,19,14,50,1.55,4.03,13.8,30,30,17,14,0.8162,9.891816,77.57,6.26
Structure 27,300,1.957,4.13,4.98,50,25,16,14,50,3.5,4,9,20,10,19,14,50,1.55,4.03,13.8,30,30,17,14,1.0598,11.154432,62.27,7.36
Structure 27,400,1.957,4.13,4.98,50,25,16,14,50,3.5,4,9,20,10,19,14,50,1.55,4.03,13.8,30,30,17,14,1.0958,10.58243,76.32,8.85
Structure 27,500,1.957,4.13,4.98,50,25,16,14,50,3.5,4,9,20,10,19,14,50,1.55,4.03,13.8,30,30,17,14,1.1103,11.305174,78.91,9.9
Structure 27,600,1.957,4.13,4.98,50,25,16,14,50,3.5,4,9,20,10,19,14,50,1.55,4.03,13.8,30,30,17,14,1.1202,11.894389,80.46,10.72
Structure 27,700,1.957,4.13,4.98,50,25,16,14,50,3.5,4,9,20,10,19,14,50,1.55,4.03,13.8,30,30,17,14,1.1268,12.355913,81.64,11.37
Structure 27,800,1.957,4.13,4.98,50,25,16,14,50,3.5,4,9,20,10,19,14,50,1.55,4.03,13.8,30,30,17,14,1.1324,12.724571,82.55,11.9
Structure 27,900,1.957,4.13,4.98,50,25,16,14,50,3.5,4,9,20,10,19,14,50,1.55,4.03,13.8,30,30,17,14,1.1374,13.024794,83.24,12.33
Structure 26,1000,1.93,4.19,4.73,50,25,17,17,150,3.3,4,66,100,25,18,15,50,1.72,4.09,5.78,600,200,17,14,1.2424,11.445746,76.39,10.86
Structure 26,1000,1.93,4.19,4.73,50,25,14,17,150,3.3,4,66,100,25,18,15,50,1.72,4.09,5.78,600,200,17,14,0.8827,14.622339,62.21,8.03
Structure 26,1000,1.93,4.19,4.73,50,25,15,17,150,3.3,4,66,100,25,18,15,50,1.72,4.09,5.78,600,200,17,14,1.1031,14.699774,71.88,11.65
Structure 26,1000,1.93,4.19,4.73,50,25,16,17,150,3.3,4,66,100,25,18,15,50,1.72,4.09,5.78,600,200,17,14,1.1811,13.371376,73.52,11.61
Structure 26,1000,1.93,4.19,4.73,50,25,18,17,150,3.3,4,66,100,25,18,15,50,1.72,4.09,5.78,600,200,17,14,1.416,10.268688,73.45,10.68
Structure 26,1000,1.93,4.19,4.73,50,25,15,14,150,3.3,4,66,100,25,18,15,50,1.72,4.09,5.78,600,200,17,14,1.1072,14.948418,81.79,13.54
Structure 26,1000,1.93,4.19,4.73,50,25,15,15,150,3.3,4,66,100,25,18,15,50,1.72,4.09,5.78,600,200,17,14,1.1076,14.946123,81.49,13.49
Structure 26,1000,1.93,4.19,4.73,50,25,15,16,150,3.3,4,66,100,25,18,15,50,1.72,4.09,5.78,600,200,17,14,1.1106,14.923231,79.08,13.11
Structure 26,1000,1.93,4.19,4.73,50,25,15,18,150,3.3,4,66,100,25,18,15,50,1.72,4.09,5.78,600,200,17,14,1.0234,12.864129,60.45,7.96
Structure 26,1000,1.93,4.19,4.73,50,25,15,19,150,3.3,4,66,100,25,18,15,50,1.72,4.09,5.78,600,200,17,14,0.8868,5.649107,41.18,2.06
Structure 26,1000,1.93,4.19,4.73,50,25,15,14,150,3.3,4,66,100,25,14,15,50,1.72,4.09,5.78,600,200,17,14,1.1075,14.952327,81.74,13.54
Structure 26,1000,1.93,4.19,4.73,50,25,15,14,150,3.3,4,66,100,25,15,15,50,1.72,4.09,5.78,600,200,17,14,1.1075,14.952604,81.74,13.54
Structure 26,1000,1.93,4.19,4.73,50,25,15,14,150,3.3,4,66,100,25,16,15,50,1.72,4.09,5.78,600,200,17,14,1.1074,14.954244,81.76,13.54
Structure 26,1000,1.93,4.19,4.73,50,25,15,14,150,3.3,4,66,100,25,17,15,50,1.72,4.09,5.78,600,200,17,14,1.1073,14.954142,81.79,13.54
Structure 26,1000,1.93,4.19,4.73,50,25,15,14,150,3.3,4,66,100,25,19,15,50,1.72,4.09,5.78,600,200,17,14,1.1072,14.936608,81.79,13.53
Structure 26,1000,1.93,4.19,4.73,50,25,15,14,150,3.3,4,66,100,25,17,14,50,1.72,4.09,5.78,600,200,17,14,1.1073,14.954239,81.79,13.54
Structure 26,1000,1.93,4.19,4.73,50,25,15,14,150,3.3,4,66,100,25,17,16,50,1.72,4.09,5.78,600,200,17,14,1.1073,14.953181,81.78,13.54
Structure 26,1000,1.93,4.19,4.73,50,25,15,14,150,3.3,4,66,100,25,17,17,50,1.72,4.09,5.78,600,200,17,14,1.1073,14.944019,81.78,13.53
Structure 26,1000,1.93,4.19,4.73,50,25,15,14,150,3.3,4,66,100,25,17,18,50,1.72,4.09,5.78,600,200,17,14,1.1073,14.882715,81.75,13.47
Structure 26,1000,1.93,4.19,4.73,50,25,15,14,150,3.3,4,66,100,25,17,19,50,1.72,4.09,5.78,600,200,17,14,1.1074,14.775856,81.71,13.37
Structure 26,1000,1.93,4.19,4.73,50,25,15,14,150,3.3,4,66,100,25,17,14,50,1.72,4.09,5.78,600,200,14,14,0.7807,14.707088,79.56,9.13
Structure 26,1000,1.93,4.19,4.73,50,25,15,14,150,3.3,4,66,100,25,17,14,50,1.72,4.09,5.78,600,200,15,14,0.784,14.708932,79.62,9.18
Structure 26,1000,1.93,4.19,4.73,50,25,15,14,150,3.3,4,66,100,25,17,14,50,1.72,4.09,5.78,600,200,16,14,0.8194,14.731325,79.95,9.65
Structure 26,1000,1.93,4.19,4.73,50,25,15,14,150,3.3,4,66,100,25,17,14,50,1.72,4.09,5.78,600,200,18,14,1.1445,15.033057,82.48,14.19
Structure 26,1000,1.93,4.19,4.73,50,25,15,14,150,3.3,4,66,100,25,17,14,50,1.72,4.09,5.78,600,200,19,14,1.1528,15.106524,83.11,14.47
Structure 26,1000,1.93,4.19,4.73,50,25,15,14,150,3.3,4,66,100,25,17,14,50,1.72,4.09,5.78,600,200,19,15,1.1528,15.106524,83.11,14.47
Structure 26,1000,1.93,4.19,4.73,50,25,15,14,150,3.3,4,66,100,25,17,14,50,1.72,4.09,5.78,600,200,19,16,1.1528,15.106522,83.11,14.47
Structure 26,1000,1.93,4.19,4.73,50,25,15,14,150,3.3,4,66,100,25,17,14,50,1.72,4.09,5.78,600,200,19,17,1.1528,15.106509,83.11,14.47
Structure 26,1000,1.93,4.19,4.73,50,25,15,14,150,3.3,4,66,100,25,17,14,50,1.72,4.09,5.78,600,200,19,18,1.153,15.10638,83.1,14.47
Structure 26,1000,1.93,4.19,4.73,50,25,15,14,150,3.3,4,66,100,25,17,14,50,1.72,4.09,5.78,600,200,19,19,1.1545,15.105151,83,14.48
Structure 26,1100,1.93,4.19,4.73,50,25,15,14,150,3.3,4,66,100,25,17,14,50,1.72,4.09,5.78,600,200,19,19,1.1599,15.154747,83.83,14.73
Structure 26,1200,1.93,4.19,4.73,50,25,15,14,150,3.3,4,66,100,25,17,14,50,1.72,4.09,5.78,600,200,19,19,1.1639,15.224548,84.38,14.95
Structure 4,500,1.75,3.97,4.95,50,50,17,14,50,3.26,4.26,32,20,10,17,14,100,2.17,3,7.5,200,80,18,14,1.3253,15.863018,78.1,16.42
Structure 4,100,1.75,3.97,4.95,50,50,17,14,50,3.26,4.26,32,20,10,17,14,100,2.17,3,7.5,200,80,18,14,1.2171,9.643147,76.51,8.98
Structure 4,200,1.75,3.97,4.95,50,50,17,14,50,3.26,4.26,32,20,10,17,14,100,2.17,3,7.5,200,80,18,14,1.2558,12.263131,77.81,11.98
Structure 4,300,1.75,3.97,4.95,50,50,17,14,50,3.26,4.26,32,20,10,17,14,100,2.17,3,7.5,200,80,18,14,1.2844,13.954627,78.4,14.05
Structure 4,400,1.75,3.97,4.95,50,50,17,14,50,3.26,4.26,32,20,10,17,14,100,2.17,3,7.5,200,80,18,14,1.3068,15.085024,78.34,15.44
Structure 4,500,1.75,3.97,4.95,50,50,17,14,50,3.26,4.26,32,20,10,17,14,100,2.17,3,7.5,200,80,18,14,1.3253,15.863018,78.1,16.42
Structure 4,600,1.75,3.97,4.95,50,50,17,14,50,3.26,4.26,32,20,10,17,14,100,2.17,3,7.5,200,80,18,14,1.3411,16.424144,77.81,17.14
Structure 4,700,1.75,3.97,4.95,50,50,17,14,50,3.26,4.26,32,20,10,17,14,100,2.17,3,7.5,200,80,18,14,1.355,16.846933,77.49,17.69
Structure 4,800,1.75,3.97,4.95,50,50,17,14,50,3.26,4.26,32,20,10,17,14,100,2.17,3,7.5,200,80,18,14,1.3676,17.177738,77.17,18.13
Structure 4,900,1.75,3.97,4.95,50,50,17,14,50,3.26,4.26,32,20,10,17,14,100,2.17,3,7.5,200,80,18,14,1.3791,17.444663,76.86,18.49
Structure 4,1000,1.75,3.97,4.95,50,50,17,14,50,3.26,4.26,32,20,10,17,14,100,2.17,3,7.5,200,80,18,14,1.3898,17.666687,76.54,18.79
Structure 4,1100,1.75,3.97,4.95,50,50,17,14,50,3.26,4.26,32,20,10,17,14,100,2.17,3,7.5,200,80,18,14,1.3998,17.853969,76.24,19.05
Structure 4,1200,1.75,3.97,4.95,50,50,17,14,50,3.26,4.26,32,20,10,17,14,100,2.17,3,7.5,200,80,18,14,1.409,18.016045,75.95,19.28
Structure 4,300,1.75,3.97,4.95,50,50,14,14,50,3.26,4.26,32,20,10,17,14,100,2.17,3,7.5,200,80,18,14,1.2573,15.610918,81.7,16.04
Structure 4,300,1.75,3.97,4.95,50,50,15,14,50,3.26,4.26,32,20,10,17,14,100,2.17,3,7.5,200,80,18,14,1.2575,15.61084,81.71,16.04
Structure 4,300,1.75,3.97,4.95,50,50,16,14,50,3.26,4.26,32,20,10,17,14,100,2.17,3,7.5,200,80,18,14,1.2614,15.609721,81.21,15.99
Structure 4,400,1.75,3.97,4.95,50,50,14,14,50,3.26,4.26,32,20,10,17,14,100,2.17,3,7.5,200,80,18,14,1.2649,17.032492,81.09,17.47
Structure 4,400,1.75,3.97,4.95,50,50,15,14,50,3.26,4.26,32,20,10,17,14,100,2.17,3,7.5,200,80,18,14,1.2655,17.03248,81.14,17.49
Structure 4,400,1.75,3.97,4.95,50,50,16,14,50,3.26,4.26,32,20,10,17,14,100,2.17,3,7.5,200,80,18,14,1.273,17.011162,80.61,17.46
Structure 4,400,1.75,3.97,4.95,50,50,17,14,50,3.26,4.26,32,20,10,17,14,100,2.17,3,7.5,200,80,18,14,1.3068,15.085024,78.34,15.44
Structure 4,400,1.75,3.97,4.95,50,50,15,15,50,3.26,4.26,32,20,10,17,14,100,2.17,3,7.5,200,80,18,14,1.2237,17.031365,78.26,16.31
Structure 4,400,1.75,3.97,4.95,50,50,15,16,50,3.26,4.26,32,20,10,17,14,100,2.17,3,7.5,200,80,18,14,1.1551,17.020219,69.79,13.72
Structure 4,400,1.75,3.97,4.95,50,50,15,17,50,3.26,4.26,32,20,10,17,14,100,2.17,3,7.5,200,80,18,14,1.0777,16.909633,58.55,10.67
Structure 4,400,1.75,3.97,4.95,50,50,15,18,50,3.26,4.26,32,20,10,17,14,100,2.17,3,7.5,200,80,18,14,1.0571,15.884523,42.63,7.16
Structure 4,400,1.75,3.97,4.95,50,50,15,19,50,3.26,4.26,32,20,10,17,14,100,2.17,3,7.5,200,80,18,14,1.0552,10.127226,26.51,2.83
Structure 4,400,1.75,3.97,4.95,50,50,15,14,100,3.26,4.26,32,20,10,17,14,100,2.17,3,7.5,200,80,18,14,1.2654,17.02561,81.1,17.47
Structure 4,400,1.75,3.97,4.95,50,50,15,14,150,3.26,4.26,32,20,10,17,14,100,2.17,3,7.5,200,80,18,14,1.2652,17.015201,81.08,17.46
Structure 4,400,1.75,3.97,4.95,50,50,15,14,200,3.26,4.26,32,20,10,17,14,100,2.17,3,7.5,200,80,18,14,1.265,17.002539,81.06,17.44
Structure 4,400,1.75,3.97,4.95,50,50,15,14,300,3.26,4.26,32,20,10,17,14,100,2.17,3,7.5,200,80,18,14,1.2646,16.97336,81.02,17.39
Structure 4,400,1.75,3.97,4.95,50,50,15,14,400,3.26,4.26,32,20,10,17,14,100,2.17,3,7.5,200,80,18,14,1.2642,16.941869,80.98,17.35
Structure 4,400,1.75,3.97,4.95,50,50,15,14,500,3.26,4.26,32,20,10,17,14,100,2.17,3,7.5,200,80,18,14,1.2638,16.91009,80.95,17.3
Structure 4,400,1.75,3.97,4.95,50,50,15,14,50,3.26,4.26,32,20,10,14,14,100,2.17,3,7.5,200,80,18,14,1.2654,17.034699,80.97,17.45
Structure 4,400,1.75,3.97,4.95,50,50,15,14,50,3.26,4.26,32,20,10,15,14,100,2.17,3,7.5,200,80,18,14,1.2654,17.034679,80.98,17.46
Structure 4,400,1.75,3.97,4.95,50,50,15,14,50,3.26,4.26,32,20,10,16,14,100,2.17,3,7.5,200,80,18,14,1.2654,17.034475,81,17.46
Structure 4,400,1.75,3.97,4.95,50,50,15,14,50,3.26,4.26,32,20,10,17,14,100,2.17,3,7.5,200,80,18,14,1.2655,17.03248,81.14,17.49
Structure 4,400,1.75,3.97,4.95,50,50,15,14,50,3.26,4.26,32,20,10,18,14,100,2.17,3,7.5,200,80,18,14,1.2663,17.01799,81.21,17.5
Structure 4,400,1.75,3.97,4.95,50,50,15,14,50,3.26,4.26,32,20,10,19,14,100,2.17,3,7.5,200,80,18,14,1.2651,16.961536,80.89,17.36
Structure 4,400,1.75,3.97,4.95,50,50,15,14,50,3.26,4.26,32,20,10,18,15,100,2.17,3,7.5,200,80,18,14,1.2661,16.99197,81.22,17.47
Structure 4,400,1.75,3.97,4.95,50,50,15,14,50,3.26,4.26,32,20,10,18,16,100,2.17,3,7.5,200,80,18,14,1.2657,16.929784,81.24,17.41
Structure 4,400,1.75,3.97,4.95,50,50,15,14,50,3.26,4.26,32,20,10,18,17,100,2.17,3,7.5,200,80,18,14,1.2655,16.905574,81.25,17.38
Structure 4,400,1.75,3.97,4.95,50,50,15,14,50,3.26,4.26,32,20,10,18,18,100,2.17,3,7.5,200,80,18,14,1.2655,16.902435,81.26,17.38
Structure 4,400,1.75,3.97,4.95,50,50,15,14,50,3.26,4.26,32,20,10,18,19,100,2.17,3,7.5,200,80,18,14,1.2655,16.902123,81.26,17.38
Structure 4,400,1.75,3.97,4.95,50,50,15,14,50,3.26,4.26,32,20,10,18,14,50,2.17,3,7.5,200,80,18,14,1.2658,16.935627,81.24,17.42
Structure 4,400,1.75,3.97,4.95,50,50,15,14,50,3.26,4.26,32,20,10,18,14,150,2.17,3,7.5,200,80,18,14,1.2668,17.081154,81.2,17.57
Structure 4,400,1.75,3.97,4.95,50,50,15,14,50,3.26,4.26,32,20,10,18,14,200,2.17,3,7.5,200,80,18,14,1.2671,17.130949,81.18,17.62
Structure 4,400,1.75,3.97,4.95,50,50,15,14,50,3.26,4.26,32,20,10,18,14,250,2.17,3,7.5,200,80,18,14,1.2674,17.171164,81.17,17.66
Structure 4,400,1.75,3.97,4.95,50,50,15,14,50,3.26,4.26,32,20,10,18,14,300,2.17,3,7.5,200,80,18,14,1.2676,17.204337,81.16,17.7
Structure 4,400,1.75,3.97,4.95,50,50,15,14,50,3.26,4.26,32,20,10,18,14,350,2.17,3,7.5,200,80,18,14,1.2678,17.232216,81.15,17.73
Structure 4,400,1.75,3.97,4.95,50,50,15,14,50,3.26,4.26,32,20,10,18,14,400,2.17,3,7.5,200,80,18,14,1.268,17.256032,81.15,17.76
Structure 4,400,1.75,3.97,4.95,50,50,15,14,50,3.26,4.26,32,20,10,18,14,450,2.17,3,7.5,200,80,18,14,1.2682,17.276671,81.14,17.78
Structure 4,400,1.75,3.97,4.95,50,50,15,14,50,3.26,4.26,32,20,10,18,14,500,2.17,3,7.5,200,80,18,14,1.2683,17.294784,81.14,17.8
Structure 4,400,1.75,3.97,4.95,50,50,15,14,50,3.26,4.26,32,20,10,18,14,500,2.17,3,7.5,200,80,14,14,1.2709,17.418527,79.77,17.66
Structure 4,400,1.75,3.97,4.95,50,50,15,14,50,3.26,4.26,32,20,10,18,14,500,2.17,3,7.5,200,80,15,14,1.2709,17.418442,79.77,17.66
Structure 4,400,1.75,3.97,4.95,50,50,15,14,50,3.26,4.26,32,20,10,18,14,500,2.17,3,7.5,200,80,16,14,1.271,17.41612,79.77,17.66
Structure 4,400,1.75,3.97,4.95,50,50,15,14,50,3.26,4.26,32,20,10,18,14,500,2.17,3,7.5,200,80,17,14,1.2706,17.393632,79.84,17.65
Structure 4,400,1.75,3.97,4.95,50,50,15,14,50,3.26,4.26,32,20,10,18,14,500,2.17,3,7.5,200,80,18,14,1.2683,17.294784,81.14,17.8
Structure 4,400,1.75,3.97,4.95,50,50,15,14,50,3.26,4.26,32,20,10,18,14,500,2.17,3,7.5,200,80,19,14,1.2824,17.215605,83.71,18.48
Structure 4,400,1.75,3.97,4.95,50,50,15,14,50,3.26,4.26,32,20,10,18,14,500,2.17,3,7.5,200,80,18,15,1.2683,17.294503,81.14,17.8
Structure 4,400,1.75,3.97,4.95,50,50,15,14,50,3.26,4.26,32,20,10,18,14,500,2.17,3,7.5,200,80,18,16,1.2683,17.291718,81.14,17.79
Structure 4,400,1.75,3.97,4.95,50,50,15,14,50,3.26,4.26,32,20,10,18,14,500,2.17,3,7.5,200,80,18,17,1.268,17.26642,81.15,17.77
Structure 4,400,1.75,3.97,4.95,50,50,15,14,50,3.26,4.26,32,20,10,18,14,500,2.17,3,7.5,200,80,18,18,1.2667,17.136699,81.18,17.62
Structure 4,400,1.75,3.97,4.95,50,50,15,14,50,3.26,4.26,32,20,10,18,14,500,2.17,3,7.5,200,80,18,19,1.2655,16.963368,81.21,17.43
Structure 4,400,1.75,3.97,4.95,50,50,15,14,50,3.26,4.26,32,20,10,18,14,500,2.17,3,7.5,200,80,19,15,1.2824,17.215475,83.71,18.48
Structure 4,400,1.75,3.97,4.95,50,50,15,14,50,3.26,4.26,32,20,10,18,14,500,2.17,3,7.5,200,80,19,16,1.2824,17.21418,83.71,18.48
Structure 4,400,1.75,3.97,4.95,50,50,15,14,50,3.26,4.26,32,20,10,18,14,500,2.17,3,7.5,200,80,19,17,1.2823,17.201886,83.71,18.47
Structure 4,400,1.75,3.97,4.95,50,50,15,14,50,3.26,4.26,32,20,10,18,14,500,2.17,3,7.5,200,80,19,18,1.2816,17.120687,83.74,18.37
Structure 4,400,1.75,3.97,4.95,50,50,15,14,50,3.26,4.26,32,20,10,18,14,500,2.17,3,7.5,200,80,19,19,1.2804,16.962367,83.8,18.2
Structure 25,1000,1.649,4.12,5.75,80,20,17,14,150,3.3,4,66,100,25,18,15,250,1.5,4.2,7.11,1,3.8,19,14,1.1491,23.816871,88.91,24.33
Structure 25,1000,1.649,4.12,5.75,80,20,14,14,150,3.3,4,66,100,25,18,15,250,1.5,4.2,7.11,1,3.8,19,14,1.1458,24.10832,83.85,23.16
Structure 25,1000,1.649,4.12,5.75,80,20,15,14,150,3.3,4,66,100,25,18,15,250,1.5,4.2,7.11,1,3.8,19,14,1.1459,24.107249,85.26,23.55
Structure 25,1000,1.649,4.12,5.75,80,20,16,14,150,3.3,4,66,100,25,18,15,250,1.5,4.2,7.11,1,3.8,19,14,1.1473,24.09482,87.99,24.33
Structure 25,1000,1.649,4.12,5.75,80,20,18,14,150,3.3,4,66,100,25,18,15,250,1.5,4.2,7.11,1,3.8,19,14,1.1604,21.794602,88.9,22.48
Structure 25,1000,1.649,4.12,5.75,80,20,19,14,150,3.3,4,66,100,25,18,15,250,1.5,4.2,7.11,1,3.8,19,14,1.1989,19.093614,89.44,20.47
Structure 25,1000,1.649,4.12,5.75,80,20,14,15,150,3.3,4,66,100,25,18,15,250,1.5,4.2,7.11,1,3.8,19,14,1.1042,24.098773,79.03,21.03
Structure 25,1000,1.649,4.12,5.75,80,20,14,16,150,3.3,4,66,100,25,18,15,250,1.5,4.2,7.11,1,3.8,19,14,1.0139,24.003603,75.31,18.33
Structure 25,1000,1.649,4.12,5.75,80,20,14,17,150,3.3,4,66,100,25,18,15,250,1.5,4.2,7.11,1,3.8,19,14,0.9137,23.080778,62.97,13.28
Structure 25,1000,1.649,4.12,5.75,80,20,14,18,150,3.3,4,66,100,25,18,15,250,1.5,4.2,7.11,1,3.8,19,14,0.7716,16.141082,36.84,4.59
Structure 25,1000,1.649,4.12,5.75,80,20,14,19,150,3.3,4,66,100,25,18,15,250,1.5,4.2,7.11,1,3.8,19,14,0.6093,3.104363,26.96,0.51
Structure 25,1000,1.649,4.12,5.75,80,20,16,17,150,3.3,4,66,100,25,18,15,250,1.5,4.2,7.11,1,3.8,19,14,1.0145,21.787191,72.06,15.93
Structure 25,1000,1.649,4.12,5.75,80,20,16,18,150,3.3,4,66,100,25,18,15,250,1.5,4.2,7.11,1,3.8,19,14,0.9049,18.856975,66.1,11.28
Structure 25,1000,1.649,4.12,5.75,80,20,15,17,150,3.3,4,66,100,25,18,15,250,1.5,4.2,7.11,1,3.8,19,14,0.9543,23.539523,70.99,15.95
Structure 25,1000,1.649,4.12,5.75,80,20,15,18,150,3.3,4,66,100,25,18,15,250,1.5,4.2,7.11,1,3.8,19,14,0.8399,19.703072,55.76,9.23
Structure 25,1000,1.649,4.12,5.75,80,20,15,19,150,3.3,4,66,100,25,18,15,250,1.5,4.2,7.11,1,3.8,19,14,0.683,7.601695,36.82,1.91
Structure 25,1000,1.649,4.12,5.75,80,20,16,19,150,3.3,4,66,100,25,18,15,250,1.5,4.2,7.11,1,3.8,19,14,0.7786,14.436233,56.68,6.37
Structure 25,1000,1.649,4.12,5.75,80,20,17,15,150,3.3,4,66,100,25,18,15,250,1.5,4.2,7.11,1,3.8,19,14,1.1487,23.719719,87.1,23.73
Structure 25,1000,1.649,4.12,5.75,80,20,17,17,150,3.3,4,66,100,25,18,15,250,1.5,4.2,7.11,1,3.8,19,14,1.0732,19.165961,74.54,15.33
Structure 25,1000,1.649,4.12,5.75,80,20,17,18,150,3.3,4,66,100,25,18,15,250,1.5,4.2,7.11,1,3.8,19,14,0.9582,14.778147,68.85,9.75
Structure 25,1000,1.649,4.12,5.75,80,20,17,19,150,3.3,4,66,100,25,18,15,250,1.5,4.2,7.11,1,3.8,19,14,0.8298,11.2007,63.29,5.88
Structure 25,1000,1.649,4.12,5.75,80,20,18,15,150,3.3,4,66,100,25,18,15,250,1.5,4.2,7.11,1,3.8,19,14,1.1604,21.714537,88.35,22.26
Structure 25,1000,1.649,4.12,5.75,80,20,18,16,150,3.3,4,66,100,25,18,15,250,1.5,4.2,7.11,1,3.8,19,14,1.1587,20.99162,84.81,20.63
Structure 25,1000,1.649,4.12,5.75,80,20,18,17,150,3.3,4,66,100,25,18,15,250,1.5,4.2,7.11,1,3.8,19,14,1.1239,17.352779,77.99,15.21
Structure 25,1000,1.649,4.12,5.75,80,20,18,18,150,3.3,4,66,100,25,18,15,250,1.5,4.2,7.11,1,3.8,19,14,1.0119,11.844446,73.33,8.79
Structure 25,1000,1.649,4.12,5.75,80,20,18,19,150,3.3,4,66,100,25,18,15,250,1.5,4.2,7.11,1,3.8,19,14,0.8744,7.376779,68.45,4.42
Structure 25,1000,1.649,4.12,5.75,80,20,19,15,150,3.3,4,66,100,25,18,15,250,1.5,4.2,7.11,1,3.8,19,14,1.1988,19.054474,89.13,20.36
Structure 25,1000,1.649,4.12,5.75,80,20,19,16,150,3.3,4,66,100,25,18,15,250,1.5,4.2,7.11,1,3.8,19,14,1.1975,18.682402,86.78,19.41
Structure 25,1000,1.649,4.12,5.75,80,20,19,17,150,3.3,4,66,100,25,18,15,250,1.5,4.2,7.11,1,3.8,19,14,1.1714,16.185283,80.8,15.32
Structure 25,1000,1.649,4.12,5.75,80,20,19,18,150,3.3,4,66,100,25,18,15,250,1.5,4.2,7.11,1,3.8,19,14,1.065,10.476423,77.22,8.62
Structure 25,1000,1.649,4.12,5.75,80,20,19,19,150,3.3,4,66,100,25,18,15,250,1.5,4.2,7.11,1,3.8,19,14,0.923,5.435065,73.84,3.7
Structure 25,1000,1.649,4.12,5.75,80,20,17,14,50,3.3,4,66,100,25,18,15,250,1.5,4.2,7.11,1,3.8,19,14,1.1491,23.817394,88.91,24.33
Structure 25,1000,1.649,4.12,5.75,80,20,17,14,100,3.3,4,66,100,25,18,15,250,1.5,4.2,7.11,1,3.8,19,14,1.1491,23.817075,88.91,24.33
Structure 25,1000,1.649,4.12,5.75,80,20,17,14,500,3.3,4,66,100,25,18,15,250,1.5,4.2,7.11,1,3.8,19,14,1.1491,23.809689,88.91,24.33
Structure 25,1000,1.649,4.12,5.75,80,20,17,14,50,3.3,4,66,100,25,14,15,250,1.5,4.2,7.11,1,3.8,19,14,1.1491,23.82278,88.9,24.34
Structure 25,1000,1.649,4.12,5.75,80,20,17,14,50,3.3,4,66,100,25,14,16,250,1.5,4.2,7.11,1,3.8,19,14,1.1491,23.82271,88.9,24.34
Structure 25,1000,1.649,4.12,5.75,80,20,17,14,50,3.3,4,66,100,25,14,17,250,1.5,4.2,7.11,1,3.8,19,14,1.1491,23.822008,88.9,24.33
Structure 25,1000,1.649,4.12,5.75,80,20,17,14,50,3.3,4,66,100,25,14,18,250,1.5,4.2,7.11,1,3.8,19,14,1.1491,23.81531,88.89,24.33
Structure 25,1000,1.649,4.12,5.75,80,20,17,14,50,3.3,4,66,100,25,14,19,250,1.5,4.2,7.11,1,3.8,19,14,1.1491,23.770514,88.87,24.28
Structure 25,1000,1.649,4.12,5.75,80,20,17,14,50,3.3,4,66,100,25,15,14,250,1.5,4.2,7.11,1,3.8,19,14,1.1491,23.822918,88.9,24.34
Structure 25,1000,1.649,4.12,5.75,80,20,17,14,50,3.3,4,66,100,25,15,15,250,1.5,4.2,7.11,1,3.8,19,14,1.1491,23.822911,88.9,24.34
Structure 25,1000,1.649,4.12,5.75,80,20,17,14,50,3.3,4,66,100,25,15,16,250,1.5,4.2,7.11,1,3.8,19,14,1.1491,23.822841,88.9,24.34
Structure 25,1000,1.649,4.12,5.75,80,20,17,14,50,3.3,4,66,100,25,15,17,250,1.5,4.2,7.11,1,3.8,19,14,1.1491,23.822139,88.9,24.33
Structure 25,1000,1.649,4.12,5.75,80,20,17,14,50,3.3,4,66,100,25,15,18,250,1.5,4.2,7.11,1,3.8,19,14,1.1491,23.815446,88.89,24.33
Structure 25,1000,1.649,4.12,5.75,80,20,17,14,50,3.3,4,66,100,25,15,19,250,1.5,4.2,7.11,1,3.8,19,14,1.1491,23.770684,88.87,24.28
Structure 25,1000,1.649,4.12,5.75,80,20,17,14,50,3.3,4,66,100,25,17,14,250,1.5,4.2,7.11,1,3.8,19,14,1.1491,23.823354,88.9,24.34
Structure 25,1000,1.649,4.12,5.75,80,20,14,14,50,3.3,4,66,100,25,14,14,250,1.5,4.2,7.11,1,3.8,19,14,1.1458,24.123482,83.82,23.17
Structure 25,1000,1.649,4.12,5.75,80,20,17,14,50,3.3,4,66,100,25,17,15,250,1.5,4.2,7.11,1,3.8,19,14,1.1491,23.82808,88.9,24.34
Structure 25,1000,1.649,4.12,5.75,80,20,17,14,50,3.3,4,66,100,25,17,16,250,1.5,4.2,7.11,1,3.8,19,14,1.1491,23.82801,88.9,24.34
Structure 25,1000,1.649,4.12,5.75,80,20,17,14,50,3.3,4,66,100,25,17,17,250,1.5,4.2,7.11,1,3.8,19,14,1.1491,23.827312,88.9,24.34
Structure 25,1000,1.649,4.12,5.75,80,20,17,14,50,3.3,4,66,100,25,17,18,250,1.5,4.2,7.11,1,3.8,19,14,1.1491,23.820703,88.89,24.33
Structure 25,1000,1.649,4.12,5.75,80,20,17,14,50,3.3,4,66,100,25,17,19,250,1.5,4.2,7.11,1,3.8,19,14,1.1491,23.778753,88.88,24.29
Structure 25,1000,1.649,4.12,5.75,80,20,17,14,50,3.3,4,66,100,25,18,14,250,1.5,4.2,7.11,1,3.8,19,14,1.1491,23.817401,88.91,24.33
Structure 25,1000,1.649,4.12,5.75,80,20,17,14,50,3.3,4,66,100,25,18,16,250,1.5,4.2,7.11,1,3.8,19,14,1.1491,23.81732,88.91,24.33
Structure 25,1000,1.649,4.12,5.75,80,20,17,14,50,3.3,4,66,100,25,18,17,250,1.5,4.2,7.11,1,3.8,19,14,1.1491,23.816584,88.91,24.33
Structure 25,1000,1.649,4.12,5.75,80,20,17,14,50,3.3,4,66,100,25,18,18,250,1.5,4.2,7.11,1,3.8,19,14,1.1491,23.809803,88.91,24.33
Structure 25,1000,1.649,4.12,5.75,80,20,17,14,50,3.3,4,66,100,25,18,19,250,1.5,4.2,7.11,1,3.8,19,14,1.1491,23.773148,88.91,24.29
Structure 25,1000,1.649,4.12,5.75,80,20,17,14,50,3.3,4,66,100,25,19,14,250,1.5,4.2,7.11,1,3.8,19,14,1.1491,23.806185,88.91,24.32
Structure 25,1000,1.649,4.12,5.75,80,20,17,14,50,3.3,4,66,100,25,19,15,250,1.5,4.2,7.11,1,3.8,19,14,1.1491,23.806176,88.91,24.32
Structure 25,1000,1.649,4.12,5.75,80,20,17,14,50,3.3,4,66,100,25,19,16,250,1.5,4.2,7.11,1,3.8,19,14,1.1491,23.806087,88.91,24.32
Structure 25,1000,1.649,4.12,5.75,80,20,17,14,50,3.3,4,66,100,25,19,17,250,1.5,4.2,7.11,1,3.8,19,14,1.1491,23.805203,88.91,24.32
Structure 25,1000,1.649,4.12,5.75,80,20,17,14,50,3.3,4,66,100,25,19,18,250,1.5,4.2,7.11,1,3.8,19,14,1.1491,23.797371,88.91,24.31
Structure 25,1000,1.649,4.12,5.75,80,20,17,14,50,3.3,4,66,100,25,19,19,250,1.5,4.2,7.11,1,3.8,19,14,1.1491,23.76269,88.91,24.28
Structure 25,1000,1.649,4.12,5.75,80,20,17,14,50,3.3,4,66,100,25,14,14,250,1.5,4.2,7.11,1,3.8,19,14,1.1491,23.822787,88.9,24.34
Structure 25,1000,1.649,4.12,5.75,80,20,17,14,50,3.3,4,66,100,25,14,14,50,1.5,4.2,7.11,1,3.8,19,14,1.1119,22.007933,88.3,21.61
Structure 25,1000,1.649,4.12,5.75,80,20,17,14,50,3.3,4,66,100,25,14,14,100,1.5,4.2,7.11,1,3.8,19,14,1.1273,22.732786,88.65,22.72
Structure 25,1000,1.649,4.12,5.75,80,20,17,14,50,3.3,4,66,100,25,14,14,150,1.5,4.2,7.11,1,3.8,19,14,1.137,23.179637,88.78,23.4
Structure 25,1000,1.649,4.12,5.75,80,20,17,14,50,3.3,4,66,100,25,14,14,200,1.5,4.2,7.11,1,3.8,19,14,1.1438,23.528081,88.85,23.91
Structure 25,1000,1.649,4.12,5.75,80,20,17,14,50,3.3,4,66,100,25,14,14,500,1.5,4.2,7.11,1,3.8,19,14,1.1665,24.88291,88.88,25.8
Structure 25,1000,1.649,4.12,5.75,80,20,17,14,50,3.3,4,66,100,25,14,14,300,1.5,4.2,7.11,1,3.8,19,14,1.1536,24.081155,88.91,24.7
Structure 25,1000,1.649,4.12,5.75,80,20,17,14,50,3.3,4,66,100,25,14,14,350,1.5,4.2,7.11,1,3.8,19,14,1.1576,24.311916,88.9,25.02
Structure 25,1000,1.649,4.12,5.75,80,20,17,14,50,3.3,4,66,100,25,14,14,400,1.5,4.2,7.11,1,3.8,19,14,1.161,24.520285,88.89,25.31
Structure 25,1000,1.649,4.12,5.75,80,20,17,14,50,3.3,4,66,100,25,14,14,450,1.5,4.2,7.11,1,3.8,19,14,1.1639,24.70976,88.89,25.56
Structure 25,1000,1.649,4.12,5.75,80,20,17,14,50,3.3,4,66,100,25,14,14,300,1.5,4.2,7.11,1,3.8,14,14,0.9466,19.378042,85.71,15.72
Structure 25,1000,1.649,4.12,5.75,80,20,17,14,50,3.3,4,66,100,25,14,14,300,1.5,4.2,7.11,1,3.8,15,14,0.9547,19.384485,85.77,15.87
Structure 25,1000,1.649,4.12,5.75,80,20,17,14,50,3.3,4,66,100,25,14,14,300,1.5,4.2,7.11,1,3.8,16,14,0.9856,19.440375,86.04,16.49
Structure 25,1000,1.649,4.12,5.75,80,20,17,14,50,3.3,4,66,100,25,14,14,300,1.5,4.2,7.11,1,3.8,17,14,1.0242,19.992446,86.49,17.71
Structure 25,1000,1.649,4.12,5.75,80,20,17,14,50,3.3,4,66,100,25,14,14,300,1.5,4.2,7.11,1,3.8,18,14,1.0787,22.3969,87.78,21.21
Structure 25,1000,1.649,4.12,5.75,80,20,17,14,50,3.3,4,66,100,25,14,14,300,1.5,4.2,7.11,1,3.8,19,15,1.1549,24.021892,88.63,24.59
Structure 30,1000,1.635,3.85,18.44,80,25,18,14,100,2,3.9,3.9,0.2,0.2,18,14,50,1.55,3.6,6.5,12,9,17,14,1.1792,19.801253,88.74,20.72
Structure 30,1000,1.635,3.85,18.44,80,25,14,14,100,2,3.9,3.9,0.2,0.2,18,14,50,1.55,3.6,6.5,12,9,17,14,1.0878,23.592249,86.93,22.31
Structure 30,1000,1.635,3.85,18.44,80,25,15,14,100,2,3.9,3.9,0.2,0.2,18,14,50,1.55,3.6,6.5,12,9,17,14,1.0882,23.590931,87.03,22.34
Structure 30,1000,1.635,3.85,18.44,80,25,16,14,100,2,3.9,3.9,0.2,0.2,18,14,50,1.55,3.6,6.5,12,9,17,14,1.0951,23.440888,87.3,22.41
Structure 30,1000,1.635,3.85,18.44,80,25,17,14,100,2,3.9,3.9,0.2,0.2,18,14,50,1.55,3.6,6.5,12,9,17,14,1.1248,21.444155,86.34,20.83
Structure 30,1000,1.635,3.85,18.44,80,25,19,14,100,2,3.9,3.9,0.2,0.2,18,14,50,1.55,3.6,6.5,12,9,17,14,1.3272,19.483586,83.78,21.67
Structure 30,1000,1.635,3.85,18.44,80,25,16,15,100,2,3.9,3.9,0.2,0.2,18,14,50,1.55,3.6,6.5,12,9,17,14,1.0883,23.310978,85.65,21.73
Structure 30,1000,1.635,3.85,18.44,80,25,16,16,100,2,3.9,3.9,0.2,0.2,18,14,50,1.55,3.6,6.5,12,9,17,14,1.05,22.566052,80.13,18.99
Structure 30,1000,1.635,3.85,18.44,80,25,16,17,100,2,3.9,3.9,0.2,0.2,18,14,50,1.55,3.6,6.5,12,9,17,14,0.9703,21.87727,75.46,16.02
Structure 30,1000,1.635,3.85,18.44,80,25,16,18,100,2,3.9,3.9,0.2,0.2,18,14,50,1.55,3.6,6.5,12,9,17,14,0.8584,20.478234,69.48,12.21
Structure 30,1000,1.635,3.85,18.44,80,25,16,19,100,2,3.9,3.9,0.2,0.2,18,14,50,1.55,3.6,6.5,12,9,17,14,0.7277,14.327417,54.73,5.71
Structure 30,1000,1.635,3.85,18.44,80,25,16,14,50,2,3.9,3.9,0.2,0.2,18,14,50,1.55,3.6,6.5,12,9,17,14,1.0951,23.462933,87.23,22.41
Structure 30,1000,1.635,3.85,18.44,80,25,16,14,150,2,3.9,3.9,0.2,0.2,18,14,50,1.55,3.6,6.5,12,9,17,14,1.0951,23.377483,87.36,22.36
Structure 30,1000,1.635,3.85,18.44,80,25,16,14,200,2,3.9,3.9,0.2,0.2,18,14,50,1.55,3.6,6.5,12,9,17,14,1.095,23.262986,87.39,22.26
Structure 30,1000,1.635,3.85,18.44,80,25,16,14,250,2,3.9,3.9,0.2,0.2,18,14,50,1.55,3.6,6.5,12,9,17,14,1.0948,23.093122,87.41,22.1
Structure 30,1000,1.635,3.85,18.44,80,25,16,14,300,2,3.9,3.9,0.2,0.2,18,14,50,1.55,3.6,6.5,12,9,17,14,1.0945,22.867691,87.42,21.88
Structure 30,1000,1.635,3.85,18.44,80,25,16,14,100,2,3.9,3.9,0.2,0.2,14,14,50,1.55,3.6,6.5,12,9,17,14,1.0959,23.16758,86.73,22.02
Structure 30,1000,1.635,3.85,18.44,80,25,16,14,100,2,3.9,3.9,0.2,0.2,15,14,50,1.55,3.6,6.5,12,9,17,14,1.0959,23.173762,86.76,22.03
Structure 30,1000,1.635,3.85,18.44,80,25,16,14,100,2,3.9,3.9,0.2,0.2,16,14,50,1.55,3.6,6.5,12,9,17,14,1.0958,23.226078,86.89,22.12
Structure 30,1000,1.635,3.85,18.44,80,25,16,14,100,2,3.9,3.9,0.2,0.2,17,14,50,1.55,3.6,6.5,12,9,17,14,1.0956,23.400031,87.02,22.31
Structure 30,1000,1.635,3.85,18.44,80,25,16,14,100,2,3.9,3.9,0.2,0.2,19,14,50,1.55,3.6,6.5,12,9,17,14,1.0948,23.446697,87.54,22.47
Structure 30,1000,1.635,3.85,18.44,80,25,16,14,100,2,3.9,3.9,0.2,0.2,19,15,50,1.55,3.6,6.5,12,9,17,14,1.0944,23.153485,87.51,22.18
Structure 30,1000,1.635,3.85,18.44,80,25,16,14,100,2,3.9,3.9,0.2,0.2,19,16,50,1.55,3.6,6.5,12,9,17,14,1.0923,21.485407,87.35,20.5
Structure 30,1000,1.635,3.85,18.44,80,25,16,14,100,2,3.9,3.9,0.2,0.2,19,17,50,1.55,3.6,6.5,12,9,17,14,1.0895,19.327172,87.16,18.35
Structure 30,1000,1.635,3.85,18.44,80,25,16,14,100,2,3.9,3.9,0.2,0.2,19,18,50,1.55,3.6,6.5,12,9,17,14,1.0885,18.609861,87.11,17.65
Structure 30,1000,1.635,3.85,18.44,80,25,16,14,100,2,3.9,3.9,0.2,0.2,19,19,50,1.55,3.6,6.5,12,9,17,14,1.0882,18.400296,87.11,17.44
Structure 30,1000,1.635,3.85,18.44,80,25,16,14,100,2,3.9,3.9,0.2,0.2,19,14,100,1.55,3.6,6.5,12,9,17,14,1.0962,23.685154,87.53,22.73
Structure 30,1000,1.635,3.85,18.44,80,25,16,14,100,2,3.9,3.9,0.2,0.2,19,14,150,1.55,3.6,6.5,12,9,17,14,1.0975,23.889252,87.53,22.95
Structure 30,1000,1.635,3.85,18.44,80,25,16,14,100,2,3.9,3.9,0.2,0.2,19,14,200,1.55,3.6,6.5,12,9,17,14,1.0988,24.065216,87.54,23.15
Structure 30,1000,1.635,3.85,18.44,80,25,16,14,100,2,3.9,3.9,0.2,0.2,19,14,250,1.55,3.6,6.5,12,9,17,14,1.1,24.217894,87.54,23.32
Structure 30,1000,1.635,3.85,18.44,80,25,16,14,100,2,3.9,3.9,0.2,0.2,19,14,300,1.55,3.6,6.5,12,9,17,14,1.101,24.351126,87.57,23.48
Structure 30,1000,1.635,3.85,18.44,80,25,16,14,100,2,3.9,3.9,0.2,0.2,19,14,300,1.55,3.6,6.5,12,9,14,14,1.092,24.433877,87.01,23.22
Structure 30,1000,1.635,3.85,18.44,80,25,16,14,100,2,3.9,3.9,0.2,0.2,19,14,300,1.55,3.6,6.5,12,9,15,14,1.0923,24.439183,87.09,23.25
Structure 30,1000,1.635,3.85,18.44,80,25,16,14,100,2,3.9,3.9,0.2,0.2,19,14,300,1.55,3.6,6.5,12,9,16,14,1.0942,24.443575,87.3,23.35
Structure 30,1000,1.635,3.85,18.44,80,25,16,14,100,2,3.9,3.9,0.2,0.2,19,14,300,1.55,3.6,6.5,12,9,18,14,1.1271,24.142586,88.37,24.05
Structure 30,1000,1.635,3.85,18.44,80,25,16,14,100,2,3.9,3.9,0.2,0.2,19,14,300,1.55,3.6,6.5,12,9,19,14,1.1712,24.072547,88.39,24.92
Structure 30,1000,1.635,3.85,18.44,80,25,16,14,100,2,3.9,3.9,0.2,0.2,19,14,300,1.55,3.6,6.5,12,9,19,15,1.171,24.070816,88.39,24.92
Structure 30,1000,1.635,3.85,18.44,80,25,16,14,100,2,3.9,3.9,0.2,0.2,19,14,300,1.55,3.6,6.5,12,9,19,16,1.1695,24.054006,88.41,24.87
Structure 30,1000,1.635,3.85,18.44,80,25,16,14,100,2,3.9,3.9,0.2,0.2,19,14,300,1.55,3.6,6.5,12,9,19,17,1.1596,23.923897,88.48,24.55
Structure 30,1000,1.635,3.85,18.44,80,25,16,14,100,2,3.9,3.9,0.2,0.2,19,14,300,1.55,3.6,6.5,12,9,19,18,1.1354,23.565296,88.5,23.68
Structure 30,1000,1.635,3.85,18.44,80,25,16,14,100,2,3.9,3.9,0.2,0.2,19,14,300,1.55,3.6,6.5,12,9,19,19,1.1094,23.31067,88.08,22.78
Structure 30,1100,1.635,3.85,18.44,80,25,16,14,100,2,3.9,3.9,0.2,0.2,19,14,300,1.55,3.6,6.5,12,9,19,14,1.1706,24.16243,88.4,25
Structure 30,1200,1.635,3.85,18.44,80,25,16,14,100,2,3.9,3.9,0.2,0.2,19,14,300,1.55,3.6,6.5,12,9,19,14,1.17,24.233693,88.42,25.07
Structure 30,100,1.635,3.85,18.44,80,25,16,14,100,2,3.9,3.9,0.2,0.2,19,14,300,1.55,3.6,6.5,12,9,19,14,1.1739,18.499012,89.25,19.38
Structure 30,800,1.635,3.85,18.44,80,25,16,14,100,2,3.9,3.9,0.2,0.2,19,14,300,1.55,3.6,6.5,12,9,19,14,1.1724,23.809476,88.35,24.66
Structure 30,300,1.635,3.85,18.44,80,25,16,14,100,2,3.9,3.9,0.2,0.2,19,14,300,1.55,3.6,6.5,12,9,19,14,1.1739,21.628571,87.9,22.32
Structure 30,700,1.635,3.85,18.44,80,25,16,14,100,2,3.9,3.9,0.2,0.2,19,14,300,1.55,3.6,6.5,12,9,19,14,1.173,23.612732,88.33,24.47
Structure 30,500,1.635,3.85,18.44,80,25,16,14,100,2,3.9,3.9,0.2,0.2,19,14,300,1.55,3.6,6.5,12,9,19,14,1.1738,22.964744,88.3,23.8
Structure 30,900,1.635,3.85,18.44,80,25,16,14,100,2,3.9,3.9,0.2,0.2,19,14,300,1.55,3.6,6.5,12,9,19,14,1.1718,23.95816,88.37,24.81
Structure 30,600,1.635,3.85,18.44,80,25,16,14,100,2,3.9,3.9,0.2,0.2,19,14,300,1.55,3.6,6.5,12,9,19,14,1.1734,23.343187,88.32,24.19
Structure 30,400,1.635,3.85,18.44,80,25,16,14,100,2,3.9,3.9,0.2,0.2,19,14,300,1.55,3.6,6.5,12,9,19,14,1.174,22.424315,88.24,23.23
Structure 30,200,1.635,3.85,18.44,80,25,16,14,100,2,3.9,3.9,0.2,0.2,19,14,300,1.55,3.6,6.5,12,9,19,14,1.1738,20.415655,88.46,21.2
Structure 13,200,1.598,4.153,5.8,50,50,16,14,50,2.9,4.09,10,50,20,15,14,200,2.98,2.1,6.5,0.000169,0.000169,18,15,0.965,15.414944,79.45,11.82
Structure 13,200,1.598,4.153,5.8,50,50,16,14,100,3.12,4.4,22,0.69,0.69,19,14,100,1.04,4.3,12,100,25,16,14,0.8086,14.100621,53.92,6.15
Structure 13,100,1.598,4.153,5.8,50,50,16,14,100,3.12,4.4,22,0.69,0.69,19,14,100,1.04,4.3,12,100,25,16,14,0.5436,12.761169,49.4,3.43
Structure 13,300,1.598,4.153,5.8,50,50,16,14,100,3.12,4.4,22,0.69,0.69,19,14,100,1.04,4.3,12,100,25,16,14,0.9298,15.378512,60.04,8.59
Structure 13,400,1.598,4.153,5.8,50,50,16,14,100,3.12,4.4,22,0.69,0.69,19,14,100,1.04,4.3,12,100,25,16,14,0.952,16.768077,57.6,9.19
Structure 13,500,1.598,4.153,5.8,50,50,16,14,100,3.12,4.4,22,0.69,0.69,19,14,100,1.04,4.3,12,100,25,16,14,0.9644,17.86471,54.96,9.47
Structure 13,600,1.598,4.153,5.8,50,50,16,14,100,3.12,4.4,22,0.69,0.69,19,14,100,1.04,4.3,12,100,25,16,14,0.9731,18.687924,53,9.64
Structure 13,700,1.598,4.153,5.8,50,50,16,14,100,3.12,4.4,22,0.69,0.69,19,14,100,1.04,4.3,12,100,25,16,14,0.9799,19.317147,51.54,9.76
Structure 13,800,1.598,4.153,5.8,50,50,16,14,100,3.12,4.4,22,0.69,0.69,19,14,100,1.04,4.3,12,100,25,16,14,0.9852,19.797667,50.49,9.85
Structure 13,900,1.598,4.153,5.8,50,50,16,14,100,3.12,4.4,22,0.69,0.69,19,14,100,1.04,4.3,12,100,25,16,14,0.9897,20.147267,49.76,9.92
Structure 13,1000,1.598,4.153,5.8,50,50,16,14,100,3.12,4.4,22,0.69,0.69,19,14,100,1.04,4.3,12,100,25,16,14,0.9937,20.384836,49.28,9.98
Structure 13,1100,1.598,4.153,5.8,50,50,16,14,100,3.12,4.4,22,0.69,0.69,19,14,100,1.04,4.3,12,100,25,16,14,0.9972,20.543597,48.99,10.03
Structure 13,1200,1.598,4.153,5.8,50,50,16,14,100,3.12,4.4,22,0.69,0.69,19,14,100,1.04,4.3,12,100,25,16,14,1.0003,20.654922,48.79,10.08
Structure 13,300,1.598,4.153,5.8,50,50,14,14,100,3.12,4.4,22,0.69,0.69,19,14,100,1.04,4.3,12,100,25,16,14,0.5614,16.353621,52.32,4.8
Structure 13,300,1.598,4.153,5.8,50,50,15,14,100,3.12,4.4,22,0.69,0.69,19,14,100,1.04,4.3,12,100,25,16,14,0.6006,16.489214,51.97,5.15
Structure 13,300,1.598,4.153,5.8,50,50,17,14,100,3.12,4.4,22,0.69,0.69,19,14,100,1.04,4.3,12,100,25,16,14,1.0549,13.997679,68.32,10.09
Structure 13,300,1.598,4.153,5.8,50,50,18,14,100,3.12,4.4,22,0.69,0.69,19,14,100,1.04,4.3,12,100,25,16,14,1.1251,13.066306,74.17,10.9
Structure 13,300,1.598,4.153,5.8,50,50,18,15,100,3.12,4.4,22,0.69,0.69,19,14,100,1.04,4.3,12,100,25,16,14,1.1251,13.06331,74.17,10.9
Structure 13,300,1.598,4.153,5.8,50,50,18,16,100,3.12,4.4,22,0.69,0.69,19,14,100,1.04,4.3,12,100,25,16,14,1.1244,13.03352,74.18,10.87
Structure 13,300,1.598,4.153,5.8,50,50,18,17,100,3.12,4.4,22,0.69,0.69,19,14,100,1.04,4.3,12,100,25,16,14,1.1183,12.750824,74.02,10.55
Structure 13,300,1.598,4.153,5.8,50,50,18,18,100,3.12,4.4,22,0.69,0.69,19,14,100,1.04,4.3,12,100,25,16,14,1.0791,10.864488,63.63,7.46
Structure 13,300,1.598,4.153,5.8,50,50,18,19,100,3.12,4.4,22,0.69,0.69,19,14,100,1.04,4.3,12,100,25,16,14,0.8358,7.002713,65.09,3.81
Structure 13,300,1.598,4.153,5.8,50,50,18,14,50,3.12,4.4,22,0.69,0.69,19,14,100,1.04,4.3,12,100,25,16,14,1.1251,13.036589,74.26,10.89
Structure 13,300,1.598,4.153,5.8,50,50,18,14,150,3.12,4.4,22,0.69,0.69,19,14,100,1.04,4.3,12,100,25,16,14,1.1252,13.091101,74.09,10.91
Structure 13,300,1.598,4.153,5.8,50,50,18,14,200,3.12,4.4,22,0.69,0.69,19,14,100,1.04,4.3,12,100,25,16,14,1.1252,13.111393,74.02,10.92
Structure 13,300,1.598,4.153,5.8,50,50,18,14,250,3.12,4.4,22,0.69,0.69,19,14,100,1.04,4.3,12,100,25,16,14,1.1253,13.127569,73.97,10.93
Structure 13,300,1.598,4.153,5.8,50,50,18,14,300,3.12,4.4,22,0.69,0.69,19,14,100,1.04,4.3,12,100,25,16,14,1.1253,13.139944,73.93,10.93
Structure 13,300,1.598,4.153,5.8,50,50,18,14,350,3.12,4.4,22,0.69,0.69,19,14,100,1.04,4.3,12,100,25,16,14,1.1253,13.148849,73.91,10.94
Structure 13,300,1.598,4.153,5.8,50,50,18,14,400,3.12,4.4,22,0.69,0.69,19,14,100,1.04,4.3,12,100,25,16,14,1.1254,13.154541,73.89,10.94
Structure 13,300,1.598,4.153,5.8,50,50,18,14,450,3.12,4.4,22,0.69,0.69,19,14,100,1.04,4.3,12,100,25,16,14,1.1254,13.157303,73.88,10.94
Structure 13,300,1.598,4.153,5.8,50,50,18,14,500,3.12,4.4,22,0.69,0.69,19,14,100,1.04,4.3,12,100,25,16,14,1.1254,13.157367,73.88,10.94
Structure 13,300,1.598,4.153,5.8,50,50,18,14,150,3.12,4.4,22,0.69,0.69,14,14,100,1.04,4.3,12,100,25,16,14,1.1271,2.92765,30.42,1
Structure 13,300,1.598,4.153,5.8,50,50,18,14,150,3.12,4.4,22,0.69,0.69,15,14,100,1.04,4.3,12,100,25,16,14,1.127,2.933514,30.45,1.01
Structure 13,300,1.598,4.153,5.8,50,50,18,14,150,3.12,4.4,22,0.69,0.69,16,14,100,1.04,4.3,12,100,25,16,14,1.1269,2.989019,30.71,1.03
Structure 13,300,1.598,4.153,5.8,50,50,18,14,150,3.12,4.4,22,0.69,0.69,17,14,100,1.04,4.3,12,100,25,16,14,1.1262,3.421023,32.49,1.25
Structure 13,300,1.598,4.153,5.8,50,50,18,14,150,3.12,4.4,22,0.69,0.69,18,14,100,1.04,4.3,12,100,25,16,14,1.1248,6.005305,38.44,2.6
Structure 13,300,1.598,4.153,5.8,50,50,18,14,150,3.12,4.4,22,0.69,0.69,19,15,100,1.04,4.3,12,100,25,16,14,1.1252,13.075245,74.14,10.91
Structure 13,300,1.598,4.153,5.8,50,50,18,14,150,3.12,4.4,22,0.69,0.69,19,16,100,1.04,4.3,12,100,25,16,14,1.1249,12.968263,74.5,10.87
Structure 13,300,1.598,4.153,5.8,50,50,18,14,150,3.12,4.4,22,0.69,0.69,19,17,100,1.04,4.3,12,100,25,16,14,1.1245,12.776362,75.13,10.79
Structure 13,300,1.598,4.153,5.8,50,50,18,14,150,3.12,4.4,22,0.69,0.69,19,18,100,1.04,4.3,12,100,25,16,14,1.1244,12.708061,75.34,10.77
Structure 13,300,1.598,4.153,5.8,50,50,18,14,150,3.12,4.4,22,0.69,0.69,19,19,100,1.04,4.3,12,100,25,16,14,1.1243,12.68846,75.4,10.76
Structure 13,300,1.598,4.153,5.8,50,50,18,14,150,3.12,4.4,22,0.69,0.69,19,15,50,1.04,4.3,12,100,25,16,14,1.1252,13.075035,74.14,10.91
Structure 13,300,1.598,4.153,5.8,50,50,18,14,150,3.12,4.4,22,0.69,0.69,19,15,50,1.04,4.3,12,150,25,16,14,1.1251,13.075264,74.14,10.91
Structure 13,300,1.598,4.153,5.8,50,50,18,14,150,3.12,4.4,22,0.69,0.69,19,15,50,1.04,4.3,12,200,25,16,14,1.1251,13.075264,74.15,10.91
Structure 13,300,1.598,4.153,5.8,50,50,18,14,150,3.12,4.4,22,0.69,0.69,19,15,50,1.04,4.3,12,250,25,16,14,1.1251,13.07526,74.14,10.91
Structure 13,300,1.598,4.153,5.8,50,50,18,14,150,3.12,4.4,22,0.69,0.69,19,15,50,1.04,4.3,12,300,25,16,14,1.1251,13.075256,74.14,10.91
Structure 13,300,1.598,4.153,5.8,50,50,18,14,150,3.12,4.4,22,0.69,0.69,19,15,50,1.04,4.3,12,350,25,16,14,1.1251,13.075252,74.14,10.91
Structure 13,300,1.598,4.153,5.8,50,50,18,14,150,3.12,4.4,22,0.69,0.69,19,15,50,1.04,4.3,12,400,25,16,14,1.1251,13.075248,74.15,10.91
Structure 13,300,1.598,4.153,5.8,50,50,18,14,150,3.12,4.4,22,0.69,0.69,19,15,50,1.04,4.3,12,450,25,16,14,1.1251,13.075244,74.14,10.91
Structure 13,300,1.598,4.153,5.8,50,50,18,14,150,3.12,4.4,22,0.69,0.69,19,15,50,1.04,4.3,12,500,25,16,14,1.1251,13.07524,74.14,10.91
Structure 13,300,1.598,4.153,5.8,50,50,18,14,150,3.12,4.4,22,0.69,0.69,19,15,50,1.04,4.3,12,200,25,14,14,1.1251,13.075114,74.15,10.91
Structure 13,300,1.598,4.153,5.8,50,50,18,14,150,3.12,4.4,22,0.69,0.69,19,15,50,1.04,4.3,12,200,25,15,14,1.1251,13.07513,74.15,10.91
Structure 13,300,1.598,4.153,5.8,50,50,18,14,150,3.12,4.4,22,0.69,0.69,19,15,50,1.04,4.3,12,200,25,17,14,1.1252,13.076091,74.14,10.91
Structure 13,300,1.598,4.153,5.8,50,50,18,14,150,3.12,4.4,22,0.69,0.69,19,15,50,1.04,4.3,12,200,25,18,14,1.1254,13.08012,74.13,10.91
Structure 13,300,1.598,4.153,5.8,50,50,18,14,150,3.12,4.4,22,0.69,0.69,19,15,50,1.04,4.3,12,200,25,19,14,1.1256,13.092735,74.09,10.92
Structure 13,300,1.598,4.153,5.8,50,50,18,14,150,3.12,4.4,22,0.69,0.69,19,15,50,1.04,4.3,12,200,25,14,15,1.1251,13.075114,74.15,10.91
Structure 13,300,1.598,4.153,5.8,50,50,18,14,150,3.12,4.4,22,0.69,0.69,19,15,50,1.04,4.3,12,200,25,14,16,1.1251,13.075114,74.15,10.91
Structure 13,300,1.598,4.153,5.8,50,50,18,14,150,3.12,4.4,22,0.69,0.69,19,15,50,1.04,4.3,12,200,25,14,17,1.1251,13.075115,74.15,10.91
Structure 13,300,1.598,4.153,5.8,50,50,18,14,150,3.12,4.4,22,0.69,0.69,19,15,50,1.04,4.3,12,200,25,14,18,1.1251,13.07512,74.14,10.91
Structure 13,300,1.598,4.153,5.8,50,50,18,14,150,3.12,4.4,22,0.69,0.69,19,15,50,1.04,4.3,12,200,25,14,19,1.1252,13.075128,74.14,10.91
Structure 16,1000,1.577,3.89,5.65,50,25,17,14,50,3.3,4,9,150,25,19,15,200,1.58,4.2,14.6,49,49,18,14,0.9977,25.193681,87.53,22
Structure 16,100,1.577,3.89,5.65,50,25,17,14,50,3.3,4,9,150,25,19,15,200,1.58,4.2,14.6,49,49,18,14,0.9896,15.566644,87.74,13.52
Structure 16,200,1.577,3.89,5.65,50,25,17,14,50,3.3,4,9,150,25,19,15,200,1.58,4.2,14.6,49,49,18,14,0.9929,19.234544,87.73,16.76
Structure 16,300,1.577,3.89,5.65,50,25,17,14,50,3.3,4,9,150,25,19,15,200,1.58,4.2,14.6,49,49,18,14,0.9945,21.378277,87.71,18.65
Structure 16,400,1.577,3.89,5.65,50,25,17,14,50,3.3,4,9,150,25,19,15,200,1.58,4.2,14.6,49,49,18,14,0.9954,22.696775,87.68,19.81
Structure 16,500,1.577,3.89,5.65,50,25,17,14,50,3.3,4,9,150,25,19,15,200,1.58,4.2,14.6,49,49,18,14,0.996,23.547597,87.66,20.56
Structure 16,600,1.577,3.89,5.65,50,25,17,14,50,3.3,4,9,150,25,19,15,200,1.58,4.2,14.6,49,49,18,14,0.9965,24.120597,87.63,21.06
Structure 16,700,1.577,3.89,5.65,50,25,17,14,50,3.3,4,9,150,25,19,15,200,1.58,4.2,14.6,49,49,18,14,0.9968,24.521864,87.61,21.42
Structure 16,800,1.577,3.89,5.65,50,25,17,14,50,3.3,4,9,150,25,19,15,200,1.58,4.2,14.6,49,49,18,14,0.9972,24.811721,87.58,21.67
Structure 16,900,1.577,3.89,5.65,50,25,17,14,50,3.3,4,9,150,25,19,15,200,1.58,4.2,14.6,49,49,18,14,0.9974,25.028604,87.56,21.86
Structure 16,1100,1.577,3.89,5.65,50,25,17,14,50,3.3,4,9,150,25,19,15,200,1.58,4.2,14.6,49,49,18,14,0.9979,25.323856,87.51,22.12
Structure 16,1200,1.577,3.89,5.65,50,25,17,14,50,3.3,4,9,150,25,19,15,200,1.58,4.2,14.6,49,49,18,14,0.9982,25.426603,87.49,22.2
Structure 16,1200,1.577,3.89,5.65,50,25,14,14,50,3.3,4,9,150,25,19,15,200,1.58,4.2,14.6,49,49,18,14,0.9964,25.669626,79.81,20.41
Structure 16,1200,1.577,3.89,5.65,50,25,15,14,50,3.3,4,9,150,25,19,15,200,1.58,4.2,14.6,49,49,18,14,0.9964,25.668263,81.78,20.92
Structure 16,1200,1.577,3.89,5.65,50,25,16,14,50,3.3,4,9,150,25,19,15,200,1.58,4.2,14.6,49,49,18,14,0.9967,25.66055,85.7,21.92
Structure 16,1200,1.577,3.89,5.65,50,25,18,14,50,3.3,4,9,150,25,19,15,200,1.58,4.2,14.6,49,49,18,14,1.0107,23.817415,87.8,21.14
Structure 16,1200,1.577,3.89,5.65,50,25,19,14,50,3.3,4,9,150,25,19,15,200,1.58,4.2,14.6,49,49,18,14,1.0519,21.863228,88.41,20.33
Structure 16,1200,1.577,3.89,5.65,50,25,17,17,50,3.3,4,9,150,25,19,15,200,1.58,4.2,14.6,49,49,18,14,0.9728,19.739424,66.73,12.81
Structure 16,1200,1.577,3.89,5.65,50,25,17,18,50,3.3,4,9,150,25,19,15,200,1.58,4.2,14.6,49,49,18,14,0.8629,15.208769,60.17,7.9
Structure 16,1200,1.577,3.89,5.65,50,25,17,19,50,3.3,4,9,150,25,19,15,200,1.58,4.2,14.6,49,49,18,14,0.7335,11.259529,54.46,4.5
Structure 16,1200,1.577,3.89,5.65,50,25,17,14,100,3.3,4,9,150,25,19,15,200,1.58,4.2,14.6,49,49,18,14,0.9982,25.426049,87.49,22.2
Structure 16,1200,1.577,3.89,5.65,50,25,17,14,150,3.3,4,9,150,25,19,15,200,1.58,4.2,14.6,49,49,18,14,0.9982,25.425151,87.49,22.2
Structure 16,1200,1.577,3.89,5.65,50,25,17,14,200,3.3,4,9,150,25,19,15,200,1.58,4.2,14.6,49,49,18,14,0.9982,25.42391,87.49,22.2
Structure 16,1200,1.577,3.89,5.65,50,25,17,14,250,3.3,4,9,150,25,19,15,200,1.58,4.2,14.6,49,49,18,14,0.9982,25.42233,87.49,22.2
Structure 16,1200,1.577,3.89,5.65,50,25,17,14,300,3.3,4,9,150,25,19,15,200,1.58,4.2,14.6,49,49,18,14,0.9982,25.420418,87.49,22.2
Structure 16,1200,1.577,3.89,5.65,50,25,17,14,350,3.3,4,9,150,25,19,15,200,1.58,4.2,14.6,49,49,18,14,0.9982,25.418181,87.49,22.2
Structure 16,1200,1.577,3.89,5.65,50,25,17,14,400,3.3,4,9,150,25,19,15,200,1.58,4.2,14.6,49,49,18,14,0.9982,25.415629,87.49,22.2
Structure 16,1200,1.577,3.89,5.65,50,25,17,14,450,3.3,4,9,150,25,19,15,200,1.58,4.2,14.6,49,49,18,14,0.9982,25.412772,87.49,22.19
Structure 16,1200,1.577,3.89,5.65,50,25,17,14,500,3.3,4,9,150,25,19,15,200,1.58,4.2,14.6,49,49,18,14,0.9982,25.409621,87.49,22.19
Structure 16,1200,1.577,3.89,5.65,50,25,17,14,50,3.3,4,9,150,25,14,15,200,1.58,4.2,14.6,49,49,18,14,0.9982,25.409676,87.62,22.22
Structure 16,1200,1.577,3.89,5.65,50,25,17,14,50,3.3,4,9,150,25,15,15,200,1.58,4.2,14.6,49,49,18,14,0.9982,25.409873,87.62,22.22
Structure 16,1200,1.577,3.89,5.65,50,25,17,14,50,3.3,4,9,150,25,16,15,200,1.58,4.2,14.6,49,49,18,14,0.9982,25.411113,87.62,22.23
Structure 16,1200,1.577,3.89,5.65,50,25,17,14,50,3.3,4,9,150,25,17,15,200,1.58,4.2,14.6,49,49,18,14,0.9982,25.421216,87.58,22.22
Structure 16,1200,1.577,3.89,5.65,50,25,17,14,50,3.3,4,9,150,25,18,15,200,1.58,4.2,14.6,49,49,18,14,0.9982,25.43276,87.47,22.21
Structure 16,1200,1.577,3.89,5.65,50,25,17,14,50,3.3,4,9,150,25,16,14,200,1.58,4.2,14.6,49,49,18,14,0.9982,25.411114,87.62,22.23
Structure 16,1200,1.577,3.89,5.65,50,25,17,14,50,3.3,4,9,150,25,16,16,200,1.58,4.2,14.6,49,49,18,14,0.9982,25.411098,87.62,22.23
Structure 16,1200,1.577,3.89,5.65,50,25,17,14,50,3.3,4,9,150,25,16,17,200,1.58,4.2,14.6,49,49,18,14,0.9982,25.410947,87.62,22.22
Structure 16,1200,1.577,3.89,5.65,50,25,17,14,50,3.3,4,9,150,25,16,18,200,1.58,4.2,14.6,49,49,18,14,0.9982,25.409451,87.61,22.22
Structure 16,1200,1.577,3.89,5.65,50,25,17,14,50,3.3,4,9,150,25,16,19,200,1.58,4.2,14.6,49,49,18,14,0.9982,25.395768,87.53,22.19
Structure 16,1200,1.577,3.89,5.65,50,25,17,14,50,3.3,4,9,150,25,16,14,50,1.58,4.2,14.6,49,49,18,14,0.9556,24.223996,86.86,20.11
Structure 16,1200,1.577,3.89,5.65,50,25,17,14,50,3.3,4,9,150,25,16,14,100,1.58,4.2,14.6,49,49,18,14,0.9783,25.041188,87.41,21.41
Structure 16,1200,1.577,3.89,5.65,50,25,17,14,50,3.3,4,9,150,25,16,14,150,1.58,4.2,14.6,49,49,18,14,0.9899,25.285329,87.59,21.92
Structure 16,1200,1.577,3.89,5.65,50,25,17,14,50,3.3,4,9,150,25,16,14,250,1.58,4.2,14.6,49,49,18,14,1.0043,25.49217,87.64,22.44
Structure 16,1200,1.577,3.89,5.65,50,25,17,14,50,3.3,4,9,150,25,16,14,300,1.58,4.2,14.6,49,49,18,14,1.0092,25.551152,87.64,22.6
Structure 16,1200,1.577,3.89,5.65,50,25,17,14,50,3.3,4,9,150,25,16,14,350,1.58,4.2,14.6,49,49,18,14,1.0134,25.597399,87.62,22.73
Structure 16,1200,1.577,3.89,5.65,50,25,17,14,50,3.3,4,9,150,25,16,14,400,1.58,4.2,14.6,49,49,18,14,1.0171,25.635478,87.59,22.84
Structure 16,1200,1.577,3.89,5.65,50,25,17,14,50,3.3,4,9,150,25,16,14,450,1.58,4.2,14.6,49,49,18,14,1.0203,25.66791,87.55,22.93
Structure 16,1200,1.577,3.89,5.65,50,25,17,14,50,3.3,4,9,150,25,16,14,500,1.58,4.2,14.6,49,49,18,14,1.0231,25.696212,87.52,23.01
Structure 16,1200,1.577,3.89,5.65,50,25,17,14,50,3.3,4,9,150,25,16,14,500,1.58,4.2,14.6,49,49,14,14,0.6515,22.199976,77.96,11.28
Structure 16,1200,1.577,3.89,5.65,50,25,17,14,50,3.3,4,9,150,25,16,14,500,1.58,4.2,14.6,49,49,15,14,0.7037,22.028142,81.57,12.64
Structure 16,1200,1.577,3.89,5.65,50,25,17,14,50,3.3,4,9,150,25,16,14,500,1.58,4.2,14.6,49,49,16,14,0.8845,22.450967,85.29,16.94
Structure 16,1200,1.577,3.89,5.65,50,25,17,14,50,3.3,4,9,150,25,16,14,500,1.58,4.2,14.6,49,49,17,14,0.9471,24.755432,86.96,20.39
Structure 16,1200,1.577,3.89,5.65,50,25,17,14,50,3.3,4,9,150,25,16,14,500,1.58,4.2,14.6,49,49,18,15,1.0233,25.664679,87.3,22.93
Structure 16,1200,1.577,3.89,5.65,50,25,17,14,50,3.3,4,9,150,25,16,14,500,1.58,4.2,14.6,49,49,18,16,1.0248,25.390857,85.58,22.27
Structure 16,1200,1.577,3.89,5.65,50,25,17,14,50,3.3,4,9,150,25,16,14,500,1.58,4.2,14.6,49,49,18,17,1.0415,24.437313,80.54,20.5
Structure 16,1000,1.577,3.89,5.65,50,25,17,14,50,3.3,4,9,150,25,16,14,500,1.58,4.2,14.6,49,49,18,14,1.0228,25.513283,87.62,22.87
Structure 16,1100,1.577,3.89,5.65,50,25,17,14,50,3.3,4,9,150,25,16,14,500,1.58,4.2,14.6,49,49,18,14,1.023,25.61432,87.57,22.95
Structure 16,500,1.577,3.89,5.65,50,25,17,14,50,3.3,4,9,150,25,16,14,500,1.58,4.2,14.6,49,49,18,14,1.0217,24.341409,87.91,21.86
Structure 23,1000,1.528,4.16,5.28,25,20,17,14,30,2.1,4.65,13.5,400,210,16,14,100,2.2,3.4,8,100,150,19,14,1.1854,0.090827742,61.66,0.07
Structure 23,1000,1.528,4.16,5.28,25,20,17,14,100,2.1,4.65,13.5,400,210,16,14,100,2.2,3.4,8,100,150,19,14,1.1896,0.09667797,61.64,0.07
Structure 23,1000,1.528,4.16,5.28,25,20,14,14,100,2.1,4.65,13.5,400,210,16,14,100,2.2,3.4,8,100,150,19,14,1.1638,0.089797534,62.06,0.06
Structure 23,1000,1.528,4.16,5.28,25,20,19,14,100,2.1,4.65,13.5,400,210,16,14,100,2.2,3.4,8,100,150,19,14,1.1981,0.090945723,61.47,0.07
Structure 23,1000,1.528,4.16,5.28,25,20,14,19,100,2.1,4.65,13.5,400,210,16,14,100,2.2,3.4,8,100,150,19,14,1.0532,0.086232785,63.88,0.06
Structure 23,1000,1.528,4.16,5.28,25,20,14,17,100,2.1,4.65,13.5,400,210,16,14,100,2.2,3.4,8,100,150,19,14,1.0569,0.086343452,63.82,0.06
Structure 23,1000,1.528,4.16,5.28,25,20,14,17,100,2.1,4.65,13.5,400,210,14,14,100,2.2,3.4,8,100,150,19,14,1.1645,0.089767377,62.06,0.06
Structure 23,1000,1.528,4.16,5.28,25,20,14,17,100,2.1,4.65,13.5,400,210,19,14,100,2.2,3.4,8,100,150,19,14,1.1016,0.102469136,61.66,0.07
Structure 23,1000,1.528,4.16,5.28,25,20,14,17,100,2.1,4.65,13.5,400,210,19,16,100,2.2,3.4,8,100,150,19,14,1.1015,0.102468163,61.66,0.07
Structure 23,1000,1.528,4.16,5.28,25,20,14,17,100,2.1,4.65,13.5,400,210,14,17,100,2.2,3.4,8,100,150,19,14,1.1643,0.089781451,62.04,0.06
Structure 23,1000,1.528,4.16,5.28,25,20,14,17,100,2.1,4.65,13.5,400,210,19,14,100,2.2,3.4,8,100,150,14,14,1.1019,0.102480029,61.65,0.07
Structure 23,1000,1.528,4.16,5.28,25,20,14,17,100,2.1,4.65,13.5,400,210,19,14,100,2.2,3.4,8,100,150,19,19,1.1016,0.102468377,61.66,0.07
Structure 24,1000,1.528,4.16,5.28,25,20,17,14,50,2.24,4.24,10,50,50,17,14,100,3.8,1.46,11.7,2.8,12,18,14,1.0809,24.683146,83.71,22.33
Structure 24,1000,1.528,4.16,5.28,25,20,16,14,50,2.24,4.24,10,50,50,17,14,100,3.8,1.46,11.7,2.8,12,18,14,1.0625,26.621653,81.33,23
Structure 24,1000,1.528,4.16,5.28,25,20,18,14,50,2.24,4.24,10,50,50,17,14,100,3.8,1.46,11.7,2.8,12,18,14,1.1129,22.438026,87.68,21.9
Structure 24,1000,1.528,4.16,5.28,25,20,19,14,50,2.24,4.24,10,50,50,17,14,100,3.8,1.46,11.7,2.8,12,18,14,1.1709,22.081062,89.34,23.1
Structure 24,1000,1.528,4.16,5.28,25,20,19,15,50,2.24,4.24,10,50,50,17,14,100,3.8,1.46,11.7,2.8,12,18,14,1.1696,21.962217,89.32,22.94
Structure 24,1000,1.528,4.16,5.28,25,20,19,16,50,2.24,4.24,10,50,50,17,14,100,3.8,1.46,11.7,2.8,12,18,14,1.1602,20.921099,89.12,21.63
Structure 24,1000,1.528,4.16,5.28,25,20,19,17,50,2.24,4.24,10,50,50,17,14,100,3.8,1.46,11.7,2.8,12,18,14,1.1281,16.215723,88.55,16.2
Structure 24,1000,1.528,4.16,5.28,25,20,19,14,100,2.24,4.24,10,50,50,17,14,100,3.8,1.46,11.7,2.8,12,18,14,1.1711,22.221637,89.39,23.26
Structure 24,1000,1.528,4.16,5.28,25,20,19,14,200,2.24,4.24,10,50,50,17,14,100,3.8,1.46,11.7,2.8,12,18,14,1.1713,22.445966,89.42,23.51
Structure 24,1000,1.528,4.16,5.28,25,20,19,14,300,2.24,4.24,10,50,50,17,14,100,3.8,1.46,11.7,2.8,12,18,14,1.1715,22.598313,89.43,23.68
Structure 24,1000,1.528,4.16,5.28,25,20,19,14,400,2.24,4.24,10,50,50,17,14,100,3.8,1.46,11.7,2.8,12,18,14,1.1716,22.703259,89.43,23.79
Structure 24,1000,1.528,4.16,5.28,25,20,19,14,500,2.24,4.24,10,50,50,17,14,100,3.8,1.46,11.7,2.8,12,18,14,1.1717,22.777117,89.44,23.87
Structure 24,1000,1.528,4.16,5.28,25,20,19,14,500,2.24,4.24,10,50,50,14,14,100,3.8,1.46,11.7,2.8,12,18,14,1.1719,22.717268,89.17,23.74
Structure 24,1000,1.528,4.16,5.28,25,20,19,14,500,2.24,4.24,10,50,50,15,14,100,3.8,1.46,11.7,2.8,12,18,14,1.1718,22.720659,89.31,23.78
Structure 24,1000,1.528,4.16,5.28,25,20,19,14,500,2.24,4.24,10,50,50,16,14,100,3.8,1.46,11.7,2.8,12,18,14,1.1717,22.74038,89.45,23.83
Structure 24,1000,1.528,4.16,5.28,25,20,19,14,500,2.24,4.24,10,50,50,18,14,100,3.8,1.46,11.7,2.8,12,18,14,1.1717,22.816644,89.44,23.91
Structure 24,1000,1.528,4.16,5.28,25,20,19,14,500,2.24,4.24,10,50,50,19,14,100,3.8,1.46,11.7,2.8,12,18,14,1.1716,22.86712,89.31,23.93
Structure 24,1000,1.528,4.16,5.28,25,20,19,14,500,2.24,4.24,10,50,50,19,15,100,3.8,1.46,11.7,2.8,12,18,14,1.1715,22.811795,89.31,23.87
Structure 24,1000,1.528,4.16,5.28,25,20,19,14,500,2.24,4.24,10,50,50,19,16,100,3.8,1.46,11.7,2.8,12,18,14,1.1709,22.297355,89.27,23.31
Structure 24,1000,1.528,4.16,5.28,25,20,19,14,500,2.24,4.24,10,50,50,19,17,100,3.8,1.46,11.7,2.8,12,18,14,1.1673,19.360093,89.06,20.13
Structure 24,1000,1.528,4.16,5.28,25,20,19,14,500,2.24,4.24,10,50,50,19,18,100,3.8,1.46,11.7,2.8,12,18,14,1.1624,15.775583,88.96,16.31
Structure 24,1000,1.528,4.16,5.28,25,20,19,14,500,2.24,4.24,10,50,50,19,19,100,3.8,1.46,11.7,2.8,12,18,14,1.1612,14.978192,88.98,15.48
Structure 24,1000,1.528,4.16,5.28,25,20,19,14,500,2.24,4.24,10,50,50,19,14,50,3.8,1.46,11.7,2.8,12,18,14,1.1716,22.867144,89.31,23.93
Structure 24,1000,1.528,4.16,5.28,25,20,19,14,500,2.24,4.24,10,50,50,19,14,200,3.8,1.46,11.7,2.8,12,18,14,1.1716,22.867092,89.31,23.93
Structure 24,1000,1.528,4.16,5.28,25,20,19,14,500,2.24,4.24,10,50,50,19,14,300,3.8,1.46,11.7,2.8,12,18,14,1.1716,22.867075,89.31,23.93
Structure 24,1000,1.528,4.16,5.28,25,20,19,14,500,2.24,4.24,10,50,50,19,14,400,3.8,1.46,11.7,2.8,12,18,14,1.1716,22.867062,89.31,23.93
Structure 24,1000,1.528,4.16,5.28,25,20,19,14,500,2.24,4.24,10,50,50,19,14,500,3.8,1.46,11.7,2.8,12,18,14,1.1716,22.867052,89.31,23.93
Structure 24,1000,1.528,4.16,5.28,25,20,19,14,500,2.24,4.24,10,50,50,19,14,50,3.8,1.46,11.7,2.8,12,14,14,1.1714,22.861675,89.31,23.92
Structure 24,1000,1.528,4.16,5.28,25,20,19,14,500,2.24,4.24,10,50,50,19,14,50,3.8,1.46,11.7,2.8,12,19,14,1.1721,22.896399,89.32,23.97
Structure 24,1000,1.528,4.16,5.28,25,20,19,14,500,2.24,4.24,10,50,50,19,14,50,3.8,1.46,11.7,2.8,12,17,14,1.1715,22.862379,89.31,23.92
Structure 24,1000,1.528,4.16,5.28,25,20,19,14,500,2.24,4.24,10,50,50,19,14,50,3.8,1.46,11.7,2.8,12,16,14,1.1714,22.861749,89.31,23.92
Structure 24,1000,1.528,4.16,5.28,25,20,19,14,500,2.24,4.24,10,50,50,19,14,50,3.8,1.46,11.7,2.8,12,15,14,1.1714,22.861682,89.31,23.92
Structure 24,800,1.528,4.16,5.28,25,20,19,14,500,2.24,4.24,10,50,50,19,14,50,3.8,1.46,11.7,2.8,12,19,14,1.1656,21.990117,89.23,22.87
Structure 24,1200,1.528,4.16,5.28,25,20,19,14,500,2.24,4.24,10,50,50,19,14,50,3.8,1.46,11.7,2.8,12,19,14,1.1776,23.560392,89.37,24.8
Structure 24,1000,1.528,4.16,5.28,25,20,19,14,500,2.24,4.24,10,50,50,19,14,50,3.8,1.46,11.7,2.8,12,19,15,1.1721,22.896399,89.32,23.97
Structure 24,1000,1.528,4.16,5.28,25,20,19,14,500,2.24,4.24,10,50,50,19,14,50,3.8,1.46,11.7,2.8,12,19,19,1.1721,22.896399,89.32,23.97
Structure 24,1000,1.528,4.16,5.28,25,20,19,14,500,2.24,4.24,10,50,50,19,14,50,3.8,1.46,11.7,2.8,12,19,17,1.1721,22.896399,89.32,23.97
Structure 24,1000,1.528,4.16,5.28,25,20,19,14,500,2.24,4.24,10,50,50,19,14,50,3.8,1.46,11.7,2.8,12,19,18,1.1721,22.896399,89.32,23.97
Structure 24,1000,1.528,4.16,5.28,25,20,19,14,500,2.24,4.24,10,50,50,19,14,50,3.8,1.46,11.7,2.8,12,19,16,1.1721,22.896399,89.32,23.97
Structure 24,1200,1.528,4.16,5.28,25,20,19,14,50,2.24,4.24,10,50,50,19,14,50,3.8,1.46,11.7,2.8,12,19,14,1.1769,23.005516,89.3,24.18
Structure 24,200,1.528,4.16,5.28,25,20,19,14,50,2.24,4.24,10,50,50,19,14,50,3.8,1.46,11.7,2.8,12,19,14,1.1186,12.753144,88.02,12.56
Structure 3,1000,1.522,4.22,4.78,25,20,17,14,50,2,3.9,3.9,0.2,0.2,19,14,100,1.9,3.6,5.4,30,10,19,19,1.1612,26.791676,27.57,27.57
Structure 3,100,1.522,4.22,4.78,25,20,17,14,50,2,3.9,3.9,0.2,0.2,19,14,100,1.9,3.6,5.4,30,10,19,19,1.1999,13.676271,86.4,14.18
Structure 3,50,1.522,4.22,4.78,25,20,17,14,50,2,3.9,3.9,0.2,0.2,19,14,100,1.9,3.6,5.4,30,10,19,19,1.2073,9.762018,83.58,9.85
Structure 3,150,1.522,4.22,4.78,25,20,17,14,50,2,3.9,3.9,0.2,0.2,19,14,100,1.9,3.6,5.4,30,10,19,19,1.1957,16.602901,87.05,17.28
Structure 3,200,1.522,4.22,4.78,25,20,17,14,50,2,3.9,3.9,0.2,0.2,19,14,100,1.9,3.6,5.4,30,10,19,19,1.1921,18.805138,87.43,19.6
Structure 3,250,1.522,4.22,4.78,25,20,17,14,50,2,3.9,3.9,0.2,0.2,19,14,100,1.9,3.6,5.4,30,10,19,19,1.1889,20.481656,87.69,21.35
Structure 3,300,1.522,4.22,4.78,25,20,17,14,50,2,3.9,3.9,0.2,0.2,19,14,100,1.9,3.6,5.4,30,10,19,19,1.1861,21.773543,87.87,22.69
Structure 3,350,1.522,4.22,4.78,25,20,17,14,50,2,3.9,3.9,0.2,0.2,19,14,100,1.9,3.6,5.4,30,10,19,19,1.1835,22.780964,88.01,23.73
Structure 3,400,1.522,4.22,4.78,25,20,17,14,50,2,3.9,3.9,0.2,0.2,19,14,100,1.9,3.6,5.4,30,10,19,19,1.1811,23.575102,88.11,24.53
Structure 3,500,1.522,4.22,4.78,25,20,17,14,50,2,3.9,3.9,0.2,0.2,19,14,100,1.9,3.6,5.4,30,10,19,19,1.1766,24.716664,88.28,25.67
Structure 3,550,1.522,4.22,4.78,25,20,17,14,50,2,3.9,3.9,0.2,0.2,19,14,100,1.9,3.6,5.4,30,10,19,19,1.1745,25.130302,88.35,26.08
Structure 3,600,1.522,4.22,4.78,25,20,17,14,50,2,3.9,3.9,0.2,0.2,19,14,100,1.9,3.6,5.4,30,10,19,19,1.1726,25.468764,88.4,26.4
Structure 3,700,1.522,4.22,4.78,25,20,17,14,50,2,3.9,3.9,0.2,0.2,19,14,100,1.9,3.6,5.4,30,10,19,19,1.1691,25.981515,88.48,26.88
Structure 3,750,1.522,4.22,4.78,25,20,17,14,50,2,3.9,3.9,0.2,0.2,19,14,100,1.9,3.6,5.4,30,10,19,19,1.1676,26.176522,88.51,27.05
Structure 3,1000,1.522,4.22,4.78,25,20,17,14,50,2,3.9,3.9,0.2,0.2,19,14,100,1.9,3.6,5.4,30,10,19,19,1.1612,26.791676,88.6,27.57
Structure 3,1100,1.522,4.22,4.78,25,20,17,14,50,2,3.9,3.9,0.2,0.2,19,14,100,1.9,3.6,5.4,30,10,19,19,1.159,26.934285,88.63,27.67
Structure 3,1200,1.522,4.22,4.78,25,20,17,14,50,2,3.9,3.9,0.2,0.2,19,14,100,1.9,3.6,5.4,30,10,19,19,1.1567,27.044077,88.67,27.74
Structure 3,1500,1.522,4.22,4.78,25,20,17,14,50,2,3.9,3.9,0.2,0.2,19,14,100,1.9,3.6,5.4,30,10,19,19,1.1511,27.245839,88.73,27.83
Structure 3,900,1.522,4.22,4.78,25,20,17,14,50,2,3.9,3.9,0.2,0.2,19,14,100,1.9,3.6,5.4,30,10,19,19,1.1636,26.600373,88.58,27.42
Structure 3,800,1.522,4.22,4.78,25,20,17,14,50,2,3.9,3.9,0.2,0.2,19,14,100,1.9,3.6,5.4,30,10,19,19,1.1662,26.341685,88.54,27.2
Structure 3,950,1.522,4.22,4.78,25,20,17,14,50,2,3.9,3.9,0.2,0.2,19,14,100,1.9,3.6,5.4,30,10,19,19,1.1624,26.703575,88.59,27.5
Structure 3,850,1.522,4.22,4.78,25,20,17,14,50,2,3.9,3.9,0.2,0.2,19,14,100,1.9,3.6,5.4,30,10,19,19,1.1648,26.481264,88.56,27.32
Structure 3,900,1.522,4.22,4.78,25,20,17,14,50,2,3.9,3.9,0.2,0.2,19,14,100,1.9,3.6,5.4,30,10,19,19,1.1636,26.600373,88.58,27.42
Structure 3,900,1.522,4.22,4.78,25,20,14,14,50,2,3.9,3.9,0.2,0.2,19,14,100,1.9,3.6,5.4,30,10,19,19,1.1007,26.626492,82.19,24.09
Structure 3,900,1.522,4.22,4.78,25,20,15,14,50,2,3.9,3.9,0.2,0.2,19,14,100,1.9,3.6,5.4,30,10,19,19,1.1008,26.625973,83.83,24.57
Structure 3,900,1.522,4.22,4.78,25,20,16,14,50,2,3.9,3.9,0.2,0.2,19,14,100,1.9,3.6,5.4,30,10,19,19,1.1144,26.621665,87.33,25.91
Structure 3,900,1.522,4.22,4.78,25,20,17,14,50,2,3.9,3.9,0.2,0.2,19,14,100,1.9,3.6,5.4,30,10,19,19,1.1636,26.600373,88.58,27.42
Structure 3,900,1.522,4.22,4.78,25,20,18,14,50,2,3.9,3.9,0.2,0.2,19,14,100,1.9,3.6,5.4,30,10,19,19,1.2443,26.578478,87.5,28.94
Structure 3,800,1.522,4.22,4.78,25,20,18,14,50,2,3.9,3.9,0.2,0.2,19,14,100,1.9,3.6,5.4,30,10,19,19,1.2518,26.320644,87.12,28.7
Structure 3,700,1.522,4.22,4.78,25,20,18,14,50,2,3.9,3.9,0.2,0.2,19,14,100,1.9,3.6,5.4,30,10,19,19,1.2607,25.96219,86.65,28.36
Structure 3,700,1.522,4.22,4.78,25,20,18,14,50,2,3.9,3.9,0.2,0.2,19,14,100,1.9,3.6,5.4,30,10,19,19,1.2607,25.96219,86.65,28.36
Structure 3,600,1.522,4.22,4.78,25,20,18,14,50,2,3.9,3.9,0.2,0.2,19,14,100,1.9,3.6,5.4,30,10,19,19,1.2713,25.450809,86.07,27.85
Structure 3,800,1.522,4.22,4.78,25,20,18,14,50,2,3.9,3.9,0.2,0.2,19,14,100,1.9,3.6,5.4,30,10,19,19,1.2518,26.320644,87.12,28.7
Structure 3,800,1.522,4.22,4.78,25,20,18,15,50,2,3.9,3.9,0.2,0.2,19,14,100,1.9,3.6,5.4,30,10,19,19,1.1614,25.818701,87.93,26.37
Structure 3,800,1.522,4.22,4.78,25,20,18,16,50,2,3.9,3.9,0.2,0.2,19,14,100,1.9,3.6,5.4,30,10,19,19,1.0956,22.910053,85.16,21.37
Structure 3,800,1.522,4.22,4.78,25,20,18,17,50,2,3.9,3.9,0.2,0.2,19,14,100,1.9,3.6,5.4,30,10,19,19,1.0165,17.931259,79.96,14.57
Structure 3,800,1.522,4.22,4.78,25,20,18,18,50,2,3.9,3.9,0.2,0.2,19,14,100,1.9,3.6,5.4,30,10,19,19,0.8935,12.492416,75.38,8.41
Structure 3,800,1.522,4.22,4.78,25,20,18,19,50,2,3.9,3.9,0.2,0.2,19,14,100,1.9,3.6,5.4,30,10,19,19,0.7614,8.721277,71.01,4.72
Structure 3,800,1.522,4.22,4.78,25,20,18,14,100,2,3.9,3.9,0.2,0.2,19,14,100,1.9,3.6,5.4,30,10,19,19,1.2517,26.297371,87.12,28.68
Structure 3,800,1.522,4.22,4.78,25,20,18,14,150,2,3.9,3.9,0.2,0.2,19,14,100,1.9,3.6,5.4,30,10,19,19,1.2515,26.232256,87.13,28.6
Structure 3,800,1.522,4.22,4.78,25,20,18,14,200,2,3.9,3.9,0.2,0.2,19,14,100,1.9,3.6,5.4,30,10,19,19,1.2511,26.115773,87.14,28.47
Structure 3,800,1.522,4.22,4.78,25,20,18,14,250,2,3.9,3.9,0.2,0.2,19,14,100,1.9,3.6,5.4,30,10,19,19,1.2505,25.943852,87.17,28.28
Structure 3,800,1.522,4.22,4.78,25,20,18,14,300,2,3.9,3.9,0.2,0.2,19,14,100,1.9,3.6,5.4,30,10,19,19,1.2497,25.716425,87.2,28.02
Structure 3,800,1.522,4.22,4.78,25,20,18,14,350,2,3.9,3.9,0.2,0.2,19,14,100,1.9,3.6,5.4,30,10,19,19,1.2487,25.436306,87.24,27.71
Structure 3,800,1.522,4.22,4.78,25,20,18,14,450,2,3.9,3.9,0.2,0.2,19,14,100,1.9,3.6,5.4,30,10,19,19,1.2463,24.738409,87.34,26.93
Structure 3,800,1.522,4.22,4.78,25,20,18,14,50,2,3.9,3.9,0.2,0.2,14,14,100,1.9,3.6,5.4,30,10,19,19,1.2878,21.32125,33.33,9.15
Structure 3,800,1.522,4.22,4.78,25,20,18,14,50,2,3.9,3.9,0.2,0.2,15,14,100,1.9,3.6,5.4,30,10,19,19,1.2874,21.413697,33.47,9.23
Structure 3,800,1.522,4.22,4.78,25,20,18,14,50,2,3.9,3.9,0.2,0.2,16,14,100,1.9,3.6,5.4,30,10,19,19,1.2829,22.27726,34.94,9.99
Structure 3,800,1.522,4.22,4.78,25,20,18,14,50,2,3.9,3.9,0.2,0.2,17,14,100,1.9,3.6,5.4,30,10,19,19,1.2594,25.952335,54.73,17.89
Structure 3,800,1.522,4.22,4.78,25,20,18,14,50,2,3.9,3.9,0.2,0.2,18,14,100,1.9,3.6,5.4,30,10,19,19,1.2514,26.326691,87.03,28.67
Structure 3,800,1.522,4.22,4.78,25,20,18,14,50,2,3.9,3.9,0.2,0.2,19,14,100,1.9,3.6,5.4,30,10,19,19,1.2518,26.320644,87.12,28.7
Structure 3,800,1.522,4.22,4.78,25,20,18,14,50,2,3.9,3.9,0.2,0.2,19,15,100,1.9,3.6,5.4,30,10,19,19,1.2516,26.283735,87.12,28.66
Structure 3,800,1.522,4.22,4.78,25,20,18,14,50,2,3.9,3.9,0.2,0.2,19,16,100,1.9,3.6,5.4,30,10,19,19,1.2505,25.968628,87.15,28.3
Structure 3,800,1.522,4.22,4.78,25,20,18,14,50,2,3.9,3.9,0.2,0.2,19,17,100,1.9,3.6,5.4,30,10,19,19,1.246,24.783603,87.29,26.96
Structure 3,800,1.522,4.22,4.78,25,20,18,14,50,2,3.9,3.9,0.2,0.2,19,19,100,1.9,3.6,5.4,30,10,19,19,1.219,23.596452,88.49,25.45
Structure 3,800,1.522,4.22,4.78,25,20,18,14,50,2,3.9,3.9,0.2,0.2,19,19,500,1.9,3.6,5.4,30,10,19,19,1.2518,26.320887,87.12,28.7
Structure 3,800,1.522,4.22,4.78,25,20,18,14,50,2,3.9,3.9,0.2,0.2,19,19,50,1.9,3.6,5.4,30,10,19,19,1.2518,26.319431,87.12,28.7
Structure 3,800,1.522,4.22,4.78,25,20,18,14,50,2,3.9,3.9,0.2,0.2,19,19,200,1.9,3.6,5.4,30,10,19,19,1.2518,26.320881,87.12,28.7
Structure 3,800,1.522,4.22,4.78,25,20,18,14,50,2,3.9,3.9,0.2,0.2,19,19,300,1.9,3.6,5.4,30,10,19,19,1.2518,26.320887,87.12,28.7
Structure 3,800,1.522,4.22,4.78,25,20,18,14,50,2,3.9,3.9,0.2,0.2,19,19,400,1.9,3.6,5.4,30,10,19,19,1.2518,26.320887,87.12,28.7
Structure 3,800,1.522,4.22,4.78,25,20,18,14,50,2,3.9,3.9,0.2,0.2,19,19,100,1.9,3.6,5.4,30,10,14,19,1.2386,26.295103,87.39,28.46
Structure 3,800,1.522,4.22,4.78,25,20,18,14,50,2,3.9,3.9,0.2,0.2,19,19,100,1.9,3.6,5.4,30,10,15,19,1.2387,26.295134,87.39,28.46
Structure 3,800,1.522,4.22,4.78,25,20,18,14,50,2,3.9,3.9,0.2,0.2,19,19,100,1.9,3.6,5.4,30,10,16,19,1.2397,26.295423,87.4,28.49
Structure 3,800,1.522,4.22,4.78,25,20,18,14,50,2,3.9,3.9,0.2,0.2,19,19,100,1.9,3.6,5.4,30,10,17,19,1.2421,26.297421,87.41,28.55
Structure 3,800,1.522,4.22,4.78,25,20,18,14,50,2,3.9,3.9,0.2,0.2,19,19,100,1.9,3.6,5.4,30,10,18,19,1.2448,26.304929,87.38,28.61
Structure 3,800,1.522,4.22,4.78,25,20,18,14,50,2,3.9,3.9,0.2,0.2,19,19,100,1.9,3.6,5.4,30,10,19,19,1.2518,26.320644,87.12,28.7
Structure 3,800,1.522,4.22,4.78,25,20,18,14,50,2,3.9,3.9,0.2,0.2,19,19,100,1.9,3.6,5.4,30,10,19,14,1.2518,26.324693,87.12,28.71
Structure 3,800,1.522,4.22,4.78,25,20,18,14,50,2,3.9,3.9,0.2,0.2,19,19,100,1.9,3.6,5.4,30,10,19,15,1.2518,26.324692,87.12,28.71
Structure 3,800,1.522,4.22,4.78,25,20,18,14,50,2,3.9,3.9,0.2,0.2,19,19,100,1.9,3.6,5.4,30,10,19,16,1.2518,26.324684,87.12,28.71
Structure 3,800,1.522,4.22,4.78,25,20,18,14,50,2,3.9,3.9,0.2,0.2,19,19,100,1.9,3.6,5.4,30,10,19,17,1.2518,26.324605,87.12,28.71
Structure 3,800,1.522,4.22,4.78,25,20,18,14,50,2,3.9,3.9,0.2,0.2,19,19,100,1.9,3.6,5.4,30,10,19,18,1.2518,26.323897,87.12,28.71
Structure 11,600,1.43,4.1,4.8,100,20,17,14,50,1.85,4.26,17.7,50,25,17,14,100,1.9,3.6,5.4,30,10,18,15,1.1315,28.916191,88.88,29.08
Structure 11,600,1.43,4.1,4.8,100,20,17,14,50,2.42,4.3,9.35,100,25,17,14,100,1.04,4.5,13.6,100,25,17,14,0.9478,23.532862,83.69,18.67
Structure 11,100,1.43,4.1,4.8,100,20,17,14,50,2.42,4.3,9.35,100,25,17,14,100,1.04,4.5,13.6,100,25,17,14,0.8757,12.038851,73.06,7.7
Structure 11,200,1.43,4.1,4.8,100,20,17,14,50,2.42,4.3,9.35,100,25,17,14,100,1.04,4.5,13.6,100,25,17,14,0.9063,16.163872,77.97,11.42
Structure 11,300,1.43,4.1,4.8,100,20,17,14,50,2.42,4.3,9.35,100,25,17,14,100,1.04,4.5,13.6,100,25,17,14,0.9228,18.946252,80.45,14.06
Structure 11,400,1.43,4.1,4.8,100,20,17,14,50,2.42,4.3,9.35,100,25,17,14,100,1.04,4.5,13.6,100,25,17,14,0.9334,20.931325,81.97,16.02
Structure 11,500,1.43,4.1,4.8,100,20,17,14,50,2.42,4.3,9.35,100,25,17,14,100,1.04,4.5,13.6,100,25,17,14,0.9418,22.404085,82.93,17.5
Structure 11,700,1.43,4.1,4.8,100,20,17,14,50,2.42,4.3,9.35,100,25,17,14,100,1.04,4.5,13.6,100,25,17,14,0.953,24.421385,84.22,19.6
Structure 11,800,1.43,4.1,4.8,100,20,17,14,50,2.42,4.3,9.35,100,25,17,14,100,1.04,4.5,13.6,100,25,17,14,0.9577,25.137726,84.62,20.37
Structure 11,900,1.43,4.1,4.8,100,20,17,14,50,2.42,4.3,9.35,100,25,17,14,100,1.04,4.5,13.6,100,25,17,14,0.9616,25.726853,84.95,21.02
Structure 11,1000,1.43,4.1,4.8,100,20,17,14,50,2.42,4.3,9.35,100,25,17,14,100,1.04,4.5,13.6,100,25,17,14,0.9647,26.218313,85.26,21.56
Structure 11,1100,1.43,4.1,4.8,100,20,17,14,50,2.42,4.3,9.35,100,25,17,14,100,1.04,4.5,13.6,100,25,17,14,0.9676,26.63494,85.51,22.04
Structure 11,1200,1.43,4.1,4.8,100,20,17,14,50,2.42,4.3,9.35,100,25,17,14,100,1.04,4.5,13.6,100,25,17,14,0.9702,26.993496,85.71,22.45
Structure 11,1200,1.43,4.1,4.8,100,20,14,14,50,2.42,4.3,9.35,100,25,17,14,100,1.04,4.5,13.6,100,25,17,14,0.8483,30.670422,85.83,22.33
Structure 11,1200,1.43,4.1,4.8,100,20,15,14,50,2.42,4.3,9.35,100,25,17,14,100,1.04,4.5,13.6,100,25,17,14,0.8651,30.440108,83.9,22.09
Structure 11,1200,1.43,4.1,4.8,100,20,16,14,50,2.42,4.3,9.35,100,25,17,14,100,1.04,4.5,13.6,100,25,17,14,0.9119,28.703832,83.16,21.77
Structure 11,1200,1.43,4.1,4.8,100,20,18,14,50,2.42,4.3,9.35,100,25,17,14,100,1.04,4.5,13.6,100,25,17,14,1.0298,26.149777,87.88,23.67
Structure 11,1200,1.43,4.1,4.8,100,20,18,15,50,2.42,4.3,9.35,100,25,17,14,100,1.04,4.5,13.6,100,25,17,14,1.0294,26.108376,87.86,23.62
Structure 11,1200,1.43,4.1,4.8,100,20,18,18,50,2.42,4.3,9.35,100,25,17,14,100,1.04,4.5,13.6,100,25,17,14,0.9668,16.036337,84.3,13.07
Structure 11,1200,1.43,4.1,4.8,100,20,18,19,50,2.42,4.3,9.35,100,25,17,14,100,1.04,4.5,13.6,100,25,17,14,0.9172,9.252558,79.22,6.72
Structure 11,1200,1.43,4.1,4.8,100,20,18,14,100,2.42,4.3,9.35,100,25,17,14,100,1.04,4.5,13.6,100,25,17,14,1.0299,26.194495,87.97,23.73
Structure 11,1200,1.43,4.1,4.8,100,20,18,14,150,2.42,4.3,9.35,100,25,17,14,100,1.04,4.5,13.6,100,25,17,14,1.03,26.249776,88,23.79
Structure 11,1200,1.43,4.1,4.8,100,20,18,14,200,2.42,4.3,9.35,100,25,17,14,100,1.04,4.5,13.6,100,25,17,14,1.03,26.297204,88.01,23.84
Structure 11,1200,1.43,4.1,4.8,100,20,18,14,250,2.42,4.3,9.35,100,25,17,14,100,1.04,4.5,13.6,100,25,17,14,1.0301,26.336493,88.02,23.88
Structure 11,1200,1.43,4.1,4.8,100,20,18,14,300,2.42,4.3,9.35,100,25,17,14,100,1.04,4.5,13.6,100,25,17,14,1.0301,26.369138,88.03,23.91
Structure 11,1200,1.43,4.1,4.8,100,20,18,14,350,2.42,4.3,9.35,100,25,17,14,100,1.04,4.5,13.6,100,25,17,14,1.0301,26.39632,88.03,23.94
Structure 11,1200,1.43,4.1,4.8,100,20,18,14,400,2.42,4.3,9.35,100,25,17,14,100,1.04,4.5,13.6,100,25,17,14,1.0301,26.418991,88.04,23.96
Structure 11,1200,1.43,4.1,4.8,100,20,18,14,450,2.42,4.3,9.35,100,25,17,14,100,1.04,4.5,13.6,100,25,17,14,1.0302,26.43792,88.04,23.98
Structure 11,1200,1.43,4.1,4.8,100,20,18,14,450,2.42,4.3,9.35,100,25,14,14,100,1.04,4.5,13.6,100,25,17,14,1.0302,26.249358,88.27,23.87
Structure 11,1200,1.43,4.1,4.8,100,20,18,14,450,2.42,4.3,9.35,100,25,16,14,100,1.04,4.5,13.6,100,25,17,14,1.0302,26.314315,88.18,23.9
Structure 11,1200,1.43,4.1,4.8,100,20,18,14,450,2.42,4.3,9.35,100,25,17,14,100,1.04,4.5,13.6,100,25,17,14,1.0302,26.43792,88.04,23.98
Structure 11,1200,1.43,4.1,4.8,100,20,18,14,450,2.42,4.3,9.35,100,25,18,14,100,1.04,4.5,13.6,100,25,17,14,1.0301,26.599438,87.82,24.06
Structure 11,1200,1.43,4.1,4.8,100,20,18,14,450,2.42,4.3,9.35,100,25,19,14,100,1.04,4.5,13.6,100,25,17,14,1.0301,26.668429,87.77,24.11
Structure 11,1200,1.43,4.1,4.8,100,20,18,14,450,2.42,4.3,9.35,100,25,19,14,50,1.04,4.5,13.6,100,25,17,14,1.0306,26.663583,87.77,24.12
Structure 11,1200,1.43,4.1,4.8,100,20,18,14,450,2.42,4.3,9.35,100,25,19,14,150,1.04,4.5,13.6,100,25,17,14,1.0299,26.668596,87.77,24.11
Structure 11,1200,1.43,4.1,4.8,100,20,18,14,450,2.42,4.3,9.35,100,25,19,14,200,1.04,4.5,13.6,100,25,17,14,1.0297,26.668575,87.77,24.1
Structure 11,1200,1.43,4.1,4.8,100,20,18,14,450,2.42,4.3,9.35,100,25,19,14,250,1.04,4.5,13.6,100,25,17,14,1.0296,26.668555,87.77,24.1
Structure 11,1200,1.43,4.1,4.8,100,20,18,14,450,2.42,4.3,9.35,100,25,19,14,300,1.04,4.5,13.6,100,25,17,14,1.0295,26.668538,87.77,24.1
Structure 11,1200,1.43,4.1,4.8,100,20,18,14,450,2.42,4.3,9.35,100,25,19,14,350,1.04,4.5,13.6,100,25,17,14,1.0294,26.668524,87.77,24.09
Structure 11,1200,1.43,4.1,4.8,100,20,18,14,450,2.42,4.3,9.35,100,25,19,14,400,1.04,4.5,13.6,100,25,17,14,1.0294,26.668513,87.77,24.09
Structure 11,1200,1.43,4.1,4.8,100,20,18,14,450,2.42,4.3,9.35,100,25,19,14,450,1.04,4.5,13.6,100,25,17,14,1.0293,26.668504,87.76,24.09
Structure 11,1200,1.43,4.1,4.8,100,20,18,14,450,2.42,4.3,9.35,100,25,19,14,500,1.04,4.5,13.6,100,25,17,14,1.0293,26.668497,87.76,24.09
Structure 11,1200,1.43,4.1,4.8,100,20,18,14,450,2.42,4.3,9.35,100,25,19,14,50,1.04,4.5,13.6,100,25,17,14,1.0292,26.657401,87.76,24.08
Structure 11,1200,1.43,4.1,4.8,100,20,18,14,450,2.42,4.3,9.35,100,25,19,14,50,1.04,4.5,13.6,100,25,14,14,1.0292,26.657401,87.76,24.08
Structure 11,1200,1.43,4.1,4.8,100,20,18,14,450,2.42,4.3,9.35,100,25,19,14,50,1.04,4.5,13.6,100,25,15,14,1.0292,26.657462,87.76,24.08
Structure 11,1200,1.43,4.1,4.8,100,20,18,14,450,2.42,4.3,9.35,100,25,19,14,50,1.04,4.5,13.6,100,25,18,14,1.0327,26.683672,87.79,24.19
Structure 11,1200,1.43,4.1,4.8,100,20,18,14,450,2.42,4.3,9.35,100,25,19,14,50,1.04,4.5,13.6,100,25,18,18,1.0327,26.683673,87.79,24.19
Structure 11,100,1.43,4.1,4.8,100,20,18,14,450,2.42,4.3,9.35,100,25,19,14,50,1.04,4.5,13.6,100,25,18,18,0.9462,12.464514,83.46,9.84
Structure 11,200,1.43,4.1,4.8,100,20,18,14,450,2.42,4.3,9.35,100,25,19,14,50,1.04,4.5,13.6,100,25,18,18,0.9722,16.097245,85.06,13.31
Structure 11,300,1.43,4.1,4.8,100,20,18,14,450,2.42,4.3,9.35,100,25,19,14,50,1.04,4.5,13.6,100,25,18,18,0.9871,18.680224,85.89,15.84
Structure 11,400,1.43,4.1,4.8,100,20,18,14,450,2.42,4.3,9.35,100,25,19,14,50,1.04,4.5,13.6,100,25,18,18,0.9976,20.581532,86.38,17.73
Structure 11,500,1.43,4.1,4.8,100,20,18,14,450,2.42,4.3,9.35,100,25,19,14,50,1.04,4.5,13.6,100,25,18,18,1.0051,22.023702,86.75,19.2
Structure 11,600,1.43,4.1,4.8,100,20,18,14,450,2.42,4.3,9.35,100,25,19,14,50,1.04,4.5,13.6,100,25,18,18,1.0111,23.147125,87.02,20.36
Structure 11,700,1.43,4.1,4.8,100,20,18,14,450,2.42,4.3,9.35,100,25,19,14,50,1.04,4.5,13.6,100,25,18,18,1.0163,24.042835,87.19,21.31
Structure 11,1000,1.43,4.1,4.8,100,20,18,14,450,2.42,4.3,9.35,100,25,19,14,50,1.04,4.5,13.6,100,25,18,18,1.0275,25.880799,87.6,23.29
Structure 11,1100,1.43,4.1,4.8,100,20,18,14,450,2.42,4.3,9.35,100,25,19,14,50,1.04,4.5,13.6,100,25,18,18,1.0303,26.312143,87.7,23.77
Structure 11,100,1.43,4.1,4.8,100,20,14,14,450,2.42,4.3,9.35,100,25,19,14,50,1.04,4.5,13.6,100,25,18,18,0.8669,15.613661,85.92,11.63
Structure 11,1100,1.43,4.1,4.8,100,20,14,14,450,2.42,4.3,9.35,100,25,19,14,50,1.04,4.5,13.6,100,25,18,18,0.8891,30.53704,86.67,23.53
Structure 11,1200,1.43,4.1,4.8,100,20,14,14,450,2.42,4.3,9.35,100,25,19,14,50,1.04,4.5,13.6,100,25,18,18,0.8893,30.675003,86.63,23.63
Structure 11,400,1.43,4.1,4.8,100,20,14,14,450,2.42,4.3,9.35,100,25,19,14,50,1.04,4.5,13.6,100,25,18,18,0.8851,26.686104,86.67,20.47
Structure 11,500,1.43,4.1,4.8,100,20,14,14,450,2.42,4.3,9.35,100,25,19,14,50,1.04,4.5,13.6,100,25,18,18,0.8865,27.978766,86.73,21.51
Structure 11,600,1.43,4.1,4.8,100,20,14,14,450,2.42,4.3,9.35,100,25,19,14,50,1.04,4.5,13.6,100,25,18,18,0.8874,28.832186,86.76,22.2
Structure 11,700,1.43,4.1,4.8,100,20,14,14,450,2.42,4.3,9.35,100,25,19,14,50,1.04,4.5,13.6,100,25,18,18,0.888,29.416758,22.66,22.66
Structure 11,800,1.43,4.1,4.8,100,20,14,14,450,2.42,4.3,9.35,100,25,19,14,50,1.04,4.5,13.6,100,25,18,18,0.8884,29.831161,86.75,22.99
Structure 11,900,1.43,4.1,4.8,100,20,14,14,450,2.42,4.3,9.35,100,25,19,14,50,1.04,4.5,13.6,100,25,18,18,0.8887,30.134125,86.73,23.23
Structure 11,1000,1.43,4.1,4.8,100,20,14,14,450,2.42,4.3,9.35,100,25,19,14,50,1.04,4.5,13.6,100,25,18,18,0.8889,30.361822,86.7,23.4
Structure 11,200,1.43,4.1,4.8,100,20,14,14,450,2.42,4.3,9.35,100,25,19,14,50,1.04,4.5,13.6,100,25,18,18,0.8782,21.312604,86.3,16.15
Structure 11,300,1.43,4.1,4.8,100,20,14,14,450,2.42,4.3,9.35,100,25,19,14,50,1.04,4.5,13.6,100,25,18,18,0.8828,24.650243,86.53,18.83
Structure 11,1200,1.43,4.1,4.8,100,20,14,15,450,2.42,4.3,9.35,100,25,19,14,50,1.04,4.5,13.6,100,25,18,18,0.8809,30.657779,84.45,22.81
Structure 11,1200,1.43,4.1,4.8,100,20,14,16,450,2.42,4.3,9.35,100,25,19,14,50,1.04,4.5,13.6,100,25,18,18,0.8302,30.486241,78.42,19.85
Structure 11,1200,1.43,4.1,4.8,100,20,14,17,450,2.42,4.3,9.35,100,25,19,14,50,1.04,4.5,13.6,100,25,18,18,0.7347,28.838503,62.88,13.32
Structure 11,1200,1.43,4.1,4.8,100,20,14,18,450,2.42,4.3,9.35,100,25,19,14,50,1.04,4.5,13.6,100,25,18,18,0.5864,17.438502,34.39,3.52
Structure 11,1200,1.43,4.1,4.8,100,20,14,19,450,2.42,4.3,9.35,100,25,19,14,50,1.04,4.5,13.6,100,25,18,18,0.4306,2.382238,27.55,0.28
Structure 11,1200,1.43,4.1,4.8,100,20,15,14,450,2.42,4.3,9.35,100,25,19,14,50,1.04,4.5,13.6,100,25,18,18,0.8941,30.619246,86.31,23.63
Structure 11,1200,1.43,4.1,4.8,100,20,15,15,450,2.42,4.3,9.35,100,25,19,14,50,1.04,4.5,13.6,100,25,18,18,0.8897,30.612992,85.61,23.32
Structure 11,1200,1.43,4.1,4.8,100,20,15,16,450,2.42,4.3,9.35,100,25,19,14,50,1.04,4.5,13.6,100,25,18,18,0.8618,30.551011,82.22,21.65
Structure 11,1200,1.43,4.1,4.8,100,20,15,17,450,2.42,4.3,9.35,100,25,19,14,50,1.04,4.5,13.6,100,25,18,18,0.7908,29.978006,75.25,17.84
Structure 11,1200,1.43,4.1,4.8,100,20,15,18,450,2.42,4.3,9.35,100,25,19,14,50,1.04,4.5,13.6,100,25,18,18,0.6841,26.023443,61.24,10.9
Structure 11,1200,1.43,4.1,4.8,100,20,15,19,450,2.42,4.3,9.35,100,25,19,14,50,1.04,4.5,13.6,100,25,18,18,0.5329,10.808122,40.15,2.31
Structure 11,1200,1.43,4.1,4.8,100,20,16,14,450,2.42,4.3,9.35,100,25,19,14,50,1.04,4.5,13.6,100,25,18,18,0.9218,29.316273,84.97,22.96
Structure 11,1200,1.43,4.1,4.8,100,20,16,15,450,2.42,4.3,9.35,100,25,19,14,50,1.04,4.5,13.6,100,25,18,18,0.9205,29.299207,84.63,22.82
Structure 11,1200,1.43,4.1,4.8,100,20,16,16,450,2.42,4.3,9.35,100,25,19,14,50,1.04,4.5,13.6,100,25,18,18,0.9078,29.136934,82.35,21.78
Structure 11,1200,1.43,4.1,4.8,100,20,16,17,450,2.42,4.3,9.35,100,25,19,14,50,1.04,4.5,13.6,100,25,18,18,0.8521,28.041272,76.34,18.24
Structure 11,1200,1.43,4.1,4.8,100,20,16,18,450,2.42,4.3,9.35,100,25,19,14,50,1.04,4.5,13.6,100,25,18,18,0.7487,25.227905,70,13.22
Structure 11,1200,1.43,4.1,4.8,100,20,16,19,450,2.42,4.3,9.35,100,25,19,14,50,1.04,4.5,13.6,100,25,18,18,0.6248,19.71551,60.52,7.46
Structure 11,1200,1.43,4.1,4.8,100,20,17,14,450,2.42,4.3,9.35,100,25,19,14,50,1.04,4.5,13.6,100,25,18,18,0.9741,27.491041,86.22,23.09
Structure 11,1200,1.43,4.1,4.8,100,20,17,15,450,2.42,4.3,9.35,100,25,19,14,50,1.04,4.5,13.6,100,25,18,18,0.9731,27.464717,85.97,22.98
Structure 11,1200,1.43,4.1,4.8,100,20,17,16,450,2.42,4.3,9.35,100,25,19,14,50,1.04,4.5,13.6,100,25,18,18,0.9642,27.212776,84.02,22.05
Structure 11,1200,1.43,4.1,4.8,100,20,17,17,450,2.42,4.3,9.35,100,25,19,14,50,1.04,4.5,13.6,100,25,18,18,0.9137,25.444378,78.5,18.25
Structure 11,1200,1.43,4.1,4.8,100,20,17,18,450,2.42,4.3,9.35,100,25,19,14,50,1.04,4.5,13.6,100,25,18,18,0.8059,21.00521,72.94,12.35
Structure 11,1200,1.43,4.1,4.8,100,20,17,19,450,2.42,4.3,9.35,100,25,19,14,50,1.04,4.5,13.6,100,25,18,18,0.6811,16.524555,67.72,7.62
Structure 11,1200,1.43,4.1,4.8,100,20,18,18,450,2.42,4.3,9.35,100,25,19,14,50,1.04,4.5,13.6,100,25,18,18,0.8662,18.348542,76.43,12.15
Structure 11,1200,1.43,4.1,4.8,100,20,18,19,450,2.42,4.3,9.35,100,25,19,14,50,1.04,4.5,13.6,100,25,18,18,0.735,13.045156,72.31,6.93
Structure 11,1200,1.43,4.1,4.8,100,20,19,19,450,2.42,4.3,9.35,100,25,19,14,50,1.04,4.5,13.6,100,25,18,18,0.8772,11.423598,73.08,7.32
Structure 11,100,1.43,4.1,4.8,100,20,19,19,450,2.42,4.3,9.35,100,25,19,14,50,1.04,4.5,13.6,100,25,18,18,0.8709,10.423524,73.1,6.64
Structure 11,1000,1.43,4.1,4.8,100,20,19,19,450,2.42,4.3,9.35,100,25,19,14,50,1.04,4.5,13.6,100,25,18,18,0.8772,11.422219,73.08,7.32
Structure 11,1000,1.43,4.1,4.8,100,20,19,19,50,2.42,4.3,9.35,100,25,19,14,50,1.04,4.5,13.6,100,25,18,18,0.8591,8.802795,71.91,5.44
Structure 1,800,1.309,4.181,5.93,50,50,17,14,50,2.4,4.2,10,100,25,18,14,100,3.3,2.2,9.77,0.1,0.46,18,15,0.9642,34.059094,87.15,28.62
Structure 1,100,1.309,4.181,5.93,50,50,17,14,50,2.4,4.2,10,100,25,18,14,100,3.3,2.2,9.77,0.1,0.46,18,15,0.9985,16.800472,85.55,14.35
Structure 1,200,1.309,4.181,5.93,50,50,17,14,50,2.4,4.2,10,100,25,18,14,100,3.3,2.2,9.77,0.1,0.46,18,15,0.9916,24.495427,86.4,20.99
Structure 1,300,1.309,4.181,5.93,50,50,17,14,50,2.4,4.2,10,100,25,18,14,100,3.3,2.2,9.77,0.1,0.46,18,15,0.9853,28.576282,86.73,24.42
Structure 1,400,1.309,4.181,5.93,50,50,17,14,50,2.4,4.2,10,100,25,18,14,100,3.3,2.2,9.77,0.1,0.46,18,15,0.98,30.877637,86.89,26.29
Structure 1,500,1.309,4.181,5.93,50,50,17,14,50,2.4,4.2,10,100,25,18,14,100,3.3,2.2,9.77,0.1,0.46,18,15,0.975,32.250917,87.02,27.36
Structure 1,600,1.309,4.181,5.93,50,50,17,14,50,2.4,4.2,10,100,25,18,14,100,3.3,2.2,9.77,0.1,0.46,18,15,0.9708,33.112025,87.09,28
Structure 1,700,1.309,4.181,5.93,50,50,17,14,50,2.4,4.2,10,100,25,18,14,100,3.3,2.2,9.77,0.1,0.46,18,15,0.9673,33.676341,87.13,28.38
Structure 1,900,1.309,4.181,5.93,50,50,17,14,50,2.4,4.2,10,100,25,18,14,100,3.3,2.2,9.77,0.1,0.46,18,15,0.9615,34.328707,87.16,28.77
Structure 1,1000,1.309,4.181,5.93,50,50,17,14,50,2.4,4.2,10,100,25,18,14,100,3.3,2.2,9.77,0.1,0.46,18,15,0.9589,34.521826,87.17,28.86
Structure 1,1100,1.309,4.181,5.93,50,50,17,14,50,2.4,4.2,10,100,25,18,14,100,3.3,2.2,9.77,0.1,0.46,18,15,0.9564,34.665974,87.2,28.91
Structure 1,1200,1.309,4.181,5.93,50,50,17,14,50,2.4,4.2,10,100,25,18,14,100,3.3,2.2,9.77,0.1,0.46,18,15,0.9541,34.772762,87.21,28.94
Structure 1,50,1.309,4.181,5.93,50,50,17,14,50,2.4,4.2,10,100,25,18,14,100,3.3,2.2,9.77,0.1,0.46,18,15,0.9995,10.4568,84.14,8.79
Structure 1,350,1.309,4.181,5.93,50,50,17,14,50,2.4,4.2,10,100,25,18,14,100,3.3,2.2,9.77,0.1,0.46,18,15,0.9825,29.881796,86.82,25.49
Structure 1,450,1.309,4.181,5.93,50,50,17,14,50,2.4,4.2,10,100,25,18,14,100,3.3,2.2,9.77,0.1,0.46,18,15,0.9774,31.647724,86.96,26.9
Structure 1,150,1.309,4.181,5.93,50,50,17,14,50,2.4,4.2,10,100,25,18,14,100,3.3,2.2,9.77,0.1,0.46,18,15,0.9951,21.280371,86.09,18.23
Structure 1,250,1.309,4.181,5.93,50,50,17,14,50,2.4,4.2,10,100,25,18,14,100,3.3,2.2,9.77,0.1,0.46,18,15,0.9883,26.839933,86.6,22.97
Structure 1,550,1.309,4.181,5.93,50,50,17,14,50,2.4,4.2,10,100,25,18,14,100,3.3,2.2,9.77,0.1,0.46,18,15,0.9728,32.728514,87.06,27.72
Structure 1,650,1.309,4.181,5.93,50,50,17,14,50,2.4,4.2,10,100,25,18,14,100,3.3,2.2,9.77,0.1,0.46,18,15,0.969,33.421994,87.11,28.21
Structure 1,750,1.309,4.181,5.93,50,50,17,14,50,2.4,4.2,10,100,25,18,14,100,3.3,2.2,9.77,0.1,0.46,18,15,0.9657,33.885243,87.14,28.51
Structure 1,850,1.309,4.181,5.93,50,50,17,14,50,2.4,4.2,10,100,25,18,14,100,3.3,2.2,9.77,0.1,0.46,18,15,0.9628,34.205908,87.15,28.7
Structure 1,950,1.309,4.181,5.93,50,50,17,14,50,2.4,4.2,10,100,25,18,14,100,3.3,2.2,9.77,0.1,0.46,18,15,0.9603,34.432916,87.16,28.82
Structure 1,1150,1.309,4.181,5.93,50,50,17,14,50,2.4,4.2,10,100,25,18,14,100,3.3,2.2,9.77,0.1,0.46,18,15,0.9552,34.723057,87.21,28.92
Structure 1,1050,1.309,4.181,5.93,50,50,17,14,50,2.4,4.2,10,100,25,18,14,100,3.3,2.2,9.77,0.1,0.46,18,15,0.9576,34.600031,87.18,28.89
Structure 1,1250,1.309,4.181,5.93,50,50,17,14,50,2.4,4.2,10,100,25,18,14,100,3.3,2.2,9.77,0.1,0.46,18,15,0.9531,34.816072,87.22,28.94
Structure 1,1200,1.309,4.181,5.93,50,50,14,14,50,2.4,4.2,10,100,25,18,14,100,3.3,2.2,9.77,0.1,0.46,18,15,0.8885,34.755862,79.72,24.62
Structure 1,1200,1.309,4.181,5.93,50,50,15,14,50,2.4,4.2,10,100,25,18,14,100,3.3,2.2,9.77,0.1,0.46,18,15,0.8888,34.751338,81.59,25.2
Structure 1,1200,1.309,4.181,5.93,50,50,16,14,50,2.4,4.2,10,100,25,18,14,100,3.3,2.2,9.77,0.1,0.46,18,15,0.9042,34.762276,85.72,26.94
Structure 1,1200,1.309,4.181,5.93,50,50,18,14,50,2.4,4.2,10,100,25,18,14,100,3.3,2.2,9.77,0.1,0.46,18,15,1.0132,34.766896,88.08,31.03
Structure 1,1200,1.309,4.181,5.93,50,50,19,14,50,2.4,4.2,10,100,25,18,14,100,3.3,2.2,9.77,0.1,0.46,18,15,1.0733,34.762741,88.83,33.14
Structure 1,1200,1.309,4.181,5.93,50,50,18,15,50,2.4,4.2,10,100,25,18,14,100,3.3,2.2,9.77,0.1,0.46,18,15,0.9531,34.408592,87.03,28.54
Structure 1,1200,1.309,4.181,5.93,50,50,18,16,50,2.4,4.2,10,100,25,18,14,100,3.3,2.2,9.77,0.1,0.46,18,15,0.8944,31.848652,84.38,24.04
Structure 1,1200,1.309,4.181,5.93,50,50,18,17,50,2.4,4.2,10,100,25,18,14,100,3.3,2.2,9.77,0.1,0.46,18,15,0.8285,25.289901,78.01,16.35
Structure 1,1200,1.309,4.181,5.93,50,50,18,18,50,2.4,4.2,10,100,25,18,14,100,3.3,2.2,9.77,0.1,0.46,18,15,0.7075,17.37946,72.16,8.87
Structure 1,1200,1.309,4.181,5.93,50,50,18,19,50,2.4,4.2,10,100,25,18,14,100,3.3,2.2,9.77,0.1,0.46,18,15,0.5631,10.739018,66.49,4.02
Structure 1,1200,1.309,4.181,5.93,50,50,18,14,100,2.4,4.2,10,100,25,18,14,100,3.3,2.2,9.77,0.1,0.46,18,15,1.0132,34.764557,88.08,31.02
Structure 1,1200,1.309,4.181,5.93,50,50,18,14,150,2.4,4.2,10,100,25,18,14,100,3.3,2.2,9.77,0.1,0.46,18,15,1.0132,34.762571,88.08,31.02
Structure 1,1200,1.309,4.181,5.93,50,50,18,14,200,2.4,4.2,10,100,25,18,14,100,3.3,2.2,9.77,0.1,0.46,18,15,1.0132,34.760794,88.08,31.02
Structure 1,1200,1.309,4.181,5.93,50,50,18,14,300,2.4,4.2,10,100,25,18,14,100,3.3,2.2,9.77,0.1,0.46,18,15,1.0132,34.757452,88.08,31.02
Structure 1,1200,1.309,4.181,5.93,50,50,18,14,500,2.4,4.2,10,100,25,18,14,100,3.3,2.2,9.77,0.1,0.46,18,15,1.0132,34.749833,88.08,31.01
Structure 1,1200,1.309,4.181,5.93,50,50,18,14,100,2.4,4.2,10,100,25,14,14,100,3.3,2.2,9.77,0.1,0.46,18,15,1.0137,34.76529,88.29,31.11
Structure 1,1200,1.309,4.181,5.93,50,50,18,14,100,2.4,4.2,10,100,25,15,14,100,3.3,2.2,9.77,0.1,0.46,18,15,1.0137,34.765208,88.29,31.11
Structure 1,1200,1.309,4.181,5.93,50,50,18,14,100,2.4,4.2,10,100,25,16,14,100,3.3,2.2,9.77,0.1,0.46,18,15,1.0137,34.764472,88.29,31.11
Structure 1,1200,1.309,4.181,5.93,50,50,18,14,100,2.4,4.2,10,100,25,17,14,100,3.3,2.2,9.77,0.1,0.46,18,15,1.0136,34.763019,88.29,31.11
Structure 1,1200,1.309,4.181,5.93,50,50,18,14,100,2.4,4.2,10,100,25,18,14,100,3.3,2.2,9.77,0.1,0.46,18,15,1.0132,34.764557,88.08,31.02
Structure 1,1200,1.309,4.181,5.93,50,50,18,14,100,2.4,4.2,10,100,25,19,14,100,3.3,2.2,9.77,0.1,0.46,18,15,1.0127,34.763662,87.94,30.96
Structure 1,1200,1.309,4.181,5.93,50,50,18,14,100,2.4,4.2,10,100,25,14,15,100,3.3,2.2,9.77,0.1,0.46,18,15,1.0137,34.765252,88.29,31.11
Structure 1,1200,1.309,4.181,5.93,50,50,18,14,100,2.4,4.2,10,100,25,14,16,100,3.3,2.2,9.77,0.1,0.46,18,15,1.0137,34.764871,88.28,31.11
Structure 1,1200,1.309,4.181,5.93,50,50,18,14,100,2.4,4.2,10,100,25,14,17,100,3.3,2.2,9.77,0.1,0.46,18,15,1.0136,34.761064,88.22,31.09
Structure 1,1200,1.309,4.181,5.93,50,50,18,14,100,2.4,4.2,10,100,25,14,18,100,3.3,2.2,9.77,0.1,0.46,18,15,1.0133,34.723423,87.68,30.85
Structure 1,1200,1.309,4.181,5.93,50,50,18,14,100,2.4,4.2,10,100,25,14,19,100,3.3,2.2,9.77,0.1,0.46,18,15,1.0123,34.386753,85.72,29.84
Structure 1,1200,1.309,4.181,5.93,50,50,18,14,100,2.4,4.2,10,100,25,14,14,50,3.3,2.2,9.77,0.1,0.46,18,15,1.0137,34.76529,88.29,31.11
Structure 1,1200,1.309,4.181,5.93,50,50,18,14,100,2.4,4.2,10,100,25,14,14,150,3.3,2.2,9.77,0.1,0.46,18,15,1.0137,34.76529,88.29,31.11
Structure 1,1200,1.309,4.181,5.93,50,50,18,14,100,2.4,4.2,10,100,25,14,14,200,3.3,2.2,9.77,0.1,0.46,18,15,1.0137,34.76529,88.29,31.11
Structure 1,1200,1.309,4.181,5.93,50,50,18,14,100,2.4,4.2,10,100,25,14,14,500,3.3,2.2,9.77,0.1,0.46,18,15,1.0137,34.765289,88.29,31.11
Structure 1,1200,1.309,4.181,5.93,50,50,18,14,100,2.4,4.2,10,100,25,14,14,100,3.3,2.2,9.77,0.1,0.46,14,15,1.0136,34.763926,88.05,31.02
Structure 1,1200,1.309,4.181,5.93,50,50,18,14,100,2.4,4.2,10,100,25,14,14,100,3.3,2.2,9.77,0.1,0.46,15,15,1.0136,34.763932,88.05,31.03
Structure 1,1200,1.309,4.181,5.93,50,50,18,14,100,2.4,4.2,10,100,25,14,14,100,3.3,2.2,9.77,0.1,0.46,16,15,1.0135,34.763993,88.1,31.04
Structure 1,1200,1.309,4.181,5.93,50,50,18,14,100,2.4,4.2,10,100,25,14,14,100,3.3,2.2,9.77,0.1,0.46,17,15,1.0135,34.764332,88.22,31.08
Structure 1,1200,1.309,4.181,5.93,50,50,18,14,100,2.4,4.2,10,100,25,14,14,100,3.3,2.2,9.77,0.1,0.46,18,15,1.0137,34.76529,88.29,31.11
Structure 1,1200,1.309,4.181,5.93,50,50,18,14,100,2.4,4.2,10,100,25,14,14,100,3.3,2.2,9.77,0.1,0.46,19,15,1.0141,34.766362,88.31,31.14
Structure 1,1200,1.309,4.181,5.93,50,50,18,14,100,2.4,4.2,10,100,25,14,14,100,3.3,2.2,9.77,0.1,0.46,18,14,1.0137,34.76529,88.29,31.11
Structure 1,1200,1.309,4.181,5.93,50,50,18,14,100,2.4,4.2,10,100,25,14,14,100,3.3,2.2,9.77,0.1,0.46,18,16,1.0137,34.76529,88.29,31.11
Structure 1,1200,1.309,4.181,5.93,50,50,18,14,100,2.4,4.2,10,100,25,14,14,100,3.3,2.2,9.77,0.1,0.46,18,17,1.0137,34.76529,88.29,31.11
Structure 1,1200,1.309,4.181,5.93,50,50,18,14,100,2.4,4.2,10,100,25,14,14,100,3.3,2.2,9.77,0.1,0.46,18,18,1.0137,34.76529,88.29,31.11
Structure 1,1200,1.309,4.181,5.93,50,50,18,14,100,2.4,4.2,10,100,25,14,14,100,3.3,2.2,9.77,0.1,0.46,18,19,1.0137,34.76529,88.29,31.11
Structure 1,1200,1.309,4.181,5.93,50,50,19,14,100,2.4,4.2,10,100,25,14,14,100,3.3,2.2,9.77,0.1,0.46,18,15,1.0734,34.765561,88.81,33.14
Structure 1,1100,1.309,4.181,5.93,50,50,19,14,100,2.4,4.2,10,100,25,14,14,100,3.3,2.2,9.77,0.1,0.46,18,15,1.0757,34.65938,88.82,33.11
Structure 1,1000,1.309,4.181,5.93,50,50,19,14,100,2.4,4.2,10,100,25,14,14,100,3.3,2.2,9.77,0.1,0.46,18,15,1.0781,34.517716,88.82,33.06
Structure 22,800,1.309,4.181,5.93,50,50,17,14,50,2.42,4.3,9.35,100,25,17,14,100,3.4,2.1,10,100,25,18,14,0.9665,34.063388,87.21,28.71
Structure 22,800,1.309,4.181,5.93,50,50,14,14,50,2.42,4.3,9.35,100,25,17,14,100,3.4,2.1,10,100,25,18,14,0.9089,34.050622,79.76,24.68
Structure 22,800,1.309,4.181,5.93,50,50,15,14,50,2.42,4.3,9.35,100,25,17,14,100,3.4,2.1,10,100,25,18,14,0.9092,34.048461,80.86,25.03
Structure 22,800,1.309,4.181,5.93,50,50,16,14,50,2.42,4.3,9.35,100,25,17,14,100,3.4,2.1,10,100,25,18,14,0.92,34.055921,85.04,26.64
Structure 22,800,1.309,4.181,5.93,50,50,18,14,50,2.42,4.3,9.35,100,25,17,14,100,3.4,2.1,10,100,25,18,14,1.0246,34.061774,88.04,30.73
Structure 22,800,1.309,4.181,5.93,50,50,19,14,50,2.42,4.3,9.35,100,25,17,14,100,3.4,2.1,10,100,25,18,14,1.084,34.06316,88.58,32.71
Structure 22,800,1.309,4.181,5.93,50,50,19,15,50,2.42,4.3,9.35,100,25,17,14,100,3.4,2.1,10,100,25,18,14,1.0246,33.831979,88.06,30.53
Structure 22,800,1.309,4.181,5.93,50,50,19,16,50,2.42,4.3,9.35,100,25,17,14,100,3.4,2.1,10,100,25,18,14,0.9668,31.876381,87.44,26.95
Structure 22,800,1.309,4.181,5.93,50,50,19,17,50,2.42,4.3,9.35,100,25,17,14,100,3.4,2.1,10,100,25,18,14,0.9177,24.363228,86.61,19.36
Structure 22,800,1.309,4.181,5.93,50,50,19,18,50,2.42,4.3,9.35,100,25,17,14,100,3.4,2.1,10,100,25,18,14,0.8745,15.044429,85.35,11.23
Structure 22,800,1.309,4.181,5.93,50,50,19,19,50,2.42,4.3,9.35,100,25,17,14,100,3.4,2.1,10,100,25,18,14,0.8264,7.498519,82.85,5.13
Structure 22,800,1.309,4.181,5.93,50,50,19,14,100,2.42,4.3,9.35,100,25,17,14,100,3.4,2.1,10,100,25,18,14,1.084,34.054742,88.59,32.71
Structure 22,800,1.309,4.181,5.93,50,50,19,14,150,2.42,4.3,9.35,100,25,17,14,100,3.4,2.1,10,100,25,18,14,1.084,34.05357,88.6,32.7
Structure 22,800,1.309,4.181,5.93,50,50,19,14,200,2.42,4.3,9.35,100,25,17,14,100,3.4,2.1,10,100,25,18,14,1.084,34.052742,88.59,32.7
Structure 22,800,1.309,4.181,5.93,50,50,19,14,250,2.42,4.3,9.35,100,25,17,14,100,3.4,2.1,10,100,25,18,14,1.084,34.05198,88.59,32.7
Structure 22,800,1.309,4.181,5.93,50,50,19,14,300,2.42,4.3,9.35,100,25,17,14,100,3.4,2.1,10,100,25,18,14,1.084,34.051212,88.59,32.7
Structure 22,800,1.309,4.181,5.93,50,50,19,14,400,2.42,4.3,9.35,100,25,17,14,100,3.4,2.1,10,100,25,18,14,1.084,34.049385,88.59,32.7
Structure 22,800,1.309,4.181,5.93,50,50,19,14,500,2.42,4.3,9.35,100,25,17,14,100,3.4,2.1,10,100,25,18,14,1.084,34.046924,88.59,32.7
Structure 22,800,1.309,4.181,5.93,50,50,19,14,50,2.42,4.3,9.35,100,25,14,14,100,3.4,2.1,10,100,25,18,14,1.084,34.066831,88.56,32.7
Structure 22,800,1.309,4.181,5.93,50,50,19,14,50,2.42,4.3,9.35,100,25,15,14,100,3.4,2.1,10,100,25,18,14,1.084,34.066799,88.56,32.7
Structure 22,800,1.309,4.181,5.93,50,50,19,14,50,2.42,4.3,9.35,100,25,16,14,100,3.4,2.1,10,100,25,18,14,1.084,34.066483,88.56,32.7
Structure 22,800,1.309,4.181,5.93,50,50,19,14,50,2.42,4.3,9.35,100,25,18,14,100,3.4,2.1,10,100,25,18,14,1.0839,34.055598,88.6,32.7
Structure 22,800,1.309,4.181,5.93,50,50,19,14,50,2.42,4.3,9.35,100,25,19,14,100,3.4,2.1,10,100,25,18,14,1.0834,34.054501,88.31,32.58
Structure 22,800,1.309,4.181,5.93,50,50,19,14,50,2.42,4.3,9.35,100,25,18,15,100,3.4,2.1,10,100,25,18,14,1.0839,34.055585,88.6,32.7
Structure 22,800,1.309,4.181,5.93,50,50,19,14,50,2.42,4.3,9.35,100,25,18,16,100,3.4,2.1,10,100,25,18,14,1.0839,34.055456,88.59,32.7
Structure 22,800,1.309,4.181,5.93,50,50,19,14,50,2.42,4.3,9.35,100,25,18,17,100,3.4,2.1,10,100,25,18,14,1.0839,34.054166,88.58,32.7
Structure 22,800,1.309,4.181,5.93,50,50,19,14,50,2.42,4.3,9.35,100,25,18,18,100,3.4,2.1,10,100,25,18,14,1.0838,34.041499,88.43,32.63
Structure 22,800,1.309,4.181,5.93,50,50,19,14,50,2.42,4.3,9.35,100,25,18,19,100,3.4,2.1,10,100,25,18,14,1.0835,33.934215,87.72,32.25
Structure 22,800,1.309,4.181,5.93,50,50,19,14,50,2.42,4.3,9.35,100,25,18,14,50,3.4,2.1,10,100,25,18,14,1.0839,34.055597,88.6,32.7
Structure 22,800,1.309,4.181,5.93,50,50,19,14,50,2.42,4.3,9.35,100,25,18,14,500,3.4,2.1,10,100,25,18,14,1.0839,34.0556,88.6,32.7
Structure 22,800,1.309,4.181,5.93,50,50,19,14,50,2.42,4.3,9.35,100,25,18,14,50,3.4,2.1,10,100,25,14,14,1.0841,34.055561,88.07,32.52
Structure 22,800,1.309,4.181,5.93,50,50,19,14,50,2.42,4.3,9.35,100,25,18,14,50,3.4,2.1,10,100,25,15,14,1.0841,34.055561,88.07,32.52
Structure 22,800,1.309,4.181,5.93,50,50,19,14,50,2.42,4.3,9.35,100,25,18,14,50,3.4,2.1,10,100,25,16,14,1.0841,34.055562,88.1,32.53
Structure 22,800,1.309,4.181,5.93,50,50,19,14,50,2.42,4.3,9.35,100,25,18,14,50,3.4,2.1,10,100,25,17,14,1.084,34.055573,88.3,32.6
Structure 22,800,1.309,4.181,5.93,50,50,19,14,50,2.42,4.3,9.35,100,25,18,14,50,3.4,2.1,10,100,25,19,14,1.0839,34.055628,88.7,32.74
Structure 22,800,1.309,4.181,5.93,50,50,19,14,50,2.42,4.3,9.35,100,25,18,14,50,3.4,2.1,10,100,25,19,19,1.0839,34.055628,88.7,32.74
Structure 22,800,1.309,4.181,5.93,50,50,19,14,50,2.42,4.3,9.35,100,25,18,14,50,3.4,2.1,10,100,25,19,17,1.0839,34.055628,88.7,32.74
Structure 22,1000,1.309,4.181,5.93,50,50,19,14,50,2.42,4.3,9.35,100,25,18,14,50,3.4,2.1,10,100,25,19,14,1.0786,34.516652,88.65,33
Structure 22,1200,1.309,4.181,5.93,50,50,19,14,50,2.42,4.3,9.35,100,25,18,14,50,3.4,2.1,10,100,25,19,14,1.0739,34.76506,88.64,33.09
Structure 22,100,1.309,4.181,5.93,50,50,19,14,50,2.42,4.3,9.35,100,25,18,14,50,3.4,2.1,10,100,25,19,14,1.1188,16.774685,88.95,16.69
Structure 22,500,1.309,4.181,5.93,50,50,19,14,50,2.42,4.3,9.35,100,25,18,14,50,3.4,2.1,10,100,25,19,14,1.0944,32.249399,88.8,31.34
Structure 22,500,1.309,4.181,5.93,50,50,14,14,50,2.42,4.3,9.35,100,25,18,14,50,3.4,2.1,10,100,25,19,14,0.9319,32.246005,80.88,24.3
Structure 22,500,1.309,4.181,5.93,50,50,15,14,50,2.42,4.3,9.35,100,25,18,14,50,3.4,2.1,10,100,25,19,14,0.932,32.24551,81.22,24.41
Structure 15,500,1.307,4,5.4,50,50,18,14,100,3.03,3.6,9,100,25,18,15,200,3,2.2,3,0.0021,0.00216,18,14,1.0153,32.278973,87.39,28.64
Structure 15,100,1.307,4,5.4,50,50,18,14,100,3.03,3.6,9,100,25,18,15,200,3,2.2,3,0.0021,0.00216,18,14,1.0347,16.527585,86.64,14.82
Structure 15,200,1.307,4,5.4,50,50,18,14,100,3.03,3.6,9,100,25,18,15,200,3,2.2,3,0.0021,0.00216,18,14,1.0298,24.411814,87.14,21.91
Structure 15,300,1.307,4,5.4,50,50,18,14,100,3.03,3.6,9,100,25,18,15,200,3,2.2,3,0.0021,0.00216,18,14,1.0246,28.56384,87.29,25.54
Structure 15,400,1.307,4,5.4,50,50,18,14,100,3.03,3.6,9,100,25,18,15,200,3,2.2,3,0.0021,0.00216,18,14,1.0199,30.893449,87.34,27.52
Structure 15,600,1.307,4,5.4,50,50,18,14,100,3.03,3.6,9,100,25,18,15,200,3,2.2,3,0.0021,0.00216,18,14,1.0114,33.147196,87.41,29.31
Structure 15,700,1.307,4,5.4,50,50,18,14,100,3.03,3.6,9,100,25,18,15,200,3,2.2,3,0.0021,0.00216,18,14,1.0081,33.71647,87.41,29.71
Structure 15,800,1.307,4,5.4,50,50,18,14,100,3.03,3.6,9,100,25,18,15,200,3,2.2,3,0.0021,0.00216,18,14,1.0052,34.104439,87.41,29.96
Structure 15,900,1.307,4,5.4,50,50,18,14,100,3.03,3.6,9,100,25,18,15,200,3,2.2,3,0.0021,0.00216,18,14,1.0025,34.377862,87.4,30.12
Structure 15,1000,1.307,4,5.4,50,50,18,14,100,3.03,3.6,9,100,25,18,15,200,3,2.2,3,0.0021,0.00216,18,14,1.0001,34.576353,87.39,30.22
Structure 15,1100,1.307,4,5.4,50,50,18,14,100,3.03,3.6,9,100,25,18,15,200,3,2.2,3,0.0021,0.00216,18,14,0.9977,34.723745,87.4,30.28
Structure 15,1200,1.307,4,5.4,50,50,18,14,100,3.03,3.6,9,100,25,18,15,200,3,2.2,3,0.0021,0.00216,18,14,0.9955,34.83568,87.4,30.31
Structure 15,1000,1.307,4,5.4,50,50,14,14,100,3.03,3.6,9,100,25,18,15,200,3,2.2,3,0.0021,0.00216,18,14,0.8807,34.561504,79.33,24.14
Structure 15,1000,1.307,4,5.4,50,50,15,14,100,3.03,3.6,9,100,25,18,15,200,3,2.2,3,0.0021,0.00216,18,14,0.8809,34.558348,80.82,24.6
Structure 15,1000,1.307,4,5.4,50,50,16,14,100,3.03,3.6,9,100,25,18,15,200,3,2.2,3,0.0021,0.00216,18,14,0.8933,34.567753,85.06,26.27
Structure 15,1000,1.307,4,5.4,50,50,17,14,100,3.03,3.6,9,100,25,18,15,200,3,2.2,3,0.0021,0.00216,18,14,0.9416,34.577923,86.71,28.23
Structure 15,1000,1.307,4,5.4,50,50,19,14,100,3.03,3.6,9,100,25,18,15,200,3,2.2,3,0.0021,0.00216,18,14,1.0618,33.856943,38.49,13.84
Structure 15,1000,1.307,4,5.4,50,50,18,15,100,3.03,3.6,9,100,25,18,15,200,3,2.2,3,0.0021,0.00216,18,14,0.9387,34.299374,86.04,27.7
Structure 15,1000,1.307,4,5.4,50,50,18,16,100,3.03,3.6,9,100,25,18,15,200,3,2.2,3,0.0021,0.00216,18,14,0.8756,32.126354,83.17,23.39
Structure 15,1000,1.307,4,5.4,50,50,18,17,100,3.03,3.6,9,100,25,18,15,200,3,2.2,3,0.0021,0.00216,18,14,0.7996,25.401354,77.59,15.76
Structure 15,1000,1.307,4,5.4,50,50,18,18,100,3.03,3.6,9,100,25,18,15,200,3,2.2,3,0.0021,0.00216,18,14,0.6802,17.368765,72.35,8.55
Structure 15,1000,1.307,4,5.4,50,50,18,19,100,3.03,3.6,9,100,25,18,15,200,3,2.2,3,0.0021,0.00216,18,14,0.5423,10.670877,66.29,3.84
Structure 15,1000,1.307,4,5.4,50,50,18,14,50,3.03,3.6,9,100,25,18,15,200,3,2.2,3,0.0021,0.00216,18,14,1.0001,34.593104,87.39,30.23
Structure 15,1000,1.307,4,5.4,50,50,18,14,150,3.03,3.6,9,100,25,18,15,200,3,2.2,3,0.0021,0.00216,18,14,1.0001,34.561196,87.39,30.21
Structure 15,1000,1.307,4,5.4,50,50,18,14,200,3.03,3.6,9,100,25,18,15,200,3,2.2,3,0.0021,0.00216,18,14,1.0001,34.546303,87.39,30.19
Structure 15,1000,1.307,4,5.4,50,50,18,14,250,3.03,3.6,9,100,25,18,15,200,3,2.2,3,0.0021,0.00216,18,14,1.0001,34.531789,87.39,30.18
Structure 15,1000,1.307,4,5.4,50,50,18,14,300,3.03,3.6,9,100,25,18,15,200,3,2.2,3,0.0021,0.00216,18,14,1.0001,34.517423,87.39,30.17
Structure 15,1000,1.307,4,5.4,50,50,18,14,350,3.03,3.6,9,100,25,18,15,200,3,2.2,3,0.0021,0.00216,18,14,1.0001,34.503271,87.39,30.16
Structure 15,1000,1.307,4,5.4,50,50,18,14,400,3.03,3.6,9,100,25,18,15,200,3,2.2,3,0.0021,0.00216,18,14,1.0001,34.489222,87.39,30.14
Structure 15,1000,1.307,4,5.4,50,50,18,14,450,3.03,3.6,9,100,25,18,15,200,3,2.2,3,0.0021,0.00216,18,14,1.0001,34.475333,87.39,30.13
Structure 15,1000,1.307,4,5.4,50,50,18,14,500,3.03,3.6,9,100,25,18,15,200,3,2.2,3,0.0021,0.00216,18,14,1.0001,34.461506,87.39,30.12
Structure 15,1000,1.307,4,5.4,50,50,18,14,50,3.03,3.6,9,100,25,14,15,200,3,2.2,3,0.0021,0.00216,18,14,1.0625,2.233774,12.64,0.3
Structure 15,1000,1.307,4,5.4,50,50,18,14,50,3.03,3.6,9,100,25,15,15,200,3,2.2,3,0.0021,0.00216,18,14,1.0619,2.285363,12.55,0.3
Structure 15,1000,1.307,4,5.4,50,50,18,14,50,3.03,3.6,9,100,25,16,15,200,3,2.2,3,0.0021,0.00216,18,14,1.0554,2.880916,11.8,0.36
Structure 15,1000,1.307,4,5.4,50,50,18,14,50,3.03,3.6,9,100,25,17,15,200,3,2.2,3,0.0021,0.00216,18,14,1.0172,20.978978,13.14,2.8
Structure 15,1000,1.307,4,5.4,50,50,18,14,50,3.03,3.6,9,100,25,19,15,200,3,2.2,3,0.0021,0.00216,18,14,1.0001,34.578809,87.58,30.29
Structure 15,1000,1.307,4,5.4,50,50,18,14,50,3.03,3.6,9,100,25,19,14,200,3,2.2,3,0.0021,0.00216,18,14,1.0001,34.588834,87.58,30.3
Structure 15,1000,1.307,4,5.4,50,50,18,14,50,3.03,3.6,9,100,25,19,16,200,3,2.2,3,0.0021,0.00216,18,14,1.0001,34.52361,87.58,30.24
Structure 15,1000,1.307,4,5.4,50,50,18,14,50,3.03,3.6,9,100,25,19,17,200,3,2.2,3,0.0021,0.00216,18,14,1.0001,34.488519,87.57,30.21
Structure 15,1000,1.307,4,5.4,50,50,18,14,50,3.03,3.6,9,100,25,19,18,200,3,2.2,3,0.0021,0.00216,18,14,1.0001,34.48513,87.57,30.2
Structure 15,1000,1.307,4,5.4,50,50,18,14,50,3.03,3.6,9,100,25,19,19,200,3,2.2,3,0.0021,0.00216,18,14,1.0001,34.474305,87.57,30.19
Structure 15,1000,1.307,4,5.4,50,50,18,14,50,3.03,3.6,9,100,25,19,14,50,3,2.2,3,0.0021,0.00216,18,14,1.0001,34.588837,87.72,30.34
Structure 15,1000,1.307,4,5.4,50,50,18,14,50,3.03,3.6,9,100,25,19,14,100,3,2.2,3,0.0021,0.00216,18,14,1.0001,34.588836,87.67,30.33
Structure 15,1000,1.307,4,5.4,50,50,18,14,50,3.03,3.6,9,100,25,19,14,150,3,2.2,3,0.0021,0.00216,18,14,1.0001,34.588835,87.62,30.31
Structure 15,1000,1.307,4,5.4,50,50,18,14,50,3.03,3.6,9,100,25,19,14,200,3,2.2,3,0.0021,0.00216,18,14,1.0001,34.588834,87.58,30.3
Structure 15,1000,1.307,4,5.4,50,50,18,14,50,3.03,3.6,9,100,25,19,14,250,3,2.2,3,0.0021,0.00216,18,14,1.0001,34.588833,87.53,30.28
Structure 15,1000,1.307,4,5.4,50,50,18,14,50,3.03,3.6,9,100,25,19,14,300,3,2.2,3,0.0021,0.00216,18,14,1.0002,34.588832,87.48,30.26
Structure 15,1000,1.307,4,5.4,50,50,18,14,50,3.03,3.6,9,100,25,19,14,350,3,2.2,3,0.0021,0.00216,18,14,1.0002,34.588831,87.43,30.25
Structure 15,1000,1.307,4,5.4,50,50,18,14,50,3.03,3.6,9,100,25,19,14,400,3,2.2,3,0.0021,0.00216,18,14,1.0002,34.588829,87.39,30.23
Structure 15,1000,1.307,4,5.4,50,50,18,14,50,3.03,3.6,9,100,25,19,14,450,3,2.2,3,0.0021,0.00216,18,14,1.0002,34.588828,87.34,30.21
Structure 15,1000,1.307,4,5.4,50,50,18,14,50,3.03,3.6,9,100,25,19,14,500,3,2.2,3,0.0021,0.00216,18,14,1.0002,34.588827,87.29,30.2
Structure 15,1000,1.307,4,5.4,50,50,18,14,50,3.03,3.6,9,100,25,19,14,50,3,2.2,3,0.0021,0.00216,14,14,1,34.588498,86.77,30.01
Structure 15,1000,1.307,4,5.4,50,50,18,14,50,3.03,3.6,9,100,25,19,14,500,3,2.2,3,0.0021,0.00216,15,14,1,34.588499,86.79,30.02
Structure 15,1000,1.307,4,5.4,50,50,18,14,50,3.03,3.6,9,100,25,19,14,50,3,2.2,3,0.0021,0.00216,16,14,1,34.588511,86.93,30.07
Structure 15,1000,1.307,4,5.4,50,50,18,14,50,3.03,3.6,9,100,25,19,14,50,3,2.2,3,0.0021,0.00216,17,14,1,34.588583,87.43,30.24
Structure 15,1000,1.307,4,5.4,50,50,18,14,50,3.03,3.6,9,100,25,19,14,50,3,2.2,3,0.0021,0.00216,19,14,1.0004,34.589256,87.76,30.37
Structure 15,1000,1.307,4,5.4,50,50,18,14,50,3.03,3.6,9,100,25,19,14,50,3,2.2,3,0.0021,0.00216,19,15,1.0004,34.589256,87.76,30.37
Structure 15,1000,1.307,4,5.4,50,50,18,14,50,3.03,3.6,9,100,25,19,14,50,3,2.2,3,0.0021,0.00216,19,16,1,34.588511,86.93,30.07
Structure 15,1000,1.307,4,5.4,50,50,18,14,50,3.03,3.6,9,100,25,19,14,50,3,2.2,3,0.0021,0.00216,19,17,1,34.588583,87.43,30.24
Structure 15,1000,1.307,4,5.4,50,50,18,14,50,3.03,3.6,9,100,25,19,14,50,3,2.2,3,0.0021,0.00216,19,18,1.0004,34.589256,87.76,30.37
Structure 15,1000,1.307,4,5.4,50,50,18,14,50,3.03,3.6,9,100,25,19,14,50,3,2.2,3,0.0021,0.00216,19,19,1.0004,34.589256,87.76,30.37
Structure 15,1100,1.307,4,5.4,50,50,18,14,50,3.03,3.6,9,100,25,19,14,50,3,2.2,3,0.0021,0.00216,19,19,0.9979,34.736728,87.78,30.43
Structure 15,1200,1.307,4,5.4,50,50,18,14,50,3.03,3.6,9,100,25,19,14,50,3,2.2,3,0.0021,0.00216,19,19,0.9956,34.849045,87.79,30.46
Structure 15,500,1.307,4,5.4,50,50,18,14,50,3.03,3.6,9,100,25,19,14,50,3,2.2,3,0.0021,0.00216,19,19,1.0157,32.290689,87.74,28.78
Structure 15,500,1.307,4,5.4,50,50,18,14,50,3.03,3.6,9,100,25,19,14,50,3,2.2,3,0.0021,0.00216,19,14,1.0157,32.290876,87.74,28.78
Structure 15,400,1.307,4,5.4,50,50,18,14,50,3.03,3.6,9,100,25,19,14,50,3,2.2,3,0.0021,0.00216,19,14,1.0204,30.903811,87.66,27.64
Structure 21,500,1.307,4,5.4,50,50,18,14,50,2.24,4.24,10,50,50,17,14,100,2.2,3.4,8,150,100,19,15,1.0163,32.35723,87.83,28.88
Structure 21,100,1.307,4,5.4,50,50,18,14,50,2.24,4.24,10,50,50,17,14,100,2.2,3.4,8,150,100,19,15,1.041,17.575067,86.99,15.92
Structure 21,1000,1.307,4,5.4,50,50,18,14,50,2.24,4.24,10,50,50,17,14,100,2.2,3.4,8,150,100,19,15,1.0007,34.632831,87.84,30.44
Structure 21,1200,1.307,4,5.4,50,50,18,14,50,2.24,4.24,10,50,50,17,14,100,2.2,3.4,8,150,100,19,15,0.9959,34.891096,87.86,30.53
Structure 21,500,1.307,4,5.4,50,50,14,14,50,2.24,4.24,10,50,50,17,14,100,2.2,3.4,8,150,100,19,15,0.915,32.350276,80.42,23.81
Structure 21,600,1.307,4,5.4,50,50,15,14,50,2.24,4.24,10,50,50,17,14,100,2.2,3.4,8,150,100,19,15,0.9068,33.204294,81.35,24.49
Structure 21,700,1.307,4,5.4,50,50,16,14,50,2.24,4.24,10,50,50,17,14,100,2.2,3.4,8,150,100,19,15,0.9083,33.773027,85.56,26.25
Structure 21,800,1.307,4,5.4,50,50,17,14,50,2.24,4.24,10,50,50,17,14,100,2.2,3.4,8,150,100,19,15,0.9486,34.164153,87.31,28.3
Structure 21,900,1.307,4,5.4,50,50,18,14,50,2.24,4.24,10,50,50,17,14,100,2.2,3.4,8,150,100,19,15,1.003,34.435271,87.86,30.35
Structure 21,500,1.307,4,5.4,50,50,19,14,50,2.24,4.24,10,50,50,17,14,100,2.2,3.4,8,150,100,19,15,1.0735,32.359602,88.43,30.72
Structure 21,500,1.307,4,5.4,50,50,17,14,50,2.24,4.24,10,50,50,17,14,100,2.2,3.4,8,150,100,19,15,0.9608,32.356263,87.27,27.13
Structure 21,500,1.307,4,5.4,50,50,18,15,50,2.24,4.24,10,50,50,17,14,100,2.2,3.4,8,150,100,19,15,0.9577,32.25939,87.62,27.07
Structure 21,500,1.307,4,5.4,50,50,18,14,100,2.24,4.24,10,50,50,17,14,100,2.2,3.4,8,150,100,19,15,1.0164,32.359638,87.84,28.89
Structure 21,500,1.307,4,5.4,50,50,18,14,200,2.24,4.24,10,50,50,17,14,100,2.2,3.4,8,150,100,19,15,1.0164,32.369292,87.84,28.9
Structure 21,500,1.307,4,5.4,50,50,18,14,200,2.24,4.24,10,50,50,18,14,100,2.2,3.4,8,150,100,19,15,1.0161,32.368677,87.52,28.78
Structure 21,500,1.307,4,5.4,50,50,18,14,200,2.24,4.24,10,50,50,16,14,100,2.2,3.4,8,150,100,19,15,1.0164,32.369101,87.97,28.94
Structure 21,500,1.307,4,5.4,50,50,18,14,200,2.24,4.24,10,50,50,14,14,100,2.2,3.4,8,150,100,19,15,1.0165,32.369199,87.99,28.95
Structure 21,500,1.307,4,5.4,50,50,18,14,200,2.24,4.24,10,50,50,14,19,100,2.2,3.4,8,150,100,19,15,1.0116,30.484076,79.16,24.41
Structure 21,500,1.307,4,5.4,50,50,18,14,200,2.24,4.24,10,50,50,14,14,50,2.2,3.4,8,150,100,19,15,1.0165,32.36635,87.99,28.95
Structure 21,500,1.307,4,5.4,50,50,18,14,200,2.24,4.24,10,50,50,14,14,200,2.2,3.4,8,150,100,19,15,1.0165,32.374054,87.99,28.95
Structure 21,500,1.307,4,5.4,50,50,18,14,200,2.24,4.24,10,50,50,14,14,50,2.2,3.4,8,150,100,14,15,1.0162,32.364148,87.88,28.9
Structure 21,500,1.307,4,5.4,50,50,18,14,200,2.24,4.24,10,50,50,14,14,50,2.2,3.4,8,150,100,19,19,1.0165,32.366251,87.99,28.95
Structure 21,1000,1.307,4,5.4,50,50,18,14,200,2.24,4.24,10,50,50,14,14,50,2.2,3.4,8,150,100,19,19,1.0008,34.62154,87.97,30.48
Structure 21,1200,1.307,4,5.4,50,50,18,14,200,2.24,4.24,10,50,50,14,14,50,2.2,3.4,8,150,100,19,19,0.996,34.878155,87.98,30.56
Structure 21,200,1.307,4,5.4,50,50,18,14,200,2.24,4.24,10,50,50,14,14,50,2.2,3.4,8,150,100,19,19,1.033,25.138841,87.79,22.8
Structure 21,200,1.307,4,5.4,50,50,14,14,200,2.24,4.24,10,50,50,14,14,50,2.2,3.4,8,150,100,19,19,0.9528,25.139112,82.89,19.85
Structure 21,200,1.307,4,5.4,50,50,15,14,200,2.24,4.24,10,50,50,14,14,50,2.2,3.4,8,150,100,19,19,0.953,25.139152,83.17,19.92
Structure 21,200,1.307,4,5.4,50,50,16,14,200,2.24,4.24,10,50,50,14,14,50,2.2,3.4,8,150,100,19,19,0.9554,25.139631,84.93,20.4
Structure 21,200,1.307,4,5.4,50,50,17,14,200,2.24,4.24,10,50,50,14,14,50,2.2,3.4,8,150,100,19,19,0.9816,25.139352,87.19,21.52
Structure 21,200,1.307,4,5.4,50,50,19,14,200,2.24,4.24,10,50,50,14,14,50,2.2,3.4,8,150,100,19,19,1.0877,25.138597,88.29,24.14
Structure 21,200,1.307,4,5.4,50,50,19,15,200,2.24,4.24,10,50,50,14,14,50,2.2,3.4,8,150,100,19,19,1.0332,25.121884,88.43,22.95
Structure 21,200,1.307,4,5.4,50,50,19,16,200,2.24,4.24,10,50,50,14,14,50,2.2,3.4,8,150,100,19,19,0.9748,24.95683,87.94,21.39
Structure 21,200,1.307,4,5.4,50,50,19,17,200,2.24,4.24,10,50,50,14,14,50,2.2,3.4,8,150,100,19,19,0.9162,23.489963,87.17,18.76
Structure 21,200,1.307,4,5.4,50,50,19,18,200,2.24,4.24,10,50,50,14,14,50,2.2,3.4,8,150,100,19,19,0.8627,16.824973,85.86,12.46
Structure 21,200,1.307,4,5.4,50,50,19,19,200,2.24,4.24,10,50,50,14,14,50,2.2,3.4,8,150,100,19,19,0.8205,9.792715,84.58,6.8
Structure 21,200,1.307,4,5.4,50,50,19,19,50,2.24,4.24,10,50,50,14,14,50,2.2,3.4,8,150,100,19,19,0.8112,7.572963,81.6,5.01
Structure 21,200,1.307,4,5.4,50,50,19,19,100,2.24,4.24,10,50,50,14,14,50,2.2,3.4,8,150,100,19,19,0.8153,8.446053,82.71,5.7
Structure 21,200,1.307,4,5.4,50,50,19,19,150,2.24,4.24,10,50,50,14,14,50,2.2,3.4,8,150,100,19,19,0.8183,9.174888,83.86,6.3
Structure 21,200,1.307,4,5.4,50,50,19,19,500,2.24,4.24,10,50,50,14,14,50,2.2,3.4,8,150,100,19,19,0.8257,11.875845,85.81,8.42
Structure 21,200,1.307,4,5.4,50,50,19,19,50,2.24,4.24,10,50,50,15,14,50,2.2,3.4,8,150,100,19,19,0.8111,7.575835,81.6,5.01
Structure 21,200,1.307,4,5.4,50,50,19,19,50,2.24,4.24,10,50,50,16,14,50,2.2,3.4,8,150,100,19,19,0.8111,7.604159,81.55,5.03
Structure 21,200,1.307,4,5.4,50,50,19,19,50,2.24,4.24,10,50,50,17,14,50,2.2,3.4,8,150,100,19,19,0.8107,7.848676,81.11,5.16
Structure 21,200,1.307,4,5.4,50,50,19,19,50,2.24,4.24,10,50,50,18,14,50,2.2,3.4,8,150,100,19,19,0.8081,8.436692,82.24,5.61
Structure 21,200,1.307,4,5.4,50,50,19,19,50,2.24,4.24,10,50,50,19,14,50,2.2,3.4,8,150,100,19,19,0.7014,8.990212,68.2,4.3
Structure 21,200,1.307,4,5.4,50,50,19,19,50,2.24,4.24,10,50,50,19,15,50,2.2,3.4,8,150,100,19,19,0.7014,8.990137,68.2,4.3
Structure 21,200,1.307,4,5.4,50,50,19,19,50,2.24,4.24,10,50,50,19,16,50,2.2,3.4,8,150,100,19,19,0.7014,8.989389,68.2,4.3
Structure 21,200,1.307,4,5.4,50,50,19,19,50,2.24,4.24,10,50,50,19,17,50,2.2,3.4,8,150,100,19,19,0.7014,8.981958,68.19,4.3
Structure 21,200,1.307,4,5.4,50,50,19,19,50,2.24,4.24,10,50,50,19,18,50,2.2,3.4,8,150,100,19,19,0.7008,8.911702,68.08,4.25
Structure 21,200,1.307,4,5.4,50,50,19,19,50,2.24,4.24,10,50,50,19,19,50,2.2,3.4,8,150,100,19,19,0.6968,8.464446,67.53,3.98
Structure 21,200,1.307,4,5.4,50,50,19,19,50,2.24,4.24,10,50,50,19,19,100,2.2,3.4,8,150,100,19,19,0.6968,8.465093,67.53,3.98
Structure 21,200,1.307,4,5.4,50,50,19,19,50,2.24,4.24,10,50,50,19,19,400,2.2,3.4,8,150,100,19,19,0.6968,8.465699,67.53,3.98
Structure 21,200,1.307,4,5.4,50,50,19,19,50,2.24,4.24,10,50,50,19,19,50,2.2,3.4,8,150,100,14,19,0.6968,8.46269,67.51,3.98
Structure 21,200,1.307,4,5.4,50,50,19,19,50,2.24,4.24,10,50,50,19,19,50,2.2,3.4,8,150,100,17,19,0.6968,8.463079,67.52,3.98
Structure 21,200,1.307,4,5.4,50,50,19,19,50,2.24,4.24,10,50,50,19,19,50,2.2,3.4,8,150,100,15,14,0.6968,8.462702,67.51,3.98
Structure 21,300,1.307,4,5.4,50,50,19,19,50,2.24,4.24,10,50,50,19,19,50,2.2,3.4,8,150,100,15,17,0.6968,8.461822,67.51,3.98
Structure 21,1000,1.307,4,5.4,50,50,19,19,50,2.24,4.24,10,50,50,19,19,50,2.2,3.4,8,150,100,15,17,0.6969,8.471647,67.5,3.99
Structure 21,300,1.307,4,5.4,50,50,14,19,50,2.24,4.24,10,50,50,19,19,50,2.2,3.4,8,150,100,15,17,0.3933,17.943291,45.82,3.23
Structure 21,300,1.307,4,5.4,50,50,15,19,50,2.24,4.24,10,50,50,19,19,50,2.2,3.4,8,150,100,15,17,0.4013,18.821133,48.7,3.68
Structure 21,300,1.307,4,5.4,50,50,16,19,50,2.24,4.24,10,50,50,19,19,50,2.2,3.4,8,150,100,15,17,0.4468,20.791747,57.95,5.38
Structure 21,300,1.307,4,5.4,50,50,17,19,50,2.24,4.24,10,50,50,19,19,50,2.2,3.4,8,150,100,15,17,0.4942,15.801982,61.34,4.79
Structure 21,300,1.307,4,5.4,50,50,18,19,50,2.24,4.24,10,50,50,19,19,50,2.2,3.4,8,150,100,15,17,0.5411,10.830978,65.41,3.83
Structure 21,300,1.307,4,5.4,50,50,16,14,50,2.24,4.24,10,50,50,19,19,50,2.2,3.4,8,150,100,15,17,0.9336,28.031642,83.09,21.75
Structure 21,300,1.307,4,5.4,50,50,18,14,50,2.24,4.24,10,50,50,19,19,50,2.2,3.4,8,150,100,15,17,1.0255,28.06227,87.76,25.25
Structure 21,300,1.307,4,5.4,50,50,19,14,50,2.24,4.24,10,50,50,19,19,50,2.2,3.4,8,150,100,15,17,1.0791,28.159629,85.92,26.11
Structure 21,300,1.307,4,5.4,50,50,16,15,50,2.24,4.24,10,50,50,19,19,50,2.2,3.4,8,150,100,15,17,0.8455,28.030127,82.62,19.58
Structure 21,300,1.307,4,5.4,50,50,16,16,50,2.24,4.24,10,50,50,19,19,50,2.2,3.4,8,150,100,15,17,0.7682,28.015,79.28,17.06
Structure 21,300,1.307,4,5.4,50,50,16,17,50,2.24,4.24,10,50,50,19,19,50,2.2,3.4,8,150,100,15,17,0.678,27.866353,74.23,14.03
Structure 21,300,1.307,4,5.4,50,50,16,18,50,2.24,4.24,10,50,50,19,19,50,2.2,3.4,8,150,100,15,17,0.5693,26.594457,66.18,10.02
Structure 21,300,1.307,4,5.4,50,50,16,19,50,2.24,4.24,10,50,50,19,19,50,2.2,3.4,8,150,100,15,17,0.4468,20.791747,57.95,5.38
Structure 21,300,1.307,4,5.4,50,50,16,14,300,2.24,4.24,10,50,50,19,19,50,2.2,3.4,8,150,100,15,17,0.9241,22.761864,83.38,17.54
Structure 21,300,1.307,4,5.4,50,50,16,14,150,2.24,4.24,10,50,50,19,19,50,2.2,3.4,8,150,100,15,17,0.9289,25.306815,83.24,19.57
Structure 21,300,1.307,4,5.4,50,50,16,14,100,2.24,4.24,10,50,50,19,19,50,2.2,3.4,8,150,100,15,17,0.9311,26.583698,83.17,20.59
Structure 21,300,1.307,4,5.4,50,50,16,14,200,2.24,4.24,10,50,50,19,19,50,2.2,3.4,8,150,100,15,17,0.927,24.272636,83.29,18.74
Structure 21,300,1.307,4,5.4,50,50,16,14,100,2.24,4.24,10,50,50,14,19,50,2.2,3.4,8,150,100,15,17,0.9324,27.89871,80.14,20.85
Structure 21,300,1.307,4,5.4,50,50,16,14,100,2.24,4.24,10,50,50,15,19,50,2.2,3.4,8,150,100,15,17,0.9324,27.890189,80.17,20.85
Structure 21,300,1.307,4,5.4,50,50,16,14,100,2.24,4.24,10,50,50,16,19,50,2.2,3.4,8,150,100,15,17,0.9325,27.791693,80.5,20.86
Structure 21,300,1.307,4,5.4,50,50,16,14,100,2.24,4.24,10,50,50,17,19,50,2.2,3.4,8,150,100,15,17,0.9327,27.023018,82.91,20.9
Structure 21,300,1.307,4,5.4,50,50,16,14,100,2.24,4.24,10,50,50,18,19,50,2.2,3.4,8,150,100,15,17,0.9328,26.644638,83.63,20.78
Structure 21,300,1.307,4,5.4,50,50,16,14,100,2.24,4.24,10,50,50,17,14,50,2.2,3.4,8,150,100,15,17,0.9368,28.802773,84.06,22.68
Structure 21,300,1.307,4,5.4,50,50,16,14,100,2.24,4.24,10,50,50,17,15,50,2.2,3.4,8,150,100,15,17,0.9368,28.80237,84.06,22.68
Structure 21,300,1.307,4,5.4,50,50,16,14,100,2.24,4.24,10,50,50,17,16,50,2.2,3.4,8,150,100,15,17,0.9367,28.79835,84.05,22.67
Structure 21,300,1.307,4,5.4,50,50,16,14,100,2.24,4.24,10,50,50,17,17,50,2.2,3.4,8,150,100,15,17,0.9366,28.758741,83.97,22.62
Structure 21,300,1.307,4,5.4,50,50,16,14,100,2.24,4.24,10,50,50,17,18,50,2.2,3.4,8,150,100,15,17,0.9353,28.414385,83.41,22.17
Structure 21,300,1.307,4,5.4,50,50,16,14,100,2.24,4.24,10,50,50,17,19,50,2.2,3.4,8,150,100,15,17,0.9327,27.023018,82.91,20.9
Structure 14,100,1.269,4.17,5.3,20,10,18,14,100,1.8,3.9,13.6,100,100,18,15,100,2.2,3.4,8,150,100,19,14,1.076,18.448721,87.16,17.3
Structure 14,200,1.269,4.17,5.3,20,10,18,14,100,1.8,3.9,13.6,100,100,18,15,100,2.2,3.4,8,150,100,19,14,1.0664,24.593188,87.69,23
Structure 14,300,1.269,4.17,5.3,20,10,18,14,100,1.8,3.9,13.6,100,100,18,15,100,2.2,3.4,8,150,100,19,14,1.06,28.014615,87.85,26.09
Structure 14,400,1.269,4.17,5.3,20,10,18,14,100,1.8,3.9,13.6,100,100,18,15,100,2.2,3.4,8,150,100,19,14,1.0541,30.006941,87.97,27.83
Structure 14,500,1.269,4.17,5.3,20,10,18,14,100,1.8,3.9,13.6,100,100,18,15,100,2.2,3.4,8,150,100,19,14,1.0494,31.212209,88.02,28.83
Structure 14,600,1.269,4.17,5.3,20,10,18,14,100,1.8,3.9,13.6,100,100,18,15,100,2.2,3.4,8,150,100,19,14,1.0455,31.963876,88.04,29.42
Structure 14,700,1.269,4.17,5.3,20,10,18,14,100,1.8,3.9,13.6,100,100,18,15,100,2.2,3.4,8,150,100,19,14,1.0422,32.442666,88.04,29.77
Structure 14,800,1.269,4.17,5.3,20,10,18,14,100,1.8,3.9,13.6,100,100,18,15,100,2.2,3.4,8,150,100,19,14,1.0391,32.750464,88.04,29.96
Structure 14,900,1.269,4.17,5.3,20,10,18,14,100,1.8,3.9,13.6,100,100,18,15,100,2.2,3.4,8,150,100,19,14,1.0361,32.946828,88.06,30.06
Structure 14,1000,1.269,4.17,5.3,20,10,18,14,100,1.8,3.9,13.6,100,100,18,15,100,2.2,3.4,8,150,100,19,14,1.0334,33.067766,88.07,30.1
Structure 14,1200,1.269,4.17,5.3,20,10,18,14,100,1.8,3.9,13.6,100,100,18,15,100,2.2,3.4,8,150,100,19,14,1.0288,33.165106,88.07,30.05
Structure 14,1000,1.269,4.17,5.3,20,10,14,14,100,1.8,3.9,13.6,100,100,18,15,100,2.2,3.4,8,150,100,19,14,0.9144,33.346545,80.14,24.44
Structure 14,1000,1.269,4.17,5.3,20,10,15,14,100,1.8,3.9,13.6,100,100,18,15,100,2.2,3.4,8,150,100,19,14,0.9147,33.356378,81.49,24.86
Structure 14,1000,1.269,4.17,5.3,20,10,16,14,100,1.8,3.9,13.6,100,100,18,15,100,2.2,3.4,8,150,100,19,14,0.9273,33.239985,85.63,26.39
Structure 14,1000,1.269,4.17,5.3,20,10,17,14,100,1.8,3.9,13.6,100,100,18,15,100,2.2,3.4,8,150,100,19,14,0.9753,33.139027,87.32,28.22
Structure 14,1000,1.269,4.17,5.3,20,10,19,14,100,1.8,3.9,13.6,100,100,18,15,100,2.2,3.4,8,150,100,19,14,1.0931,32.894946,88.34,31.76
Structure 14,1000,1.269,4.17,5.3,20,10,19,15,100,1.8,3.9,13.6,100,100,18,15,100,2.2,3.4,8,150,100,19,14,1.0325,30.417133,85.18,26.75
Structure 14,1000,1.269,4.17,5.3,20,10,19,16,100,1.8,3.9,13.6,100,100,18,15,100,2.2,3.4,8,150,100,19,14,0.9661,16.546658,76.16,12.17
Structure 14,1000,1.269,4.17,5.3,20,10,19,17,100,1.8,3.9,13.6,100,100,18,15,100,2.2,3.4,8,150,100,19,14,0.8654,1.551792,65.84,0.88
Structure 14,1000,1.269,4.17,5.3,20,10,19,14,200,1.8,3.9,13.6,100,100,18,15,100,2.2,3.4,8,150,100,19,14,1.0931,32.89594,88.34,31.76
Structure 14,1000,1.269,4.17,5.3,20,10,19,15,200,1.8,3.9,13.6,100,100,18,15,100,2.2,3.4,8,150,100,19,14,1.0325,30.418129,85.18,26.75
Structure 14,1000,1.269,4.17,5.3,20,10,19,15,300,1.8,3.9,13.6,100,100,18,15,100,2.2,3.4,8,150,100,19,14,1.0325,30.418859,85.18,26.75
Structure 14,1000,1.269,4.17,5.3,20,10,19,15,500,1.8,3.9,13.6,100,100,18,15,100,2.2,3.4,8,150,100,19,14,1.0325,30.419806,85.18,26.75
Structure 14,1000,1.269,4.17,5.3,20,10,19,14,100,1.8,3.9,13.6,100,100,14,15,100,2.2,3.4,8,150,100,19,14,1.0937,21.397282,48.73,11.4
Structure 14,1000,1.269,4.17,5.3,20,10,19,14,100,1.8,3.9,13.6,100,100,15,15,100,2.2,3.4,8,150,100,19,14,1.0937,21.50956,49.06,11.54
Structure 14,1000,1.269,4.17,5.3,20,10,19,14,100,1.8,3.9,13.6,100,100,16,15,100,2.2,3.4,8,150,100,19,14,1.0937,22.585373,52.23,12.9
Structure 14,1000,1.269,4.17,5.3,20,10,19,14,100,1.8,3.9,13.6,100,100,19,15,100,2.2,3.4,8,150,100,19,14,1.0928,32.898454,88.63,31.86
Structure 14,1000,1.269,4.17,5.3,20,10,19,15,100,1.8,3.9,13.6,100,100,14,15,100,2.2,3.4,8,150,100,19,14,1.0334,4.99936,35.06,1.81
Structure 14,1000,1.269,4.17,5.3,20,10,19,14,100,1.8,3.9,13.6,100,100,17,15,100,2.2,3.4,8,150,100,19,14,1.0937,29.533398,69.8,22.55
Structure 14,1000,1.269,4.17,5.3,20,10,19,14,100,1.8,3.9,13.6,100,100,19,14,100,2.2,3.4,8,150,100,19,14,1.0928,32.898454,88.63,31.86
Structure 14,1000,1.269,4.17,5.3,20,10,19,14,100,1.8,3.9,13.6,100,100,19,16,100,2.2,3.4,8,150,100,19,14,1.0928,32.898452,88.63,31.86
Structure 14,1000,1.269,4.17,5.3,20,10,19,14,100,1.8,3.9,13.6,100,100,19,17,100,2.2,3.4,8,150,100,19,14,1.0928,32.898439,88.63,31.86
Structure 14,1000,1.269,4.17,5.3,20,10,19,14,100,1.8,3.9,13.6,100,100,19,18,100,2.2,3.4,8,150,100,19,14,1.0928,32.898319,88.63,31.86
Structure 14,1000,1.269,4.17,5.3,20,10,19,14,100,1.8,3.9,13.6,100,100,19,19,100,2.2,3.4,8,150,100,19,14,1.0927,32.89785,88.63,31.86
Structure 14,1000,1.269,4.17,5.3,20,10,19,14,100,1.8,3.9,13.6,100,100,19,15,200,2.2,3.4,8,150,100,19,14,1.0916,31.576085,88.62,30.55
Structure 14,1000,1.269,4.17,5.3,20,10,19,14,100,1.8,3.9,13.6,100,100,19,15,300,2.2,3.4,8,150,100,19,14,1.0908,30.614329,88.61,29.59
Structure 14,1000,1.269,4.17,5.3,20,10,19,14,100,1.8,3.9,13.6,100,100,19,15,400,2.2,3.4,8,150,100,19,14,1.0902,29.876831,88.6,28.86
Structure 14,1000,1.269,4.17,5.3,20,10,19,14,100,1.8,3.9,13.6,100,100,19,15,500,2.2,3.4,8,150,100,19,14,1.0896,29.294946,88.6,28.28
Structure 14,1000,1.269,4.17,5.3,20,10,19,14,100,1.8,3.9,13.6,100,100,19,15,100,2.2,3.4,8,150,100,19,14,1.0928,32.898319,88.63,31.86
Structure 14,1000,1.269,4.17,5.3,20,10,19,14,100,1.8,3.9,13.6,100,100,19,15,100,2.2,3.4,8,150,100,20,14,1.0929,33.114358,88.64,32.08
Structure 14,1000,1.269,4.17,5.3,20,10,17,14,150,3.2,4,8.7,5300,660,16,15,100,1.34,4.14,10,100,25,18,14,0.8909,33.365973,85.57,25.44
Structure 14,100,1.269,4.17,5.3,20,10,17,14,150,3.2,4,8.7,5300,660,16,15,100,1.34,4.14,10,100,25,18,14,0.8645,20.297602,84.67,14.86
Structure 14,200,1.269,4.17,5.3,20,10,17,14,150,3.2,4,8.7,5300,660,16,15,100,1.34,4.14,10,100,25,18,14,0.8728,26.080637,84.76,19.3
Structure 14,300,1.269,4.17,5.3,20,10,17,14,150,3.2,4,8.7,5300,660,16,15,100,1.34,4.14,10,100,25,18,14,0.8777,28.989738,84.85,21.59
Structure 14,400,1.269,4.17,5.3,20,10,17,14,150,3.2,4,8.7,5300,660,16,15,100,1.34,4.14,10,100,25,18,14,0.8809,30.589365,84.96,22.89
Structure 14,500,1.269,4.17,5.3,20,10,17,14,150,3.2,4,8.7,5300,660,16,15,100,1.34,4.14,10,100,25,18,14,0.8831,31.547583,85.1,23.71
Structure 14,600,1.269,4.17,5.3,20,10,17,14,150,3.2,4,8.7,5300,660,16,15,100,1.34,4.14,10,100,25,18,14,0.885,32.168467,85.22,24.26
Structure 14,700,1.269,4.17,5.3,20,10,17,14,150,3.2,4,8.7,5300,660,16,15,100,1.34,4.14,10,100,25,18,14,0.8866,32.600439,85.32,24.66
Structure 14,800,1.269,4.17,5.3,20,10,17,14,150,3.2,4,8.7,5300,660,16,15,100,1.34,4.14,10,100,25,18,14,0.8881,32.919031,85.42,24.97
Structure 14,900,1.269,4.17,5.3,20,10,17,14,150,3.2,4,8.7,5300,660,16,15,100,1.34,4.14,10,100,25,18,14,0.8896,33.166567,85.5,25.22
Structure 14,1100,1.269,4.17,5.3,20,10,17,14,150,3.2,4,8.7,5300,660,16,15,100,1.34,4.14,10,100,25,18,14,0.8922,33.532174,85.64,25.62
Structure 14,1200,1.269,4.17,5.3,20,10,17,14,150,3.2,4,8.7,5300,660,16,15,100,1.34,4.14,10,100,25,18,14,0.8934,33.674795,85.7,25.78
Structure 14,1200,1.269,4.17,5.3,20,10,14,14,150,3.2,4,8.7,5300,660,16,15,100,1.34,4.14,10,100,25,18,14,0.864,35.778652,82.79,25.6
Structure 14,1200,1.269,4.17,5.3,20,10,15,14,150,3.2,4,8.7,5300,660,16,15,100,1.34,4.14,10,100,25,18,14,0.8646,35.773904,84.53,26.15
Structure 14,1200,1.269,4.17,5.3,20,10,16,14,150,3.2,4,8.7,5300,660,16,15,100,1.34,4.14,10,100,25,18,14,0.8739,35.615577,86.3,26.86
Structure 14,1200,1.269,4.17,5.3,20,10,18,14,150,3.2,4,8.7,5300,660,16,15,100,1.34,4.14,10,100,25,18,14,0.9372,30.354108,80.08,22.78
Structure 14,1200,1.269,4.17,5.3,20,10,19,14,150,3.2,4,8.7,5300,660,16,15,100,1.34,4.14,10,100,25,18,14,0.9943,26.412302,83.01,21.8
Structure 14,1200,1.269,4.17,5.3,20,10,16,15,150,3.2,4,8.7,5300,660,16,15,100,1.34,4.14,10,100,25,18,14,0.8455,35.376602,84.52,25.28
Structure 14,1200,1.269,4.17,5.3,20,10,16,16,150,3.2,4,8.7,5300,660,16,15,100,1.34,4.14,10,100,25,18,14,0.7905,33.853483,79.24,21.21
Structure 14,1200,1.269,4.17,5.3,20,10,16,17,150,3.2,4,8.7,5300,660,16,15,100,1.34,4.14,10,100,25,18,14,0.7124,30.534133,71.56,15.57
Structure 14,1200,1.269,4.17,5.3,20,10,16,18,150,3.2,4,8.7,5300,660,16,15,100,1.34,4.14,10,100,25,18,14,0.6011,25.551535,64.44,9.9
Structure 14,1200,1.269,4.17,5.3,20,10,16,19,150,3.2,4,8.7,5300,660,16,15,100,1.34,4.14,10,100,25,18,14,0.4719,15.945003,55.39,4.17
Structure 14,1200,1.269,4.17,5.3,20,10,16,14,50,3.2,4,8.7,5300,660,16,15,100,1.34,4.14,10,100,25,18,14,0.874,35.635227,86.29,26.87
Structure 14,1200,1.269,4.17,5.3,20,10,16,14,150,3.2,4,8.7,5300,660,16,15,100,1.34,4.14,10,100,25,18,14,0.8739,35.615577,86.3,26.86
Structure 14,1200,1.269,4.17,5.3,20,10,16,14,200,3.2,4,8.7,5300,660,16,15,100,1.34,4.14,10,100,25,18,14,0.8739,35.610641,86.31,26.86
Structure 14,1200,1.269,4.17,5.3,20,10,16,14,250,3.2,4,8.7,5300,660,16,15,100,1.34,4.14,10,100,25,18,14,0.8739,35.608423,86.31,26.86
Structure 14,1200,1.269,4.17,5.3,20,10,16,14,300,3.2,4,8.7,5300,660,16,15,100,1.34,4.14,10,100,25,18,14,0.8739,35.607659,86.32,26.86
Structure 14,1200,1.269,4.17,5.3,20,10,16,14,350,3.2,4,8.7,5300,660,16,15,100,1.34,4.14,10,100,25,18,14,0.8739,35.607434,86.32,26.86
Structure 14,1200,1.269,4.17,5.3,20,10,16,14,400,3.2,4,8.7,5300,660,16,15,100,1.34,4.14,10,100,25,18,14,0.8739,35.607362,86.32,26.86
Structure 14,1200,1.269,4.17,5.3,20,10,16,14,450,3.2,4,8.7,5300,660,16,15,100,1.34,4.14,10,100,25,18,14,0.8739,35.607326,86.32,26.86
Structure 14,1200,1.269,4.17,5.3,20,10,16,14,500,3.2,4,8.7,5300,660,16,15,100,1.34,4.14,10,100,25,18,14,0.8739,35.607297,86.32,26.86
Structure 14,1200,1.269,4.17,5.3,20,10,16,14,50,3.2,4,8.7,5300,660,14,15,100,1.34,4.14,10,100,25,18,14,0.874,35.632617,86.29,26.87
Structure 14,1200,1.269,4.17,5.3,20,10,16,14,50,3.2,4,8.7,5300,660,15,15,100,1.34,4.14,10,100,25,18,14,0.874,35.632883,86.29,26.87
Structure 14,1200,1.269,4.17,5.3,20,10,16,14,50,3.2,4,8.7,5300,660,17,15,100,1.34,4.14,10,100,25,18,14,0.874,35.639102,86.3,26.88
Structure 14,1200,1.269,4.17,5.3,20,10,16,14,50,3.2,4,8.7,5300,660,18,15,100,1.34,4.14,10,100,25,18,14,0.874,35.63829,86.3,26.88
Structure 14,1200,1.269,4.17,5.3,20,10,16,14,50,3.2,4,8.7,5300,660,19,15,100,1.34,4.14,10,100,25,18,14,0.874,35.63119,86.31,26.88
Structure 14,1200,1.269,4.17,5.3,20,10,16,14,50,3.2,4,8.7,5300,660,19,14,100,1.34,4.14,10,100,25,18,14,0.874,35.631192,86.31,26.88
Structure 14,1200,1.269,4.17,5.3,20,10,16,14,50,3.2,4,8.7,5300,660,19,16,100,1.34,4.14,10,100,25,18,14,0.874,35.631174,86.31,26.88
Structure 14,1200,1.269,4.17,5.3,20,10,16,14,50,3.2,4,8.7,5300,660,19,17,100,1.34,4.14,10,100,25,18,14,0.874,35.631015,86.31,26.88
Structure 14,1200,1.269,4.17,5.3,20,10,16,14,50,3.2,4,8.7,5300,660,19,18,100,1.34,4.14,10,100,25,18,14,0.874,35.629442,86.31,26.88
Structure 14,1200,1.269,4.17,5.3,20,10,16,14,50,3.2,4,8.7,5300,660,19,19,100,1.34,4.14,10,100,25,18,14,0.874,35.615425,86.31,26.86
Structure 14,1200,1.269,4.17,5.3,20,10,16,14,50,3.2,4,8.7,5300,660,19,14,50,1.34,4.14,10,100,25,18,14,0.8562,35.459119,85.87,26.07
Structure 14,1200,1.269,4.17,5.3,20,10,16,14,50,3.2,4,8.7,5300,660,19,14,150,1.34,4.14,10,100,25,18,14,0.883,35.684384,86.4,27.23
Structure 14,1200,1.269,4.17,5.3,20,10,16,14,50,3.2,4,8.7,5300,660,19,14,200,1.34,4.14,10,100,25,18,14,0.8884,35.712323,86.46,27.43
Structure 14,1200,1.269,4.17,5.3,20,10,16,14,50,3.2,4,8.7,5300,660,19,14,250,1.34,4.14,10,100,25,18,14,0.8925,35.730543,86.47,27.57
Structure 14,1200,1.269,4.17,5.3,20,10,16,14,50,3.2,4,8.7,5300,660,19,14,300,1.34,4.14,10,100,25,18,14,0.8956,35.74389,86.45,27.68
Structure 14,1200,1.269,4.17,5.3,20,10,16,14,50,3.2,4,8.7,5300,660,19,14,350,1.34,4.14,10,100,25,18,14,0.8982,35.754374,86.43,27.76
Structure 14,1200,1.269,4.17,5.3,20,10,16,14,50,3.2,4,8.7,5300,660,19,14,400,1.34,4.14,10,100,25,18,14,0.9003,35.762994,86.4,27.82
Structure 14,1200,1.269,4.17,5.3,20,10,16,14,50,3.2,4,8.7,5300,660,19,14,450,1.34,4.14,10,100,25,18,14,0.9019,35.770306,86.4,27.87
Structure 14,1200,1.269,4.17,5.3,20,10,16,14,50,3.2,4,8.7,5300,660,19,14,500,1.34,4.14,10,100,25,18,14,0.9033,35.776648,86.39,27.92
Structure 14,1200,1.269,4.17,5.3,20,10,16,14,50,3.2,4,8.7,5300,660,19,14,500,1.34,4.14,10,100,25,14,14,0.8047,34.024166,83.32,22.81
Structure 14,1200,1.269,4.17,5.3,20,10,16,14,50,3.2,4,8.7,5300,660,19,14,500,1.34,4.14,10,100,25,15,14,0.8095,34.087918,83.46,23.03
Structure 14,1200,1.269,4.17,5.3,20,10,16,14,50,3.2,4,8.7,5300,660,19,14,500,1.34,4.14,10,100,25,16,14,0.8234,34.650286,84.26,24.04
Structure 14,1200,1.269,4.17,5.3,20,10,16,14,50,3.2,4,8.7,5300,660,19,14,500,1.34,4.14,10,100,25,17,14,0.8622,35.566087,86.02,26.38
Structure 14,1200,1.269,4.17,5.3,20,10,16,14,50,3.2,4,8.7,5300,660,19,14,500,1.34,4.14,10,100,25,19,14,0.9202,35.799767,85.99,28.33
Structure 14,1200,1.269,4.17,5.3,20,10,16,14,50,3.2,4,8.7,5300,660,19,14,500,1.34,4.14,10,100,25,19,15,0.9202,35.799729,85.99,28.33
Structure 14,1200,1.269,4.17,5.3,20,10,16,14,50,3.2,4,8.7,5300,660,19,14,500,1.34,4.14,10,100,25,19,16,0.9201,35.799362,85.99,28.32
Structure 14,1200,1.269,4.17,5.3,20,10,16,14,50,3.2,4,8.7,5300,660,19,14,500,1.34,4.14,10,100,25,19,17,0.9193,35.795973,86.02,28.31
Structure 14,1200,1.269,4.17,5.3,20,10,16,14,50,3.2,4,8.7,5300,660,19,14,500,1.34,4.14,10,100,25,19,18,0.9148,35.776967,86.17,28.2
Structure 14,1200,1.269,4.17,5.3,20,10,16,14,50,3.2,4,8.7,5300,660,19,14,500,1.34,4.14,10,100,25,19,19,0.9039,35.741883,86.39,27.91
Structure 14,100,1.269,4.17,5.3,20,10,16,14,50,3.2,4,8.7,5300,660,19,14,500,1.34,4.14,10,100,25,19,14,0.9705,28.117439,86.57,23.62
Structure 14,100,1.269,4.17,5.3,20,10,14,14,50,3.2,4,8.7,5300,660,19,14,500,1.34,4.14,10,100,25,19,14,0.9703,28.118656,86.52,23.61
Structure 14,100,1.269,4.17,5.3,20,10,15,14,50,3.2,4,8.7,5300,660,19,14,500,1.34,4.14,10,100,25,19,14,0.9703,28.118544,86.52,23.61
Structure 14,100,1.269,4.17,5.3,20,10,17,14,50,3.2,4,8.7,5300,660,19,14,500,1.34,4.14,10,100,25,19,14,0.9736,28.107068,87.39,23.92
Structure 14,100,1.269,4.17,5.3,20,10,18,14,50,3.2,4,8.7,5300,660,19,14,500,1.34,4.14,10,100,25,19,14,0.9769,27.936411,87.73,23.94
Structure 14,100,1.269,4.17,5.3,20,10,19,14,50,3.2,4,8.7,5300,660,19,14,500,1.34,4.14,10,100,25,19,14,0.9788,25.974866,87.67,22.29
Structure 14,100,1.269,4.17,5.3,20,10,18,15,50,3.2,4,8.7,5300,660,19,14,500,1.34,4.14,10,100,25,19,14,0.9707,27.928732,86.6,23.48
Structure 14,100,1.269,4.17,5.3,20,10,18,16,50,3.2,4,8.7,5300,660,19,14,500,1.34,4.14,10,100,25,19,14,0.9337,27.852236,82.58,21.48
Structure 14,100,1.269,4.17,5.3,20,10,18,17,50,3.2,4,8.7,5300,660,19,14,500,1.34,4.14,10,100,25,19,14,0.845,27.115445,78.46,17.98
Structure 14,100,1.269,4.17,5.3,20,10,18,18,50,3.2,4,8.7,5300,660,19,14,500,1.34,4.14,10,100,25,19,14,0.7244,21.78533,71.97,11.36
Structure 14,100,1.269,4.17,5.3,20,10,18,19,50,3.2,4,8.7,5300,660,19,14,500,1.34,4.14,10,100,25,19,14,0.573,10.638706,64.61,3.94
Structure 14,100,1.269,4.17,5.3,20,10,18,15,100,3.2,4,8.7,5300,660,19,14,500,1.34,4.14,10,100,25,19,14,0.9707,27.933047,86.6,23.48
Structure 14,100,1.269,4.17,5.3,20,10,18,15,150,3.2,4,8.7,5300,660,19,14,500,1.34,4.14,10,100,25,19,14,0.9707,27.936794,86.6,23.48
Structure 14,100,1.269,4.17,5.3,20,10,18,15,200,3.2,4,8.7,5300,660,19,14,500,1.34,4.14,10,100,25,19,14,0.9707,27.940057,86.6,23.49
Structure 14,100,1.269,4.17,5.3,20,10,18,15,250,3.2,4,8.7,5300,660,19,14,500,1.34,4.14,10,100,25,19,14,0.9707,27.942904,86.6,23.49
Structure 14,100,1.269,4.17,5.3,20,10,18,15,300,3.2,4,8.7,5300,660,19,14,500,1.34,4.14,10,100,25,19,14,0.9708,27.945395,86.6,23.49
Structure 14,100,1.269,4.17,5.3,20,10,18,15,350,3.2,4,8.7,5300,660,19,14,500,1.34,4.14,10,100,25,19,14,0.9708,27.94758,86.6,23.49
Structure 14,100,1.269,4.17,5.3,20,10,18,15,400,3.2,4,8.7,5300,660,19,14,500,1.34,4.14,10,100,25,19,14,0.9708,27.949501,86.6,23.5
Structure 14,100,1.269,4.17,5.3,20,10,18,15,450,3.2,4,8.7,5300,660,19,14,500,1.34,4.14,10,100,25,19,14,0.9708,27.951193,86.6,23.5
Structure 14,100,1.269,4.17,5.3,20,10,18,15,500,3.2,4,8.7,5300,660,19,14,500,1.34,4.14,10,100,25,19,14,0.9708,27.952687,86.6,23.5
Structure 14,100,1.269,4.17,5.3,20,10,18,15,400,3.2,4,8.7,5300,660,14,14,500,1.34,4.14,10,100,25,19,14,0.9744,26.985812,86.31,22.7
Structure 14,100,1.269,4.17,5.3,20,10,18,15,400,3.2,4,8.7,5300,660,15,14,500,1.34,4.14,10,100,25,19,14,0.9744,27.052,86.4,22.77
Structure 14,100,1.269,4.17,5.3,20,10,18,15,400,3.2,4,8.7,5300,660,16,14,500,1.34,4.14,10,100,25,19,14,0.9743,27.510276,86.49,23.18
Structure 14,100,1.269,4.17,5.3,20,10,18,15,400,3.2,4,8.7,5300,660,17,14,500,1.34,4.14,10,100,25,19,14,0.9739,27.896603,87.58,23.79
Structure 14,100,1.269,4.17,5.3,20,10,18,15,400,3.2,4,8.7,5300,660,18,14,500,1.34,4.14,10,100,25,19,14,0.9707,27.938941,86.63,23.49
Structure 14,100,1.269,4.17,5.3,20,10,18,15,400,3.2,4,8.7,5300,660,17,15,500,1.34,4.14,10,100,25,19,14,0.9739,27.896517,87.58,23.79
Structure 14,100,1.269,4.17,5.3,20,10,18,15,400,3.2,4,8.7,5300,660,17,16,500,1.34,4.14,10,100,25,19,14,0.9739,27.895651,87.58,23.79
Structure 14,100,1.269,4.17,5.3,20,10,18,15,400,3.2,4,8.7,5300,660,17,17,500,1.34,4.14,10,100,25,19,14,0.9739,27.887167,87.56,23.78
Structure 14,100,1.269,4.17,5.3,20,10,18,15,400,3.2,4,8.7,5300,660,17,18,500,1.34,4.14,10,100,25,19,14,0.9738,27.816482,87.46,23.69
Structure 14,100,1.269,4.17,5.3,20,10,18,15,400,3.2,4,8.7,5300,660,17,19,500,1.34,4.14,10,100,25,19,14,0.9735,27.577629,87.32,23.44
Structure 14,100,1.269,4.17,5.3,20,10,18,15,400,3.2,4,8.7,5300,660,17,14,50,1.34,4.14,10,100,25,19,14,0.9072,18.23548,85.03,14.07
Structure 14,100,1.269,4.17,5.3,20,10,18,15,400,3.2,4,8.7,5300,660,17,14,100,1.34,4.14,10,100,25,19,14,0.9273,20.461196,86.2,16.36
Structure 14,100,1.269,4.17,5.3,20,10,18,15,400,3.2,4,8.7,5300,660,17,14,150,1.34,4.14,10,100,25,19,14,0.9398,22.097758,86.64,17.99
Structure 14,100,1.269,4.17,5.3,20,10,18,15,400,3.2,4,8.7,5300,660,17,14,200,1.34,4.14,10,100,25,19,14,0.9478,23.408297,86.96,19.29
Structure 14,100,1.269,4.17,5.3,20,10,18,15,400,3.2,4,8.7,5300,660,17,14,250,1.34,4.14,10,100,25,19,14,0.9544,24.488539,87.14,20.37
Structure 14,100,1.269,4.17,5.3,20,10,18,15,400,3.2,4,8.7,5300,660,17,14,300,1.34,4.14,10,100,25,19,14,0.9601,25.394294,87.23,21.27
Structure 14,100,1.269,4.17,5.3,20,10,18,15,400,3.2,4,8.7,5300,660,17,14,350,1.34,4.14,10,100,25,19,14,0.9642,26.163601,87.36,22.04
Structure 14,100,1.269,4.17,5.3,20,10,18,15,400,3.2,4,8.7,5300,660,17,14,400,1.34,4.14,10,100,25,19,14,0.9677,26.824092,87.46,22.7
Structure 14,100,1.269,4.17,5.3,20,10,18,15,400,3.2,4,8.7,5300,660,17,14,450,1.34,4.14,10,100,25,19,14,0.9709,27.396464,87.53,23.28
Structure 14,100,1.269,4.17,5.3,20,10,18,15,400,3.2,4,8.7,5300,660,17,14,500,1.34,4.14,10,100,25,19,14,0.9739,27.896603,87.58,23.79
Structure 14,100,1.269,4.17,5.3,20,10,18,15,400,3.2,4,8.7,5300,660,17,14,500,1.34,4.14,10,100,25,14,14,0.8353,11.131336,75.81,7.05
Structure 14,100,1.269,4.17,5.3,20,10,18,15,400,3.2,4,8.7,5300,660,17,14,500,1.34,4.14,10,100,25,15,14,0.8383,11.186051,75.84,7.11
Structure 14,100,1.269,4.17,5.3,20,10,18,15,400,3.2,4,8.7,5300,660,17,14,500,1.34,4.14,10,100,25,16,14,0.8443,11.955032,76.17,7.69
Structure 14,100,1.269,4.17,5.3,20,10,18,15,400,3.2,4,8.7,5300,660,17,14,500,1.34,4.14,10,100,25,17,14,0.8672,17.80845,78.97,12.2
Structure 14,100,1.269,4.17,5.3,20,10,18,15,400,3.2,4,8.7,5300,660,17,14,500,1.34,4.14,10,100,25,18,14,0.9182,25.964477,85.09,20.29
Structure 14,100,1.269,4.17,5.3,20,10,18,15,400,3.2,4,8.7,5300,660,17,14,500,1.34,4.14,10,100,25,19,15,0.9738,27.890905,87.58,23.79
Structure 14,100,1.269,4.17,5.3,20,10,18,15,400,3.2,4,8.7,5300,660,17,14,500,1.34,4.14,10,100,25,19,16,0.9731,27.834417,87.57,23.72
Structure 14,100,1.269,4.17,5.3,20,10,18,15,400,3.2,4,8.7,5300,660,17,14,500,1.34,4.14,10,100,25,19,17,0.9675,27.315012,87.44,23.11
Structure 14,100,1.269,4.17,5.3,20,10,18,15,400,3.2,4,8.7,5300,660,17,14,500,1.34,4.14,10,100,25,19,18,0.9445,24.453545,86.77,20.04
Structure 14,100,1.269,4.17,5.3,20,10,18,15,400,3.2,4,8.7,5300,660,17,14,500,1.34,4.14,10,100,25,19,19,0.9123,19.893581,85.25,15.47
Structure 14,1000,1.269,4.17,5.3,20,10,18,15,400,3.2,4,8.7,5300,660,17,14,500,1.34,4.14,10,100,25,19,14,0.9647,34.293746,87.22,28.86
Structure 14,1200,1.269,4.17,5.3,20,10,18,15,400,3.2,4,8.7,5300,660,17,14,500,1.34,4.14,10,100,25,19,14,0.9631,34.314488,87.15,28.8
Structure 28,1000,1.265,3.92,5.85,25,20,17,14,100,2.8,3.8,9,100,25,17,14,50,1.55,3.6,6.5,12,9,17,14,0.9135,35.686133,86.75,28.28
Structure 28,1000,1.265,3.92,5.85,25,20,14,14,100,2.8,3.8,9,100,25,17,14,50,1.55,3.6,6.5,12,9,17,14,0.8533,35.689052,79.15,24.1
Structure 28,1000,1.265,3.92,5.85,25,20,15,14,100,2.8,3.8,9,100,25,17,14,50,1.55,3.6,6.5,12,9,17,14,0.8535,35.68612,80.62,24.55
Structure 28,1000,1.265,3.92,5.85,25,20,16,14,100,2.8,3.8,9,100,25,17,14,50,1.55,3.6,6.5,12,9,17,14,0.8657,35.690105,84.98,26.26
Structure 28,1000,1.265,3.92,5.85,25,20,18,14,100,2.8,3.8,9,100,25,17,14,50,1.55,3.6,6.5,12,9,17,14,0.9726,35.673495,87.86,30.48
Structure 28,1000,1.265,3.92,5.85,25,20,19,14,100,2.8,3.8,9,100,25,17,14,50,1.55,3.6,6.5,12,9,17,14,1.0311,35.604688,88.23,32.39
Structure 28,1000,1.265,3.92,5.85,25,20,19,15,100,2.8,3.8,9,100,25,17,14,50,1.55,3.6,6.5,12,9,17,14,0.9736,34.497542,86.07,28.91
Structure 28,1000,1.265,3.92,5.85,25,20,19,16,100,2.8,3.8,9,100,25,17,14,50,1.55,3.6,6.5,12,9,17,14,0.9203,27.882486,77.83,19.97
Structure 28,1000,1.265,3.92,5.85,25,20,19,17,100,2.8,3.8,9,100,25,17,14,50,1.55,3.6,6.5,12,9,17,14,0.8782,15.834933,66.44,9.24
Structure 28,1000,1.265,3.92,5.85,25,20,19,18,100,2.8,3.8,9,100,25,17,14,50,1.55,3.6,6.5,12,9,17,14,0.8373,5.836932,59.33,2.9
Structure 28,1000,1.265,3.92,5.85,25,20,19,19,100,2.8,3.8,9,100,25,17,14,50,1.55,3.6,6.5,12,9,17,14,0.8036,1.706648,66.42,0.91
Structure 28,1000,1.265,3.92,5.85,25,20,19,14,50,2.8,3.8,9,100,25,17,14,50,1.55,3.6,6.5,12,9,17,14,1.0311,35.619482,88.02,32.33
Structure 28,1000,1.265,3.92,5.85,25,20,19,14,500,2.8,3.8,9,100,25,17,14,50,1.55,3.6,6.5,12,9,17,14,1.0311,35.596147,88.25,32.39
Structure 28,1000,1.265,3.92,5.85,25,20,19,14,400,2.8,3.8,9,100,25,17,14,50,1.55,3.6,6.5,12,9,17,14,1.0311,35.599885,88.25,32.39
Structure 28,1000,1.265,3.92,5.85,25,20,19,14,300,2.8,3.8,9,100,25,17,14,50,1.55,3.6,6.5,12,9,17,14,1.0311,35.602891,88.24,32.39
Structure 28,1000,1.265,3.92,5.85,25,20,19,14,200,2.8,3.8,9,100,25,17,14,50,1.55,3.6,6.5,12,9,17,14,1.0311,35.604899,88.24,32.4
Structure 28,1000,1.265,3.92,5.85,25,20,19,14,150,2.8,3.8,9,100,25,17,14,50,1.55,3.6,6.5,12,9,17,14,1.0311,35.605027,88.24,32.4
Structure 28,1000,1.265,3.92,5.85,25,20,19,14,350,2.8,3.8,9,100,25,17,14,50,1.55,3.6,6.5,12,9,17,14,1.0311,35.601492,88.24,32.39
Structure 28,1000,1.265,3.92,5.85,25,20,19,14,150,2.8,3.8,9,100,25,14,14,50,1.55,3.6,6.5,12,9,17,14,1.0313,35.387444,84.99,31.02
Structure 28,1000,1.265,3.92,5.85,25,20,19,14,150,2.8,3.8,9,100,25,15,14,50,1.55,3.6,6.5,12,9,17,14,1.0312,35.394004,85.35,31.15
Structure 28,1000,1.265,3.92,5.85,25,20,19,14,150,2.8,3.8,9,100,25,16,14,50,1.55,3.6,6.5,12,9,17,14,1.0312,35.446772,87.17,31.86
Structure 28,1000,1.265,3.92,5.85,25,20,19,14,150,2.8,3.8,9,100,25,18,14,50,1.55,3.6,6.5,12,9,17,14,1.031,35.648763,88.47,32.52
Structure 28,1000,1.265,3.92,5.85,25,20,19,14,150,2.8,3.8,9,100,25,19,14,50,1.55,3.6,6.5,12,9,17,14,1.0302,35.640547,88.15,32.37
Structure 28,1000,1.265,3.92,5.85,25,20,19,14,150,2.8,3.8,9,100,25,18,15,50,1.55,3.6,6.5,12,9,17,14,1.031,35.644194,88.47,32.51
Structure 28,1000,1.265,3.92,5.85,25,20,19,14,150,2.8,3.8,9,100,25,18,16,50,1.55,3.6,6.5,12,9,17,14,1.0309,35.602287,88.44,32.46
Structure 28,1000,1.265,3.92,5.85,25,20,19,14,150,2.8,3.8,9,100,25,18,17,50,1.55,3.6,6.5,12,9,17,14,1.0307,35.380322,88.34,32.21
Structure 28,1000,1.265,3.92,5.85,25,20,19,14,150,2.8,3.8,9,100,25,18,18,50,1.55,3.6,6.5,12,9,17,14,1.0305,35.109763,88.28,31.94
Structure 28,1000,1.265,3.92,5.85,25,20,19,14,150,2.8,3.8,9,100,25,18,19,50,1.55,3.6,6.5,12,9,17,14,1.0303,34.909011,88.23,31.73
Structure 28,1000,1.265,3.92,5.85,25,20,19,14,150,2.8,3.8,9,100,25,18,14,100,1.55,3.6,6.5,12,9,17,14,1.031,35.651883,88.47,32.52
Structure 28,1000,1.265,3.92,5.85,25,20,19,14,150,2.8,3.8,9,100,25,18,14,150,1.55,3.6,6.5,12,9,17,14,1.0311,35.654462,88.47,32.52
Structure 28,1000,1.265,3.92,5.85,25,20,19,14,150,2.8,3.8,9,100,25,18,14,200,1.55,3.6,6.5,12,9,17,14,1.0311,35.656617,88.47,32.53
Structure 28,1000,1.265,3.92,5.85,25,20,19,14,150,2.8,3.8,9,100,25,18,14,250,1.55,3.6,6.5,12,9,17,14,1.0312,35.658435,88.47,32.53
Structure 28,1000,1.265,3.92,5.85,25,20,19,14,150,2.8,3.8,9,100,25,18,14,300,1.55,3.6,6.5,12,9,17,14,1.0312,35.659984,88.47,32.53
Structure 28,1000,1.265,3.92,5.85,25,20,19,14,150,2.8,3.8,9,100,25,18,14,200,1.55,3.6,6.5,12,9,14,14,1.0308,35.656061,88.46,32.51
Structure 28,1000,1.265,3.92,5.85,25,20,19,14,150,2.8,3.8,9,100,25,18,14,200,1.55,3.6,6.5,12,9,15,14,1.0308,35.656099,88.46,32.52
Structure 28,1000,1.265,3.92,5.85,25,20,19,14,150,2.8,3.8,9,100,25,18,14,200,1.55,3.6,6.5,12,9,16,14,1.0309,35.656293,88.47,32.52
Structure 28,1000,1.265,3.92,5.85,25,20,19,14,150,2.8,3.8,9,100,25,18,14,200,1.55,3.6,6.5,12,9,18,14,1.0319,35.657338,88.48,32.56
Structure 28,1000,1.265,3.92,5.85,25,20,19,14,150,2.8,3.8,9,100,25,18,14,200,1.55,3.6,6.5,12,9,19,14,1.0325,35.65789,88.48,32.57
Structure 28,1000,1.265,3.92,5.85,25,20,19,14,150,2.8,3.8,9,100,25,18,14,200,1.55,3.6,6.5,12,9,19,15,1.0325,35.657882,88.48,32.57
Structure 28,1000,1.265,3.92,5.85,25,20,19,14,150,2.8,3.8,9,100,25,18,14,200,1.55,3.6,6.5,12,9,19,16,1.0325,35.657799,88.48,32.57
Structure 28,1000,1.265,3.92,5.85,25,20,19,14,150,2.8,3.8,9,100,25,18,14,200,1.55,3.6,6.5,12,9,19,17,1.0324,35.657063,88.48,32.57
Structure 28,1000,1.265,3.92,5.85,25,20,19,14,150,2.8,3.8,9,100,25,18,14,200,1.55,3.6,6.5,12,9,19,18,1.0322,35.653698,88.48,32.56
Structure 28,1000,1.265,3.92,5.85,25,20,19,14,150,2.8,3.8,9,100,25,18,14,200,1.55,3.6,6.5,12,9,19,19,1.0317,35.649117,88.48,32.54
Structure 28,1200,1.265,3.92,5.85,25,20,19,14,150,2.8,3.8,9,100,25,18,14,200,1.55,3.6,6.5,12,9,19,14,1.028,35.878468,88.44,32.62
Structure 28,100,1.265,3.92,5.85,25,20,19,14,150,2.8,3.8,9,100,25,18,14,200,1.55,3.6,6.5,12,9,19,14,1.0778,21.901509,88.79,20.96
Structure 28,200,1.265,3.92,5.85,25,20,19,14,150,2.8,3.8,9,100,25,18,14,200,1.55,3.6,6.5,12,9,19,14,1.0666,27.591661,88.75,26.12
Structure 28,300,1.265,3.92,5.85,25,20,19,14,150,2.8,3.8,9,100,25,18,14,200,1.55,3.6,6.5,12,9,19,14,1.0597,30.740084,88.67,28.88
Structure 28,400,1.265,3.92,5.85,25,20,19,14,150,2.8,3.8,9,100,25,18,14,200,1.55,3.6,6.5,12,9,19,14,1.0534,32.581924,88.66,30.43
Structure 28,500,1.265,3.92,5.85,25,20,19,14,150,2.8,3.8,9,100,25,18,14,200,1.55,3.6,6.5,12,9,19,14,1.0486,33.713652,88.62,31.33
Structure 28,600,1.265,3.92,5.85,25,20,19,14,150,2.8,3.8,9,100,25,18,14,200,1.55,3.6,6.5,12,9,19,14,1.0447,34.439348,88.58,31.87
Structure 28,700,1.265,3.92,5.85,25,20,19,14,150,2.8,3.8,9,100,25,18,14,200,1.55,3.6,6.5,12,9,19,14,1.0414,34.922168,88.52,32.19
Structure 28,800,1.265,3.92,5.85,25,20,19,14,150,2.8,3.8,9,100,25,18,14,200,1.55,3.6,6.5,12,9,19,14,1.0382,35.253848,88.5,32.39
Structure 28,900,1.265,3.92,5.85,25,20,19,14,150,2.8,3.8,9,100,25,18,14,200,1.55,3.6,6.5,12,9,19,14,1.0351,35.488179,88.5,32.51
Structure 8,500,1.258,3.85,5.9,20,25,18,14,50,1.85,4.26,17.7,50,25,17,14,200,2.2,3.4,7.5,200,8600,18,14,0.9203,33.902877,78.08,24.36
Structure 8,100,1.258,3.85,5.9,20,25,18,14,50,1.85,4.26,17.7,50,25,17,14,200,2.2,3.4,7.5,200,8600,18,14,0.8968,19.790446,78.2,13.88
Structure 8,200,1.258,3.85,5.9,20,25,18,14,50,1.85,4.26,17.7,50,25,17,14,200,2.2,3.4,7.5,200,8600,18,14,0.9112,26.716833,78.08,19.01
Structure 8,300,1.258,3.85,5.9,20,25,18,14,50,1.85,4.26,17.7,50,25,17,14,200,2.2,3.4,7.5,200,8600,18,14,0.9169,30.469002,78.04,21.8
Structure 8,400,1.258,3.85,5.9,20,25,18,14,50,1.85,4.26,17.7,50,25,17,14,200,2.2,3.4,7.5,200,8600,18,14,0.9193,32.614144,78.05,23.4
Structure 8,600,1.258,3.85,5.9,20,25,18,14,50,1.85,4.26,17.7,50,25,17,14,200,2.2,3.4,7.5,200,8600,18,14,0.9206,34.712789,78.12,24.96
Structure 8,700,1.258,3.85,5.9,20,25,18,14,50,1.85,4.26,17.7,50,25,17,14,200,2.2,3.4,7.5,200,8600,18,14,0.9204,35.242872,78.17,25.36
Structure 8,800,1.258,3.85,5.9,20,25,18,14,50,1.85,4.26,17.7,50,25,17,14,200,2.2,3.4,7.5,200,8600,18,14,0.9201,35.602621,78.22,25.62
Structure 8,900,1.258,3.85,5.9,20,25,18,14,50,1.85,4.26,17.7,50,25,17,14,200,2.2,3.4,7.5,200,8600,18,14,0.9197,35.854777,78.26,25.81
Structure 8,1000,1.258,3.85,5.9,20,25,18,14,50,1.85,4.26,17.7,50,25,17,14,200,2.2,3.4,7.5,200,8600,18,14,0.9192,36.036588,78.31,25.94
Structure 8,1100,1.258,3.85,5.9,20,25,18,14,50,1.85,4.26,17.7,50,25,17,14,200,2.2,3.4,7.5,200,8600,18,14,0.9187,36.170982,78.36,26.04
Structure 8,1200,1.258,3.85,5.9,20,25,18,14,50,1.85,4.26,17.7,50,25,17,14,200,2.2,3.4,7.5,200,8600,18,14,0.9181,36.27249,78.4,26.11
Structure 8,1300,1.258,3.85,5.9,20,25,18,14,50,1.85,4.26,17.7,50,25,17,14,200,2.2,3.4,7.5,200,8600,18,14,0.9176,36.350586,78.44,26.16
Structure 8,1000,1.258,3.85,5.9,20,25,14,14,50,1.85,4.26,17.7,50,25,17,14,200,2.2,3.4,7.5,200,8600,18,14,0.8382,36.081119,73.71,22.29
Structure 8,1000,1.258,3.85,5.9,20,25,15,14,50,1.85,4.26,17.7,50,25,17,14,200,2.2,3.4,7.5,200,8600,18,14,0.8387,36.073643,75.5,22.84
Structure 8,1000,1.258,3.85,5.9,20,25,16,14,50,1.85,4.26,17.7,50,25,17,14,200,2.2,3.4,7.5,200,8600,18,14,0.8516,36.070124,79.79,24.51
Structure 8,1000,1.258,3.85,5.9,20,25,17,14,50,1.85,4.26,17.7,50,25,17,14,200,2.2,3.4,7.5,200,8600,18,14,0.8906,36.052148,79.37,25.48
Structure 8,1000,1.258,3.85,5.9,20,25,19,14,50,1.85,4.26,17.7,50,25,17,14,200,2.2,3.4,7.5,200,8600,18,14,0.9312,36.035128,80.41,26.98
Structure 8,1000,1.258,3.85,5.9,20,25,19,15,50,1.85,4.26,17.7,50,25,17,14,200,2.2,3.4,7.5,200,8600,18,14,0.9222,35.314005,81,26.38
Structure 8,1000,1.258,3.85,5.9,20,25,19,16,50,1.85,4.26,17.7,50,25,17,14,200,2.2,3.4,7.5,200,8600,18,14,0.895,30.992103,82.37,22.85
Structure 8,1000,1.258,3.85,5.9,20,25,19,17,50,1.85,4.26,17.7,50,25,17,14,200,2.2,3.4,7.5,200,8600,18,14,0.8623,22.719019,83.19,16.3
Structure 8,1000,1.258,3.85,5.9,20,25,19,18,50,1.85,4.26,17.7,50,25,17,14,200,2.2,3.4,7.5,200,8600,18,14,0.8247,14.144505,83.17,9.7
Structure 8,1000,1.258,3.85,5.9,20,25,19,19,50,1.85,4.26,17.7,50,25,17,14,200,2.2,3.4,7.5,200,8600,18,14,0.7843,8.240721,82.22,5.31
Structure 8,1000,1.258,3.85,5.9,20,25,19,14,100,1.85,4.26,17.7,50,25,17,14,200,2.2,3.4,7.5,200,8600,18,14,0.9312,36.026795,80.44,26.98
Structure 8,1000,1.258,3.85,5.9,20,25,19,14,150,1.85,4.26,17.7,50,25,17,14,200,2.2,3.4,7.5,200,8600,18,14,0.9312,36.025727,80.44,26.98
Structure 8,1000,1.258,3.85,5.9,20,25,19,14,200,1.85,4.26,17.7,50,25,17,14,200,2.2,3.4,7.5,200,8600,18,14,0.9312,36.025362,80.43,26.98
Structure 8,1000,1.258,3.85,5.9,20,25,19,14,250,1.85,4.26,17.7,50,25,17,14,200,2.2,3.4,7.5,200,8600,18,14,0.9312,36.025049,80.43,26.98
Structure 8,1000,1.258,3.85,5.9,20,25,19,14,300,1.85,4.26,17.7,50,25,17,14,200,2.2,3.4,7.5,200,8600,18,14,0.9312,36.024521,80.43,26.98
Structure 8,1000,1.258,3.85,5.9,20,25,19,14,400,1.85,4.26,17.7,50,25,17,14,200,2.2,3.4,7.5,200,8600,18,14,0.9311,36.022361,80.42,26.97
Structure 8,1000,1.258,3.85,5.9,20,25,19,14,500,1.85,4.26,17.7,50,25,17,14,200,2.2,3.4,7.5,200,8600,18,14,0.9311,36.018099,80.41,26.97
Structure 8,1000,1.258,3.85,5.9,20,25,19,14,600,1.85,4.26,17.7,50,25,17,14,200,2.2,3.4,7.5,200,8600,18,14,0.9311,36.011226,80.4,26.96
Structure 8,1000,1.258,3.85,5.9,20,25,19,14,150,1.85,4.26,17.7,50,25,14,14,200,2.2,3.4,7.5,200,8600,18,14,0.9315,36.026946,80.64,27.06
Structure 8,1000,1.258,3.85,5.9,20,25,19,14,150,1.85,4.26,17.7,50,25,15,14,200,2.2,3.4,7.5,200,8600,18,14,0.9315,36.026893,80.64,27.06
Structure 8,1000,1.258,3.85,5.9,20,25,19,14,150,1.85,4.26,17.7,50,25,16,14,200,2.2,3.4,7.5,200,8600,18,14,0.9314,36.026484,80.62,27.05
Structure 8,1000,1.258,3.85,5.9,20,25,19,14,150,1.85,4.26,17.7,50,25,18,14,200,2.2,3.4,7.5,200,8600,18,14,0.9295,36.025425,79.35,26.57
Structure 8,1000,1.258,3.85,5.9,20,25,19,14,150,1.85,4.26,17.7,50,25,19,14,200,2.2,3.4,7.5,200,8600,18,14,0.9218,36.024447,77.85,25.85
Structure 8,1000,1.258,3.85,5.9,20,25,19,14,150,1.85,4.26,17.7,50,25,15,15,200,2.2,3.4,7.5,200,8600,18,14,0.9311,36.026424,80.58,27.03
Structure 8,1000,1.258,3.85,5.9,20,25,19,14,150,1.85,4.26,17.7,50,25,15,16,200,2.2,3.4,7.5,200,8600,18,14,0.9285,36.021731,79.95,26.74
Structure 8,1000,1.258,3.85,5.9,20,25,19,14,150,1.85,4.26,17.7,50,25,15,17,200,2.2,3.4,7.5,200,8600,18,14,0.9219,35.97496,75.66,25.09
Structure 8,1000,1.258,3.85,5.9,20,25,19,14,150,1.85,4.26,17.7,50,25,15,18,200,2.2,3.4,7.5,200,8600,18,14,0.9188,35.522602,66.57,21.73
Structure 8,1000,1.258,3.85,5.9,20,25,19,14,150,1.85,4.26,17.7,50,25,15,19,200,2.2,3.4,7.5,200,8600,18,14,0.9183,32.240834,69.17,20.48
Structure 8,1000,1.258,3.85,5.9,20,25,19,14,150,1.85,4.26,17.7,50,25,15,14,50,2.2,3.4,7.5,200,8600,18,14,0.9315,36.026856,80.64,27.06
Structure 8,1000,1.258,3.85,5.9,20,25,19,14,150,1.85,4.26,17.7,50,25,15,14,100,2.2,3.4,7.5,200,8600,18,14,0.9315,36.02687,80.64,27.06
Structure 8,1000,1.258,3.85,5.9,20,25,19,14,150,1.85,4.26,17.7,50,25,15,14,150,2.2,3.4,7.5,200,8600,18,14,0.9315,36.026882,80.64,27.06
Structure 8,1000,1.258,3.85,5.9,20,25,19,14,150,1.85,4.26,17.7,50,25,15,14,200,2.2,3.4,7.5,200,8600,18,14,0.9315,36.026893,80.64,27.06
Structure 8,1000,1.258,3.85,5.9,20,25,19,14,150,1.85,4.26,17.7,50,25,15,14,300,2.2,3.4,7.5,200,8600,18,14,0.9315,36.026912,80.64,27.06
Structure 8,1000,1.258,3.85,5.9,20,25,19,14,150,1.85,4.26,17.7,50,25,15,14,400,2.2,3.4,7.5,200,8600,18,14,0.9315,36.026928,80.64,27.06
Structure 8,1000,1.258,3.85,5.9,20,25,19,14,150,1.85,4.26,17.7,50,25,15,14,500,2.2,3.4,7.5,200,8600,18,14,0.9315,36.026942,80.64,27.06
Structure 8,1000,1.258,3.85,5.9,20,25,19,14,150,1.85,4.26,17.7,50,25,15,14,400,2.2,3.4,7.5,200,8600,18,14,0.9315,36.026953,80.64,27.06
Structure 8,1000,1.258,3.85,5.9,20,25,19,14,150,1.85,4.26,17.7,50,25,15,14,50,2.2,3.4,7.5,200,8600,14,14,0.9314,36.026627,77.98,26.17
Structure 8,1000,1.258,3.85,5.9,20,25,19,14,150,1.85,4.26,17.7,50,25,15,14,50,2.2,3.4,7.5,200,8600,15,14,0.9314,36.026628,78,26.17
Structure 8,1000,1.258,3.85,5.9,20,25,19,14,150,1.85,4.26,17.7,50,25,15,14,50,2.2,3.4,7.5,200,8600,16,14,0.9314,36.026641,78.18,26.23
Structure 8,1000,1.258,3.85,5.9,20,25,19,14,150,1.85,4.26,17.7,50,25,15,14,50,2.2,3.4,7.5,200,8600,17,14,0.9314,36.026715,79.2,26.58
Structure 8,1000,1.258,3.85,5.9,20,25,19,14,150,1.85,4.26,17.7,50,25,15,14,50,2.2,3.4,7.5,200,8600,19,14,0.9314,36.026917,81,27.18
Structure 8,1000,1.258,3.85,5.9,20,25,19,14,150,1.85,4.26,17.7,50,25,15,14,50,2.2,3.4,7.5,200,8600,19,15,0.9314,36.026917,81,27.18
Structure 8,1000,1.258,3.85,5.9,20,25,19,14,150,1.85,4.26,17.7,50,25,15,14,50,2.2,3.4,7.5,200,8600,19,16,0.9314,36.026917,81,27.18
Structure 8,1000,1.258,3.85,5.9,20,25,19,14,150,1.85,4.26,17.7,50,25,15,14,50,2.2,3.4,7.5,200,8600,19,17,0.9314,36.026917,81,27.18
Structure 8,1000,1.258,3.85,5.9,20,25,19,14,150,1.85,4.26,17.7,50,25,15,14,50,2.2,3.4,7.5,200,8600,19,18,0.9314,36.026917,81,27.18
Structure 8,1000,1.258,3.85,5.9,20,25,19,14,150,1.85,4.26,17.7,50,25,15,14,50,2.2,3.4,7.5,200,8600,19,19,0.9314,36.026917,81,27.18
Structure 2,100,1.25,4.198,5.85,100,20,17,14,100,2,3.9,3.9,0.2,0.2,18,14,100,1.9,3.6,5.4,30,10,18,15,0.9881,20.255572,85.27,17.07
Structure 2,200,1.25,4.198,5.85,100,20,17,14,100,2,3.9,3.9,0.2,0.2,18,14,100,1.9,3.6,5.4,30,10,18,15,0.9742,27.027253,86.18,22.69
Structure 2,300,1.25,4.198,5.85,100,20,17,14,100,2,3.9,3.9,0.2,0.2,18,14,100,1.9,3.6,5.4,30,10,18,15,0.9656,30.713143,86.5,25.65
Structure 2,400,1.25,4.198,5.85,100,20,17,14,100,2,3.9,3.9,0.2,0.2,18,14,100,1.9,3.6,5.4,30,10,18,15,0.9593,32.827963,86.65,27.29
Structure 2,500,1.25,4.198,5.85,100,20,17,14,100,2,3.9,3.9,0.2,0.2,18,14,100,1.9,3.6,5.4,30,10,18,15,0.9537,34.102097,86.77,28.22
Structure 2,600,1.25,4.198,5.85,100,20,17,14,100,2,3.9,3.9,0.2,0.2,18,14,100,1.9,3.6,5.4,30,10,18,15,0.9492,34.904179,86.84,28.77
Structure 2,700,1.25,4.198,5.85,100,20,17,14,100,2,3.9,3.9,0.2,0.2,18,14,100,1.9,3.6,5.4,30,10,18,15,0.9454,35.429173,86.87,29.1
Structure 2,800,1.25,4.198,5.85,100,20,17,14,100,2,3.9,3.9,0.2,0.2,18,14,100,1.9,3.6,5.4,30,10,18,15,0.9422,35.786902,86.88,29.29
Structure 2,900,1.25,4.198,5.85,100,20,17,14,100,2,3.9,3.9,0.2,0.2,18,14,100,1.9,3.6,5.4,30,10,18,15,0.9392,36.038634,86.9,29.41
Structure 2,1000,1.25,4.198,5.85,100,20,17,14,100,2,3.9,3.9,0.2,0.2,18,14,100,1.9,3.6,5.4,30,10,18,15,0.9363,36.219664,86.93,29.48
Structure 2,1100,1.25,4.198,5.85,100,20,17,14,100,2,3.9,3.9,0.2,0.2,18,14,100,1.9,3.6,5.4,30,10,18,15,0.9337,36.355747,86.95,29.52
Structure 2,1200,1.25,4.198,5.85,100,20,17,14,100,2,3.9,3.9,0.2,0.2,18,14,100,1.9,3.6,5.4,30,10,18,15,0.9314,36.457799,86.96,29.53
Structure 2,1300,1.25,4.198,5.85,100,20,17,14,100,2,3.9,3.9,0.2,0.2,18,14,100,1.9,3.6,5.4,30,10,18,15,0.9294,36.536862,86.96,29.53
Structure 2,1400,1.25,4.198,5.85,100,20,17,14,100,2,3.9,3.9,0.2,0.2,18,14,100,1.9,3.6,5.4,30,10,18,15,0.9275,36.601664,86.96,29.52
Structure 2,1000,1.25,4.198,5.85,100,20,14,14,100,2,3.9,3.9,0.2,0.2,18,14,100,1.9,3.6,5.4,30,10,18,15,0.8771,36.191996,79.55,25.25
Structure 2,1000,1.25,4.198,5.85,100,20,15,14,100,2,3.9,3.9,0.2,0.2,18,14,100,1.9,3.6,5.4,30,10,18,15,0.8774,36.191176,80.93,25.7
Structure 2,1000,1.25,4.198,5.85,100,20,16,14,100,2,3.9,3.9,0.2,0.2,18,14,100,1.9,3.6,5.4,30,10,18,15,0.8889,36.203267,85.21,27.42
Structure 2,1000,1.25,4.198,5.85,100,20,18,14,100,2,3.9,3.9,0.2,0.2,18,14,100,1.9,3.6,5.4,30,10,18,15,0.9944,36.227677,87.52,31.53
Structure 2,1000,1.25,4.198,5.85,100,20,18,15,100,2,3.9,3.9,0.2,0.2,18,14,100,1.9,3.6,5.4,30,10,18,15,0.9332,36.094664,85.7,28.87
Structure 2,1000,1.25,4.198,5.85,100,20,18,16,100,2,3.9,3.9,0.2,0.2,18,14,100,1.9,3.6,5.4,30,10,18,15,0.8708,34.923823,80.62,24.52
Structure 2,1000,1.25,4.198,5.85,100,20,18,17,100,2,3.9,3.9,0.2,0.2,18,14,100,1.9,3.6,5.4,30,10,18,15,0.8045,29.650374,66.79,15.93
Structure 2,1000,1.25,4.198,5.85,100,20,18,18,100,2,3.9,3.9,0.2,0.2,18,14,100,1.9,3.6,5.4,30,10,18,15,0.7329,21.88203,43.52,6.98
Structure 2,1000,1.25,4.198,5.85,100,20,18,19,100,2,3.9,3.9,0.2,0.2,18,14,100,1.9,3.6,5.4,30,10,18,15,0.7145,13.570681,30.32,2.94
Structure 2,1000,1.25,4.198,5.85,100,20,18,20,100,2,3.9,3.9,0.2,0.2,18,14,100,1.9,3.6,5.4,30,10,18,15,0.7133,6.02267,66.64,2.86
Structure 2,1000,1.25,4.198,5.85,100,20,18,14,200,2,3.9,3.9,0.2,0.2,18,14,100,1.9,3.6,5.4,30,10,18,15,0.9943,36.062096,87.5,31.37
Structure 2,1000,1.25,4.198,5.85,100,20,18,14,300,2,3.9,3.9,0.2,0.2,18,14,100,1.9,3.6,5.4,30,10,18,15,0.994,35.687064,87.46,31.03
Structure 2,1000,1.25,4.198,5.85,100,20,18,14,400,2,3.9,3.9,0.2,0.2,18,14,100,1.9,3.6,5.4,30,10,18,15,0.9936,35.102212,87.42,30.49
Structure 2,1000,1.25,4.198,5.85,100,20,18,14,500,2,3.9,3.9,0.2,0.2,18,14,100,1.9,3.6,5.4,30,10,18,15,0.993,34.345054,87.38,29.8
Structure 2,1000,1.25,4.198,5.85,100,20,18,14,50,2,3.9,3.9,0.2,0.2,18,14,100,1.9,3.6,5.4,30,10,18,15,0.9944,36.25101,87.52,31.55
Structure 2,1000,1.25,4.198,5.85,100,20,18,14,50,2,3.9,3.9,0.2,0.2,15,14,100,1.9,3.6,5.4,30,10,18,15,0.9998,30.982136,48.77,15.11
Structure 2,1000,1.25,4.198,5.85,100,20,18,14,50,2,3.9,3.9,0.2,0.2,16,14,100,1.9,3.6,5.4,30,10,18,15,0.9991,31.754635,50.86,16.14
Structure 2,1000,1.25,4.198,5.85,100,20,18,14,50,2,3.9,3.9,0.2,0.2,17,14,100,1.9,3.6,5.4,30,10,18,15,0.9966,35.545751,67.5,23.91
Structure 2,1000,1.25,4.198,5.85,100,20,18,14,50,2,3.9,3.9,0.2,0.2,19,14,100,1.9,3.6,5.4,30,10,18,15,0.9944,36.242716,87.7,31.61
Structure 2,1000,1.25,4.198,5.85,100,20,18,14,50,2,3.9,3.9,0.2,0.2,14,14,100,1.9,3.6,5.4,30,10,18,15,0.9999,30.899869,48.56,15
Structure 2,1000,1.25,4.198,5.85,100,20,18,14,50,2,3.9,3.9,0.2,0.2,19,15,100,1.9,3.6,5.4,30,10,18,15,0.9944,36.205579,87.7,31.57
Structure 2,1000,1.25,4.198,5.85,100,20,18,14,50,2,3.9,3.9,0.2,0.2,19,16,100,1.9,3.6,5.4,30,10,18,15,0.9941,35.888717,87.67,31.28
Structure 2,1000,1.25,4.198,5.85,100,20,18,14,50,2,3.9,3.9,0.2,0.2,19,17,100,1.9,3.6,5.4,30,10,18,15,0.9932,34.700118,87.61,30.19
Structure 2,1000,1.25,4.198,5.85,100,20,18,14,50,2,3.9,3.9,0.2,0.2,19,18,100,1.9,3.6,5.4,30,10,18,15,0.9924,33.816834,87.6,29.4
Structure 2,1000,1.25,4.198,5.85,100,20,18,14,50,2,3.9,3.9,0.2,0.2,19,19,100,1.9,3.6,5.4,30,10,18,15,0.9922,33.510997,87.6,29.13
Structure 2,1000,1.25,4.198,5.85,100,20,18,14,50,2,3.9,3.9,0.2,0.2,19,14,400,1.9,3.6,5.4,30,10,18,15,0.9944,36.243404,87.7,31.61
Structure 2,1000,1.25,4.198,5.85,100,20,18,14,50,2,3.9,3.9,0.2,0.2,19,14,100,1.9,3.6,5.4,30,10,14,15,0.9944,36.242364,87.44,31.51
Structure 2,1000,1.25,4.198,5.85,100,20,18,14,50,2,3.9,3.9,0.2,0.2,19,14,100,1.9,3.6,5.4,30,10,15,15,0.9946,36.242402,87.17,31.42
Structure 2,1000,1.25,4.198,5.85,100,20,18,14,50,2,3.9,3.9,0.2,0.2,19,14,100,1.9,3.6,5.4,30,10,16,15,0.9945,36.242426,87.33,31.48
Structure 2,1000,1.25,4.198,5.85,100,20,18,14,50,2,3.9,3.9,0.2,0.2,19,14,100,1.9,3.6,5.4,30,10,17,15,0.9944,36.242576,87.61,31.57
Structure 2,1000,1.25,4.198,5.85,100,20,18,14,50,2,3.9,3.9,0.2,0.2,19,14,100,1.9,3.6,5.4,30,10,18,15,0.9944,36.242716,87.7,31.61
Structure 2,1000,1.25,4.198,5.85,100,20,18,14,50,2,3.9,3.9,0.2,0.2,19,14,100,1.9,3.6,5.4,30,10,19,15,0.9944,36.24278,87.73,31.62
Structure 2,1000,1.25,4.198,5.85,100,20,18,14,50,2,3.9,3.9,0.2,0.2,19,14,100,1.9,3.6,5.4,30,10,19,16,0.9944,36.24278,87.73,31.62
Structure 2,1000,1.25,4.198,5.85,100,20,18,14,50,2,3.9,3.9,0.2,0.2,19,14,100,1.9,3.6,5.4,30,10,19,14,0.9944,36.24278,87.73,31.62
Structure 2,1000,1.25,4.198,5.85,100,20,18,14,50,2,3.9,3.9,0.2,0.2,19,14,100,1.9,3.6,5.4,30,10,19,17,0.9944,36.242777,87.73,31.62
Structure 2,1000,1.25,4.198,5.85,100,20,18,14,50,2,3.9,3.9,0.2,0.2,19,14,100,1.9,3.6,5.4,30,10,19,18,0.9944,36.242754242777,87.73,31.62
Structure 2,1000,1.25,4.198,5.85,100,20,18,14,50,2,3.9,3.9,0.2,0.2,19,14,100,1.9,3.6,5.4,30,10,19,19,0.9944,36.242646,87.73,31.62
Structure 10,100,1.25,4.198,5.85,100,20,17,14,50,1.7,3.9,4.2,0.08,0.0035,18,14,200,1.5,3.55,13.6,25,25,18,15,0.9599,25.068786,81.54,19.62
Structure 10,200,1.25,4.198,5.85,100,20,17,14,50,1.7,3.9,4.2,0.08,0.0035,18,14,200,1.5,3.55,13.6,25,25,18,15,0.9547,29.210376,82.54,23.02
Structure 10,300,1.25,4.198,5.85,100,20,17,14,50,1.7,3.9,4.2,0.08,0.0035,18,14,200,1.5,3.55,13.6,25,25,18,15,0.9498,31.651632,83.14,24.99
Structure 10,400,1.25,4.198,5.85,100,20,17,14,50,1.7,3.9,4.2,0.08,0.0035,18,14,200,1.5,3.55,13.6,25,25,18,15,0.9456,33.156242,83.55,26.2
Structure 10,500,1.25,4.198,5.85,100,20,17,14,50,1.7,3.9,4.2,0.08,0.0035,18,14,200,1.5,3.55,13.6,25,25,18,15,0.9419,34.122551,83.85,26.95
Structure 10,600,1.25,4.198,5.85,100,20,17,14,50,1.7,3.9,4.2,0.08,0.0035,18,14,200,1.5,3.55,13.6,25,25,18,15,0.9386,34.765942,84.1,27.44
Structure 10,700,1.25,4.198,5.85,100,20,17,14,50,1.7,3.9,4.2,0.08,0.0035,18,14,200,1.5,3.55,13.6,25,25,18,15,0.9354,35.208181,84.31,27.77
Structure 10,800,1.25,4.198,5.85,100,20,17,14,50,1.7,3.9,4.2,0.08,0.0035,18,14,200,1.5,3.55,13.6,25,25,18,15,0.9327,35.520705,84.48,27.99
Structure 10,900,1.25,4.198,5.85,100,20,17,14,50,1.7,3.9,4.2,0.08,0.0035,18,14,200,1.5,3.55,13.6,25,25,18,15,0.9302,35.747621,84.62,28.14
Structure 10,1000,1.25,4.198,5.85,100,20,17,14,50,1.7,3.9,4.2,0.08,0.0035,18,14,200,1.5,3.55,13.6,25,25,18,15,0.928,35.914416,84.73,28.24
Structure 10,1100,1.25,4.198,5.85,100,20,17,14,50,1.7,3.9,4.2,0.08,0.0035,18,14,200,1.5,3.55,13.6,25,25,18,15,0.926,36.040517,84.83,28.31
Structure 10,1200,1.25,4.198,5.85,100,20,17,14,50,1.7,3.9,4.2,0.08,0.0035,18,14,200,1.5,3.55,13.6,25,25,18,15,0.9241,36.139477,84.92,28.36
Structure 10,850,1.25,4.198,5.85,100,20,17,14,50,1.7,3.9,4.2,0.08,0.0035,18,14,200,1.5,3.55,13.6,25,25,18,15,0.9314,35.642116,84.55,28.07
Structure 10,750,1.25,4.198,5.85,100,20,17,14,50,1.7,3.9,4.2,0.08,0.0035,18,14,200,1.5,3.55,13.6,25,25,18,15,0.934,35.377992,84.4,27.89
Structure 10,450,1.25,4.198,5.85,100,20,17,14,50,1.7,3.9,4.2,0.08,0.0035,18,14,200,1.5,3.55,13.6,25,25,18,15,0.9437,33.690558,26.62,26.62
Structure 10,350,1.25,4.198,5.85,100,20,17,14,50,1.7,3.9,4.2,0.08,0.0035,18,14,200,1.5,3.55,13.6,25,25,18,15,0.9476,32.490195,83.36,25.67
Structure 10,50,1.25,4.198,5.85,100,20,17,14,50,1.7,3.9,4.2,0.08,0.0035,18,14,200,1.5,3.55,13.6,25,25,18,15,0.9635,21.977059,81.1,17.17
Structure 10,1200,1.25,4.198,5.85,100,20,14,14,50,1.7,3.9,4.2,0.08,0.0035,18,14,200,1.5,3.55,13.6,25,25,18,15,0.8642,36.148066,78.02,24.37
Structure 10,1200,1.25,4.198,5.85,100,20,15,14,50,1.7,3.9,4.2,0.08,0.0035,18,14,200,1.5,3.55,13.6,25,25,18,15,0.8643,36.141742,79.61,24.87
Structure 10,1200,1.25,4.198,5.85,100,20,16,14,50,1.7,3.9,4.2,0.08,0.0035,18,14,200,1.5,3.55,13.6,25,25,18,15,0.878,36.1425,84.22,26.73
Structure 10,1200,1.25,4.198,5.85,100,20,18,14,50,1.7,3.9,4.2,0.08,0.0035,18,14,200,1.5,3.55,13.6,25,25,18,15,0.971,36.173983,82.98,29.14
Structure 10,1200,1.25,4.198,5.85,100,20,19,14,50,1.7,3.9,4.2,0.08,0.0035,18,14,200,1.5,3.55,13.6,25,25,18,15,1.0377,21.605634,28.3,6.35
Structure 10,1200,1.25,4.198,5.85,100,20,18,15,50,1.7,3.9,4.2,0.08,0.0035,18,14,200,1.5,3.55,13.6,25,25,18,15,0.9214,35.822061,82.47,27.22
Structure 10,1200,1.25,4.198,5.85,100,20,18,16,50,1.7,3.9,4.2,0.08,0.0035,18,14,200,1.5,3.55,13.6,25,25,18,15,0.8626,33.473187,75.81,21.89
Structure 10,1200,1.25,4.198,5.85,100,20,18,17,50,1.7,3.9,4.2,0.08,0.0035,18,14,200,1.5,3.55,13.6,25,25,18,15,0.8035,28.999201,61.73,14.38
Structure 10,1200,1.25,4.198,5.85,100,20,18,18,50,1.7,3.9,4.2,0.08,0.0035,18,14,200,1.5,3.55,13.6,25,25,18,15,0.7509,21.941873,39.52,6.51
Structure 10,1200,1.25,4.198,5.85,100,20,18,19,50,1.7,3.9,4.2,0.08,0.0035,18,14,200,1.5,3.55,13.6,25,25,18,15,0.7464,13.653563,27.66,2.82
Structure 10,1200,1.25,4.198,5.85,100,20,18,19,100,1.7,3.9,4.2,0.08,0.0035,18,14,200,1.5,3.55,13.6,25,25,18,15,0.7631,14.482803,37.62,4.16
Structure 10,1200,1.25,4.198,5.85,100,20,18,19,150,1.7,3.9,4.2,0.08,0.0035,18,14,200,1.5,3.55,13.6,25,25,18,15,0.7632,13.517781,40.47,4.18
Structure 10,1200,1.25,4.198,5.85,100,20,18,19,200,1.7,3.9,4.2,0.08,0.0035,18,14,200,1.5,3.55,13.6,25,25,18,15,0.7572,11.868285,40.44,3.63
Structure 10,1200,1.25,4.198,5.85,100,20,18,19,250,1.7,3.9,4.2,0.08,0.0035,18,14,200,1.5,3.55,13.6,25,25,18,15,0.7485,10.194559,39.03,2.98
Structure 10,1200,1.25,4.198,5.85,100,20,18,19,300,1.7,3.9,4.2,0.08,0.0035,18,14,200,1.5,3.55,13.6,25,25,18,15,0.7389,8.731358,36.83,2.38
Structure 10,1200,1.25,4.198,5.85,100,20,18,19,350,1.7,3.9,4.2,0.08,0.0035,18,14,200,1.5,3.55,13.6,25,25,18,15,0.7285,7.524646,34.15,1.87
Structure 10,1200,1.25,4.198,5.85,100,20,18,19,400,1.7,3.9,4.2,0.08,0.0035,18,14,200,1.5,3.55,13.6,25,25,18,15,0.7182,6.556217,31.2,1.47
Structure 10,1200,1.25,4.198,5.85,100,20,18,19,450,1.7,3.9,4.2,0.08,0.0035,18,14,200,1.5,3.55,13.6,25,25,18,15,0.7077,5.78735,28.16,1.15
Structure 10,1200,1.25,4.198,5.85,100,20,18,19,500,1.7,3.9,4.2,0.08,0.0035,18,14,200,1.5,3.55,13.6,25,25,18,15,0.6975,5.180426,25.14,0.91
Structure 10,1200,1.25,4.198,5.85,100,20,18,19,150,1.7,3.9,4.2,0.08,0.0035,14,14,200,1.5,3.55,13.6,25,25,18,15,1.1144,11.453722,81.42,10.39
Structure 10,1200,1.25,4.198,5.85,100,20,18,19,150,1.7,3.9,4.2,0.08,0.0035,15,14,200,1.5,3.55,13.6,25,25,18,15,1.112,11.457734,81.43,10.37
Structure 10,1200,1.25,4.198,5.85,100,20,18,14,100,1.7,3.9,4.2,0.08,0.0035,18,14,200,1.5,3.55,13.6,25,25,18,15,0.9693,34.733959,82.53,27.79
Structure 10,1200,1.25,4.198,5.85,100,20,18,14,150,1.7,3.9,4.2,0.08,0.0035,18,14,200,1.5,3.55,13.6,25,25,18,15,0.9663,32.046864,82.28,25.48
Structure 10,1200,1.25,4.198,5.85,100,20,18,14,200,1.7,3.9,4.2,0.08,0.0035,18,14,200,1.5,3.55,13.6,25,25,18,15,0.9629,29.077994,82.26,23.03
Structure 10,1200,1.25,4.198,5.85,100,20,18,14,250,1.7,3.9,4.2,0.08,0.0035,18,14,200,1.5,3.55,13.6,25,25,18,15,0.9594,26.382426,82.37,20.85
Structure 10,1200,1.25,4.198,5.85,100,20,18,14,300,1.7,3.9,4.2,0.08,0.0035,18,14,200,1.5,3.55,13.6,25,25,18,15,0.9559,24.119947,82.54,19.03
Structure 10,1200,1.25,4.198,5.85,100,20,18,14,350,1.7,3.9,4.2,0.08,0.0035,18,14,200,1.5,3.55,13.6,25,25,18,15,0.9529,22.282164,82.72,17.56
Structure 10,1200,1.25,4.198,5.85,100,20,18,14,400,1.7,3.9,4.2,0.08,0.0035,18,14,200,1.5,3.55,13.6,25,25,18,15,0.9503,20.809667,82.88,16.39
Structure 10,1200,1.25,4.198,5.85,100,20,18,14,450,1.7,3.9,4.2,0.08,0.0035,18,14,200,1.5,3.55,13.6,25,25,18,15,0.9482,19.635015,83.02,15.46
Structure 10,1200,1.25,4.198,5.85,100,20,18,14,500,1.7,3.9,4.2,0.08,0.0035,18,14,200,1.5,3.55,13.6,25,25,18,15,0.9464,18.69774,83.15,14.71
Structure 10,1200,1.25,4.198,5.85,100,20,18,14,50,1.7,3.9,4.2,0.08,0.0035,14,14,200,1.5,3.55,13.6,25,25,18,15,1.0669,7.40671,57.62,4.55
Structure 10,1200,1.25,4.198,5.85,100,20,18,14,50,1.7,3.9,4.2,0.08,0.0035,15,14,200,1.5,3.55,13.6,25,25,18,15,1.0662,7.456757,57.34,4.56
Structure 10,1200,1.25,4.198,5.85,100,20,18,14,50,1.7,3.9,4.2,0.08,0.0035,16,14,200,1.5,3.55,13.6,25,25,18,15,1.0602,8.010558,54.3,4.61
Structure 10,1200,1.25,4.198,5.85,100,20,18,14,50,1.7,3.9,4.2,0.08,0.0035,17,14,200,1.5,3.55,13.6,25,25,18,15,1.0169,20.112084,27.49,5.62
Structure 10,1200,1.25,4.198,5.85,100,20,18,14,50,1.7,3.9,4.2,0.08,0.0035,19,14,200,1.5,3.55,13.6,25,25,18,15,0.9705,35.930734,84.78,29.57
Structure 10,1200,1.25,4.198,5.85,100,20,18,14,50,1.7,3.9,4.2,0.08,0.0035,19,15,200,1.5,3.55,13.6,25,25,18,15,0.9688,34.20952,84.77,28.09
Structure 10,1200,1.25,4.198,5.85,100,20,18,14,50,1.7,3.9,4.2,0.08,0.0035,19,16,200,1.5,3.55,13.6,25,25,18,15,0.9668,32.366193,84.77,26.53
Structure 10,1200,1.25,4.198,5.85,100,20,18,14,50,1.7,3.9,4.2,0.08,0.0035,19,17,200,1.5,3.55,13.6,25,25,18,15,0.9661,31.703272,84.78,25.97
Structure 10,1200,1.25,4.198,5.85,100,20,18,14,50,1.7,3.9,4.2,0.08,0.0035,19,18,200,1.5,3.55,13.6,25,25,18,15,0.9658,31.421642,84.8,25.73
Structure 10,1200,1.25,4.198,5.85,100,20,18,14,50,1.7,3.9,4.2,0.08,0.0035,19,19,200,1.5,3.55,13.6,25,25,18,15,0.9655,31.282642,84.84,25.62
Structure 10,1200,1.25,4.198,5.85,100,20,18,14,50,1.7,3.9,4.2,0.08,0.0035,19,14,50,1.5,3.55,13.6,25,25,18,15,0.9705,35.927815,84.79,29.56
Structure 10,1200,1.25,4.198,5.85,100,20,18,14,50,1.7,3.9,4.2,0.08,0.0035,19,14,100,1.5,3.55,13.6,25,25,18,15,0.9705,35.928984,84.78,29.56
Structure 10,1200,1.25,4.198,5.85,100,20,18,14,50,1.7,3.9,4.2,0.08,0.0035,19,14,150,1.5,3.55,13.6,25,25,18,15,0.9705,35.92994,84.78,29.56
Structure 10,1200,1.25,4.198,5.85,100,20,18,14,50,1.7,3.9,4.2,0.08,0.0035,19,14,250,1.5,3.55,13.6,25,25,18,15,0.9705,35.931402,84.78,29.57
Structure 10,1200,1.25,4.198,5.85,100,20,18,14,50,1.7,3.9,4.2,0.08,0.0035,19,14,300,1.5,3.55,13.6,25,25,18,15,0.9705,35.931972,84.78,29.57
Structure 10,1200,1.25,4.198,5.85,100,20,18,14,50,1.7,3.9,4.2,0.08,0.0035,19,14,350,1.5,3.55,13.6,25,25,18,15,0.9705,35.932465,84.78,29.57
Structure 10,1200,1.25,4.198,5.85,100,20,18,14,50,1.7,3.9,4.2,0.08,0.0035,19,14,400,1.5,3.55,13.6,25,25,18,15,0.9705,35.932895,84.78,29.57
Structure 10,1200,1.25,4.198,5.85,100,20,18,14,50,1.7,3.9,4.2,0.08,0.0035,19,14,450,1.5,3.55,13.6,25,25,18,15,0.9705,35.933274,84.78,29.57
Structure 10,1200,1.25,4.198,5.85,100,20,18,14,50,1.7,3.9,4.2,0.08,0.0035,19,14,500,1.5,3.55,13.6,25,25,18,15,0.9705,35.933611,84.78,29.57
Structure 10,1200,1.25,4.198,5.85,100,20,18,14,50,1.7,3.9,4.2,0.08,0.0035,19,14,200,1.5,3.55,13.6,25,25,14,15,0.971,35.861387,84.04,29.26
Structure 10,1200,1.25,4.198,5.85,100,20,18,14,50,1.7,3.9,4.2,0.08,0.0035,19,14,200,1.5,3.55,13.6,25,25,15,15,0.971,35.861604,84.04,29.26
Structure 10,1200,1.25,4.198,5.85,100,20,18,14,50,1.7,3.9,4.2,0.08,0.0035,19,14,200,1.5,3.55,13.6,25,25,16,15,0.971,35.863592,84.05,29.27
Structure 10,1200,1.25,4.198,5.85,100,20,18,14,50,1.7,3.9,4.2,0.08,0.0035,19,14,200,1.5,3.55,13.6,25,25,17,15,0.9709,35.876944,84.17,29.32
Structure 10,1200,1.25,4.198,5.85,100,20,18,14,50,1.7,3.9,4.2,0.08,0.0035,19,14,200,1.5,3.55,13.6,25,25,19,15,0.9714,36.014869,86.46,30.25
Structure 10,1200,1.25,4.198,5.85,100,20,18,14,50,1.7,3.9,4.2,0.08,0.0035,19,14,200,1.5,3.55,13.6,25,25,19,14,0.9714,36.014871,86.46,30.25
Structure 10,1200,1.25,4.198,5.85,100,20,18,14,50,1.7,3.9,4.2,0.08,0.0035,19,14,200,1.5,3.55,13.6,25,25,19,16,0.9714,36.014847,86.46,30.25
Structure 10,1200,1.25,4.198,5.85,100,20,18,14,50,1.7,3.9,4.2,0.08,0.0035,19,14,200,1.5,3.55,13.6,25,25,19,17,0.9714,36.014645,86.46,30.25
Structure 10,1200,1.25,4.198,5.85,100,20,18,14,50,1.7,3.9,4.2,0.08,0.0035,19,14,200,1.5,3.55,13.6,25,25,19,18,0.9714,36.013559,86.46,30.25
Structure 10,1200,1.25,4.198,5.85,100,20,18,14,50,1.7,3.9,4.2,0.08,0.0035,19,14,200,1.5,3.55,13.6,25,25,19,19,0.9714,36.012156,86.46,30.25
Structure 10,1200,1.25,4.198,5.85,100,20,18,19,150,1.7,3.9,4.2,0.08,0.0035,16,14,200,1.5,3.55,13.6,25,25,18,15,1.0923,11.478426,79.2,9.93
Structure 10,1200,1.25,4.198,5.85,100,20,18,19,150,1.7,3.9,4.2,0.08,0.0035,17,14,200,1.5,3.55,13.6,25,25,18,15,1.0261,10.133256,72.19,7.51
Structure 10,1200,1.25,4.198,5.85,100,20,18,19,150,1.7,3.9,4.2,0.08,0.0035,18,14,200,1.5,3.55,13.6,25,25,18,15,0.7632,13.517781,40.47,4.18
Structure 10,1200,1.25,4.198,5.85,100,20,18,19,150,1.7,3.9,4.2,0.08,0.0035,19,14,200,1.5,3.55,13.6,25,25,18,15,0.5501,14.683408,68.84,5.56
Structure 10,1200,1.25,4.198,5.85,100,20,18,19,150,1.7,3.9,4.2,0.08,0.0035,14,15,200,1.5,3.55,13.6,25,25,18,15,1.0916,11.313443,68.35,8.44
Structure 10,1200,1.25,4.198,5.85,100,20,18,19,150,1.7,3.9,4.2,0.08,0.0035,14,16,200,1.5,3.55,13.6,25,25,18,15,1.0227,10.092211,47.23,4.87
Structure 10,1200,1.25,4.198,5.85,100,20,18,19,150,1.7,3.9,4.2,0.08,0.0035,14,17,200,1.5,3.55,13.6,25,25,18,15,0.9254,4.938516,34.14,1.56
Structure 10,1200,1.25,4.198,5.85,100,20,18,19,150,1.7,3.9,4.2,0.08,0.0035,14,18,200,1.5,3.55,13.6,25,25,18,15,0.8042,0.754677748,32.5,0.2
Structure 10,1200,1.25,4.198,5.85,100,20,18,19,150,1.7,3.9,4.2,0.08,0.0035,14,19,200,1.5,3.55,13.6,25,25,18,15,0.6831,0.077594422,35.74,0.02
Structure 10,1200,1.25,4.198,5.85,100,20,18,19,150,1.7,3.9,4.2,0.08,0.0035,14,14,50,1.5,3.55,13.6,25,25,18,15,1.1144,11.453722,81.42,10.39
Structure 10,1200,1.25,4.198,5.85,100,20,18,19,150,1.7,3.9,4.2,0.08,0.0035,14,14,150,1.5,3.55,13.6,25,25,18,15,1.1144,11.453722,81.42,10.39
Structure 10,1200,1.25,4.198,5.85,100,20,18,19,150,1.7,3.9,4.2,0.08,0.0035,14,14,100,1.5,3.55,13.6,25,25,18,15,1.1144,11.453722,81.42,10.39
Structure 10,1200,1.25,4.198,5.85,100,20,18,19,150,1.7,3.9,4.2,0.08,0.0035,14,14,250,1.5,3.55,13.6,25,25,18,15,1.1144,11.453722,81.42,10.39
Structure 10,1200,1.25,4.198,5.85,100,20,18,19,150,1.7,3.9,4.2,0.08,0.0035,14,14,350,1.5,3.55,13.6,25,25,18,15,1.1144,11.453722,81.42,10.39
Structure 10,1200,1.25,4.198,5.85,100,20,18,19,150,1.7,3.9,4.2,0.08,0.0035,14,14,450,1.5,3.55,13.6,25,25,18,15,1.1144,11.453722,81.42,10.39
Structure 10,1200,1.25,4.198,5.85,100,20,18,19,150,1.7,3.9,4.2,0.08,0.0035,14,14,500,1.5,3.55,13.6,25,25,18,15,1.1144,11.453722,81.42,10.39
Structure 10,1200,1.25,4.198,5.85,100,20,18,19,150,1.7,3.9,4.2,0.08,0.0035,14,14,50,1.5,3.55,13.6,25,25,14,15,1.1144,11.453711,81.41,10.39
Structure 10,1200,1.25,4.198,5.85,100,20,18,19,150,1.7,3.9,4.2,0.08,0.0035,14,14,50,1.5,3.55,13.6,25,25,15,15,1.1144,11.453711,81.41,10.39
Structure 10,1200,1.25,4.198,5.85,100,20,18,19,150,1.7,3.9,4.2,0.08,0.0035,14,14,50,1.5,3.55,13.6,25,25,16,15,1.1144,11.453712,81.41,10.39
Structure 10,1200,1.25,4.198,5.85,100,20,18,19,150,1.7,3.9,4.2,0.08,0.0035,14,14,50,1.5,3.55,13.6,25,25,17,15,1.1144,11.453713,81.41,10.39
Structure 10,1200,1.25,4.198,5.85,100,20,18,19,150,1.7,3.9,4.2,0.08,0.0035,14,14,50,1.5,3.55,13.6,25,25,19,15,1.1144,11.453735,81.42,10.39
Structure 10,1200,1.25,4.198,5.85,100,20,18,19,150,1.7,3.9,4.2,0.08,0.0035,14,14,50,1.5,3.55,13.6,25,25,19,14,1.1144,11.453735,81.42,10.39
Structure 10,1200,1.25,4.198,5.85,100,20,18,19,150,1.7,3.9,4.2,0.08,0.0035,14,14,50,1.5,3.55,13.6,25,25,19,16,1.1144,11.453735,81.42,10.39
Structure 10,1200,1.25,4.198,5.85,100,20,18,19,150,1.7,3.9,4.2,0.08,0.0035,14,14,50,1.5,3.55,13.6,25,25,19,17,1.1144,11.453735,81.42,10.39
Structure 10,1200,1.25,4.198,5.85,100,20,18,19,150,1.7,3.9,4.2,0.08,0.0035,14,14,50,1.5,3.55,13.6,25,25,19,18,1.1144,11.453735,81.42,10.39
Structure 10,1200,1.25,4.198,5.85,100,20,18,19,150,1.7,3.9,4.2,0.08,0.0035,14,14,50,1.5,3.55,13.6,25,25,19,19,1.1144,11.453735,81.42,10.39
Structure 10,1200,1.25,4.198,5.85,100,20,17,19,150,1.7,3.9,4.2,0.08,0.0035,14,14,200,1.5,3.55,13.6,25,25,18,15,1.0613,11.435041,79.85,9.69
Structure 10,1200,1.25,4.198,5.85,100,20,16,19,150,1.7,3.9,4.2,0.08,0.0035,14,14,200,1.5,3.55,13.6,25,25,18,15,0.9848,11.364391,77.35,8.66
Structure 10,1200,1.25,4.198,5.85,100,20,15,19,150,1.7,3.9,4.2,0.08,0.0035,14,14,200,1.5,3.55,13.6,25,25,18,15,0.8245,10.976425,63.81,5.78
Structure 10,1200,1.25,4.198,5.85,100,20,15,15,150,1.7,3.9,4.2,0.08,0.0035,14,14,200,1.5,3.55,13.6,25,25,18,15,0.8906,24.629316,35.38,7.76
Structure 10,1200,1.25,4.198,5.85,100,20,15,14,150,1.7,3.9,4.2,0.08,0.0035,14,14,200,1.5,3.55,13.6,25,25,18,15,0.9633,28.494177,32.39,8.89
Structure 10,1200,1.25,4.198,5.85,100,20,15,16,150,1.7,3.9,4.2,0.08,0.0035,14,14,200,1.5,3.55,13.6,25,25,18,15,0.8425,21.424968,38.24,6.9
Structure 10,1200,1.25,4.198,5.85,100,20,15,17,150,1.7,3.9,4.2,0.08,0.0035,14,14,200,1.5,3.55,13.6,25,25,18,15,0.8261,18.824201,40.13,6.24
Structure 10,1200,1.25,4.198,5.85,100,20,15,19,150,1.7,3.9,4.2,0.08,0.0035,14,14,200,1.5,3.55,13.6,25,25,18,15,0.8245,10.976425,63.81,5.78
Structure 10,1200,1.25,4.198,5.85,100,20,15,14,50,1.7,3.9,4.2,0.08,0.0035,14,14,200,1.5,3.55,13.6,25,25,18,15,0.8842,36.436583,53.11,17.11
Structure 10,1200,1.25,4.198,5.85,100,20,15,14,100,1.7,3.9,4.2,0.08,0.0035,14,14,200,1.5,3.55,13.6,25,25,18,15,0.9354,36.300038,26.25,8.91
Structure 10,1200,1.25,4.198,5.85,100,20,15,14,200,1.7,3.9,4.2,0.08,0.0035,14,14,200,1.5,3.55,13.6,25,25,18,15,0.972,22.447535,46.5,10.15
Structure 10,1200,1.25,4.198,5.85,100,20,15,14,250,1.7,3.9,4.2,0.08,0.0035,14,14,200,1.5,3.55,13.6,25,25,18,15,0.9724,20.496246,54.39,10.84
Structure 10,1200,1.25,4.198,5.85,100,20,15,14,300,1.7,3.9,4.2,0.08,0.0035,14,14,200,1.5,3.55,13.6,25,25,18,15,0.9702,20.047301,56.1,10.91
Structure 10,1200,1.25,4.198,5.85,100,20,15,14,350,1.7,3.9,4.2,0.08,0.0035,14,14,200,1.5,3.55,13.6,25,25,18,15,0.9671,20.130045,53.86,10.49
Structure 10,1200,1.25,4.198,5.85,100,20,15,14,400,1.7,3.9,4.2,0.08,0.0035,14,14,200,1.5,3.55,13.6,25,25,18,15,0.9637,20.371556,49.71,9.76
Structure 10,1200,1.25,4.198,5.85,100,20,15,14,450,1.7,3.9,4.2,0.08,0.0035,14,14,200,1.5,3.55,13.6,25,25,18,15,0.9603,20.587733,44.95,8.89
Structure 10,1200,1.25,4.198,5.85,100,20,15,14,500,1.7,3.9,4.2,0.08,0.0035,14,14,200,1.5,3.55,13.6,25,25,18,15,0.9569,20.609891,40.45,7.98
Structure 10,1200,1.25,4.198,5.85,100,20,15,14,50,1.7,3.9,4.2,0.08,0.0035,15,14,200,1.5,3.55,13.6,25,25,18,15,0.8834,36.436129,53.78,17.31
Structure 10,1200,1.25,4.198,5.85,100,20,15,14,50,1.7,3.9,4.2,0.08,0.0035,16,14,200,1.5,3.55,13.6,25,25,18,15,0.8769,36.430111,60.25,19.25
Structure 10,1200,1.25,4.198,5.85,100,20,15,14,50,1.7,3.9,4.2,0.08,0.0035,17,14,200,1.5,3.55,13.6,25,25,18,15,0.8656,36.336478,78.53,24.7
Structure 10,1200,1.25,4.198,5.85,100,20,15,14,50,1.7,3.9,4.2,0.08,0.0035,18,14,200,1.5,3.55,13.6,25,25,18,15,0.8643,36.141741,79.61,24.87
Structure 10,1200,1.25,4.198,5.85,100,20,15,14,50,1.7,3.9,4.2,0.08,0.0035,19,14,200,1.5,3.55,13.6,25,25,18,15,0.8642,36.041108,79.64,24.81
Structure 10,1200,1.25,4.198,5.85,100,20,15,14,50,1.7,3.9,4.2,0.08,0.0035,18,14,50,1.5,3.55,13.6,25,25,18,15,0.8643,36.138564,79.61,24.86
Structure 10,1200,1.25,4.198,5.85,100,20,15,14,50,1.7,3.9,4.2,0.08,0.0035,18,14,150,1.5,3.55,13.6,25,25,18,15,0.8643,36.140888,79.61,24.87
Structure 10,1200,1.25,4.198,5.85,100,20,15,14,50,1.7,3.9,4.2,0.08,0.0035,18,14,100,1.5,3.55,13.6,25,25,18,15,0.8643,36.13985,79.61,24.87
Structure 10,1200,1.25,4.198,5.85,100,20,15,14,50,1.7,3.9,4.2,0.08,0.0035,18,14,250,1.5,3.55,13.6,25,25,18,15,0.8643,36.142458,79.61,24.87
Structure 10,1200,1.25,4.198,5.85,100,20,15,14,50,1.7,3.9,4.2,0.08,0.0035,18,14,300,1.5,3.55,13.6,25,25,18,15,0.8643,36.143065,79.61,24.87
Structure 10,1200,1.25,4.198,5.85,100,20,15,14,50,1.7,3.9,4.2,0.08,0.0035,18,14,350,1.5,3.55,13.6,25,25,18,15,0.8643,36.143588,79.61,24.87
Structure 10,1200,1.25,4.198,5.85,100,20,15,14,50,1.7,3.9,4.2,0.08,0.0035,18,14,400,1.5,3.55,13.6,25,25,18,15,0.8643,36.144043,79.61,24.87
Structure 10,1200,1.25,4.198,5.85,100,20,15,14,50,1.7,3.9,4.2,0.08,0.0035,18,14,450,1.5,3.55,13.6,25,25,18,15,0.8643,36.144444,79.61,24.87
Structure 10,1200,1.25,4.198,5.85,100,20,15,14,50,1.7,3.9,4.2,0.08,0.0035,18,14,500,1.5,3.55,13.6,25,25,18,15,0.8643,36.144799,79.61,24.87
Structure 10,1200,1.25,4.198,5.85,100,20,15,14,50,1.7,3.9,4.2,0.08,0.0035,18,14,150,1.5,3.55,13.6,25,25,14,15,0.8645,36.140504,76.84,24.01
Structure 10,1200,1.25,4.198,5.85,100,20,15,14,50,1.7,3.9,4.2,0.08,0.0035,18,14,150,1.5,3.55,13.6,25,25,15,15,0.8645,36.140528,76.86,24.01
Structure 10,1200,1.25,4.198,5.85,100,20,15,14,50,1.7,3.9,4.2,0.08,0.0035,18,14,150,1.5,3.55,13.6,25,25,16,15,0.8645,36.140655,77.03,24.07
Structure 10,1200,1.25,4.198,5.85,100,20,15,14,50,1.7,3.9,4.2,0.08,0.0035,18,14,150,1.5,3.55,13.6,25,25,17,15,0.8644,36.141039,77.94,24.35
Structure 10,1200,1.25,4.198,5.85,100,20,15,14,50,1.7,3.9,4.2,0.08,0.0035,18,14,150,1.5,3.55,13.6,25,25,19,15,0.866,36.141404,80.23,25.11
Structure 10,1200,1.25,4.198,5.85,100,20,15,14,50,1.7,3.9,4.2,0.08,0.0035,18,14,150,1.5,3.55,13.6,25,25,19,14,0.866,36.141405,80.23,25.11
Structure 10,1200,1.25,4.198,5.85,100,20,15,14,50,1.7,3.9,4.2,0.08,0.0035,18,14,150,1.5,3.55,13.6,25,25,19,16,0.866,36.141393,80.23,25.11
Structure 10,1200,1.25,4.198,5.85,100,20,15,14,50,1.7,3.9,4.2,0.08,0.0035,18,14,150,1.5,3.55,13.6,25,25,19,17,0.866,36.141289,80.23,25.11
Structure 10,1200,1.25,4.198,5.85,100,20,15,14,50,1.7,3.9,4.2,0.08,0.0035,18,14,150,1.5,3.55,13.6,25,25,19,18,0.866,36.140606,80.23,25.11
Structure 10,1200,1.25,4.198,5.85,100,20,15,14,50,1.7,3.9,4.2,0.08,0.0035,18,14,150,1.5,3.55,13.6,25,25,19,19,0.866,36.139379,80.23,25.11
Structure 10,1200,1.25,4.198,5.85,100,20,14,14,50,1.7,3.9,4.2,0.08,0.0035,18,14,150,1.5,3.55,13.6,25,25,19,19,0.8659,36.143122,78.59,24.6
Structure 10,1200,1.25,4.198,5.85,100,20,16,14,50,1.7,3.9,4.2,0.08,0.0035,18,14,150,1.5,3.55,13.6,25,25,19,19,0.8795,36.142307,84.85,26.97
Structure 10,1200,1.25,4.198,5.85,100,20,17,14,50,1.7,3.9,4.2,0.08,0.0035,18,14,150,1.5,3.55,13.6,25,25,19,19,0.9253,36.162852,86.32,28.88
Structure 10,1200,1.25,4.198,5.85,100,20,18,14,50,1.7,3.9,4.2,0.08,0.0035,18,14,150,1.5,3.55,13.6,25,25,19,19,0.9718,36.259462,85.01,29.95
Structure 10,1200,1.25,4.198,5.85,100,20,19,14,50,1.7,3.9,4.2,0.08,0.0035,18,14,150,1.5,3.55,13.6,25,25,19,19,1.039,23.402344,28.03,6.82
Structure 10,1000,1.25,4.198,5.85,100,20,16,16,150,1.7,3.9,4.2,0.08,0.0035,14,14,200,1.5,3.55,13.6,25,25,18,15,0.9849,16.724986,52.59,8.66
Structure 10,1100,1.25,4.198,5.85,100,20,16,16,150,1.7,3.9,4.2,0.08,0.0035,14,14,200,1.5,3.55,13.6,25,25,18,15,0.9848,16.699603,52.67,8.66
Structure 10,1200,1.25,4.198,5.85,100,20,16,16,150,1.7,3.9,4.2,0.08,0.0035,14,14,200,1.5,3.55,13.6,25,25,18,15,0.9848,16.673188,52.75,8.66
Structure 10,1200,1.25,4.198,5.85,100,20,15,15,150,1.7,3.9,4.2,0.08,0.0035,14,14,200,1.5,3.55,13.6,25,25,18,15,0.8906,24.629316,35.38,7.76
Structure 10,1200,1.25,4.198,5.85,100,20,15,16,150,1.7,3.9,4.2,0.08,0.0035,14,14,200,1.5,3.55,13.6,25,25,18,15,0.8425,21.424968,38.24,6.9
Structure 10,1200,1.25,4.198,5.85,100,20,15,17,150,1.7,3.9,4.2,0.08,0.0035,14,14,200,1.5,3.55,13.6,25,25,18,15,0.8261,18.824201,40.13,6.24
Structure 10,1200,1.25,4.198,5.85,100,20,15,19,150,1.7,3.9,4.2,0.08,0.0035,14,14,200,1.5,3.55,13.6,25,25,18,15,0.8245,10.976425,63.81,5.78
Structure 10,1200,1.25,4.198,5.85,100,20,15,14,150,1.7,3.9,4.2,0.08,0.0035,14,14,200,1.5,3.55,13.6,25,25,18,15,0.9633,28.494177,32.39,8.89
Structure 10,100,1.25,4.198,5.85,100,20,15,14,150,1.7,3.9,4.2,0.08,0.0035,14,14,200,1.5,3.55,13.6,25,25,18,15,1.0207,26.204186,37.99,10.16
Structure 10,200,1.25,4.198,5.85,100,20,15,14,150,1.7,3.9,4.2,0.08,0.0035,14,14,200,1.5,3.55,13.6,25,25,18,15,1.0097,28.967463,33.73,9.87
Structure 10,300,1.25,4.198,5.85,100,20,15,14,150,1.7,3.9,4.2,0.08,0.0035,14,14,200,1.5,3.55,13.6,25,25,18,15,1.0016,29.540335,32.7,9.67
Structure 10,600,1.25,4.198,5.85,100,20,15,14,150,1.7,3.9,4.2,0.08,0.0035,14,14,200,1.5,3.55,13.6,25,25,18,15,0.9843,29.467157,32.05,9.3
Structure 10,800,1.25,4.198,5.85,100,20,15,14,150,1.7,3.9,4.2,0.08,0.0035,14,14,200,1.5,3.55,13.6,25,25,18,15,0.976,29.132241,32.11,9.13
Structure 10,900,1.25,4.198,5.85,100,20,15,14,150,1.7,3.9,4.2,0.08,0.0035,14,14,200,1.5,3.55,13.6,25,25,18,15,0.9724,28.961823,32.17,9.06
Structure 10,1100,1.25,4.198,5.85,100,20,15,14,150,1.7,3.9,4.2,0.08,0.0035,14,14,200,1.5,3.55,13.6,25,25,18,15,0.9661,28.643659,32.31,8.94
Structure 10,1200,1.25,4.198,5.85,100,20,15,14,50,1.7,3.9,4.2,0.08,0.0035,14,14,200,1.5,3.55,13.6,25,25,18,15,0.8842,36.436583,53.11,17.11
Structure 10,1200,1.25,4.198,5.85,100,20,15,14,100,1.7,3.9,4.2,0.08,0.0035,14,14,200,1.5,3.55,13.6,25,25,18,15,0.9354,36.300038,26.25,8.91
Structure 10,1200,1.25,4.198,5.85,100,20,15,14,200,1.7,3.9,4.2,0.08,0.0035,14,14,200,1.5,3.55,13.6,25,25,18,15,0.972,22.447535,46.5,10.15
Structure 10,1200,1.25,4.198,5.85,100,20,15,14,250,1.7,3.9,4.2,0.08,0.0035,14,14,200,1.5,3.55,13.6,25,25,18,15,0.9724,20.496246,54.39,10.84
Structure 10,1200,1.25,4.198,5.85,100,20,15,14,300,1.7,3.9,4.2,0.08,0.0035,14,14,200,1.5,3.55,13.6,25,25,18,15,0.9702,20.047301,56.1,10.91
Structure 10,1200,1.25,4.198,5.85,100,20,15,14,350,1.7,3.9,4.2,0.08,0.0035,14,14,200,1.5,3.55,13.6,25,25,18,15,0.9671,20.130045,53.86,10.49
Structure 10,1200,1.25,4.198,5.85,100,20,15,14,400,1.7,3.9,4.2,0.08,0.0035,14,14,200,1.5,3.55,13.6,25,25,18,15,0.9637,20.371556,49.71,9.76
Structure 10,1200,1.25,4.198,5.85,100,20,15,14,450,1.7,3.9,4.2,0.08,0.0035,14,14,200,1.5,3.55,13.6,25,25,18,15,0.9603,20.587733,44.95,8.89
Structure 10,1200,1.25,4.198,5.85,100,20,15,14,500,1.7,3.9,4.2,0.08,0.0035,14,14,200,1.5,3.55,13.6,25,25,18,15,0.9569,20.609891,40.45,7.98
Structure 10,1200,1.25,4.198,5.85,100,20,15,14,50,1.7,3.9,4.2,0.08,0.0035,15,14,200,1.5,3.55,13.6,25,25,18,15,0.8834,36.436129,53.78,17.31
Structure 10,1200,1.25,4.198,5.85,100,20,15,14,50,1.7,3.9,4.2,0.08,0.0035,16,14,200,1.5,3.55,13.6,25,25,18,15,0.8769,36.430111,60.25,19.25
Structure 10,1200,1.25,4.198,5.85,100,20,15,14,50,1.7,3.9,4.2,0.08,0.0035,17,14,200,1.5,3.55,13.6,25,25,18,15,0.8656,36.336478,78.53,24.7
Structure 10,1200,1.25,4.198,5.85,100,20,15,14,50,1.7,3.9,4.2,0.08,0.0035,18,14,200,1.5,3.55,13.6,25,25,18,15,0.8643,36.141742,79.61,24.87
Structure 10,1200,1.25,4.198,5.85,100,20,15,14,50,1.7,3.9,4.2,0.08,0.0035,19,14,200,1.5,3.55,13.6,25,25,18,15,0.8642,36.041108,79.64,24.81
Structure 10,1200,1.25,4.198,5.85,100,20,15,14,50,1.7,3.9,4.2,0.08,0.0035,18,15,200,1.5,3.55,13.6,25,25,18,15,0.8623,34.675699,79.65,23.81
Structure 10,1200,1.25,4.198,5.85,100,20,15,14,50,1.7,3.9,4.2,0.08,0.0035,18,16,200,1.5,3.55,13.6,25,25,18,15,0.8595,32.814607,79.7,22.48
Structure 10,1200,1.25,4.198,5.85,100,20,15,14,50,1.7,3.9,4.2,0.08,0.0035,18,17,200,1.5,3.55,13.6,25,25,18,15,0.8581,31.905479,79.74,21.83
Structure 10,1200,1.25,4.198,5.85,100,20,15,14,50,1.7,3.9,4.2,0.08,0.0035,18,18,200,1.5,3.55,13.6,25,25,18,15,0.8574,31.492521,79.76,21.54
Structure 10,1200,1.25,4.198,5.85,100,20,15,14,50,1.7,3.9,4.2,0.08,0.0035,18,19,200,1.5,3.55,13.6,25,25,18,15,0.8572,31.386026,79.76,21.46
Structure 10,1200,1.25,4.198,5.85,100,20,15,14,50,1.7,3.9,4.2,0.08,0.0035,18,14,50,1.5,3.55,13.6,25,25,18,15,0.8643,36.138564,79.61,24.86
Structure 10,1200,1.25,4.198,5.85,100,20,15,14,50,1.7,3.9,4.2,0.08,0.0035,18,14,100,1.5,3.55,13.6,25,25,18,15,0.8643,36.13985,79.61,24.87
Structure 10,1200,1.25,4.198,5.85,100,20,15,14,50,1.7,3.9,4.2,0.08,0.0035,18,14,150,1.5,3.55,13.6,25,25,18,15,0.8643,36.140888,79.61,24.87
Structure 10,1200,1.25,4.198,5.85,100,20,15,14,50,1.7,3.9,4.2,0.08,0.0035,18,14,250,1.5,3.55,13.6,25,25,18,15,0.8643,36.142458,79.61,24.87
Structure 10,1200,1.25,4.198,5.85,100,20,15,14,50,1.7,3.9,4.2,0.08,0.0035,18,14,500,1.5,3.55,13.6,25,25,18,15,0.8643,36.144799,79.61,24.87
Structure 10,1200,1.25,4.198,5.85,100,20,15,14,50,1.7,3.9,4.2,0.08,0.0035,18,14,50,1.5,3.55,13.6,25,25,14,15,0.8645,36.138178,77.31,24.15
Structure 10,1200,1.25,4.198,5.85,100,20,15,14,50,1.7,3.9,4.2,0.08,0.0035,18,14,50,1.5,3.55,13.6,25,25,15,15,0.8645,36.138181,77.32,24.15
Structure 10,1200,1.25,4.198,5.85,100,20,15,14,50,1.7,3.9,4.2,0.08,0.0035,18,14,50,1.5,3.55,13.6,25,25,16,15,0.8645,36.138129,77.39,24.18
Structure 10,1200,1.25,4.198,5.85,100,20,15,14,50,1.7,3.9,4.2,0.08,0.0035,18,14,50,1.5,3.55,13.6,25,25,17,15,0.8644,36.138361,78.01,24.37
Structure 10,1200,1.25,4.198,5.85,100,20,15,14,50,1.7,3.9,4.2,0.08,0.0035,18,14,50,1.5,3.55,13.6,25,25,18,15,0.8643,36.138564,79.61,24.86
Structure 10,1200,1.25,4.198,5.85,100,20,15,14,50,1.7,3.9,4.2,0.08,0.0035,18,14,50,1.5,3.55,13.6,25,25,19,15,0.866,36.139803,80.23,25.11
Structure 10,100,1.25,4.198,5.85,100,20,15,14,50,1.7,3.9,4.2,0.08,0.0035,18,14,50,1.5,3.55,13.6,25,25,19,15,0.9489,21.150207,85.13,17.09
Structure 10,200,1.25,4.198,5.85,100,20,15,14,50,1.7,3.9,4.2,0.08,0.0035,18,14,50,1.5,3.55,13.6,25,25,19,15,0.9356,27.383977,83.37,21.36
Structure 10,500,1.25,4.198,5.85,100,20,15,14,50,1.7,3.9,4.2,0.08,0.0035,18,14,50,1.5,3.55,13.6,25,25,19,15,0.9058,33.907605,80.3,24.66
Structure 10,700,1.25,4.198,5.85,100,20,15,14,50,1.7,3.9,4.2,0.08,0.0035,18,14,50,1.5,3.55,13.6,25,25,19,15,0.8914,35.158272,79.99,25.07
Structure 10,800,1.25,4.198,5.85,100,20,15,14,50,1.7,3.9,4.2,0.08,0.0035,18,14,50,1.5,3.55,13.6,25,25,19,15,0.8854,35.498315,79.98,25.14
Structure 10,1000,1.25,4.198,5.85,100,20,15,14,50,1.7,3.9,4.2,0.08,0.0035,18,14,50,1.5,3.55,13.6,25,25,19,15,0.8748,35.912787,80.08,25.16
Structure 10,1100,1.25,4.198,5.85,100,20,15,14,50,1.7,3.9,4.2,0.08,0.0035,18,14,50,1.5,3.55,13.6,25,25,19,15,0.8702,36.041812,80.15,25.14
Structure 10,400,1.25,4.198,5.85,100,20,15,14,50,1.7,3.9,4.2,0.08,0.0035,18,14,50,1.5,3.55,13.6,25,25,19,15,0.9144,32.7229,80.81,24.18
Structure 10,600,1.25,4.198,5.85,100,20,15,14,50,1.7,3.9,4.2,0.08,0.0035,18,14,50,1.5,3.55,13.6,25,25,19,15,0.8983,34.660359,80.07,24.93
Structure 10,900,1.25,4.198,5.85,100,20,15,14,50,1.7,3.9,4.2,0.08,0.0035,18,14,50,1.5,3.55,13.6,25,25,19,15,0.88,35.738768,80.01,25.16
Structure 10,1200,1.25,4.198,5.85,100,20,16,16,150,1.7,3.9,4.2,0.08,0.0035,14,14,200,1.5,3.55,13.6,25,25,18,15,0.9848,16.673188,52.75,8.66
Structure 10,1200,1.25,4.198,5.85,100,20,16,14,150,1.7,3.9,4.2,0.08,0.0035,14,14,200,1.5,3.55,13.6,25,25,18,15,0.9954,25.819481,35.21,9.05
Structure 10,1200,1.25,4.198,5.85,100,20,16,15,150,1.7,3.9,4.2,0.08,0.0035,14,14,200,1.5,3.55,13.6,25,25,18,15,0.9859,21.103983,41.87,8.71
Structure 10,1200,1.25,4.198,5.85,100,20,16,17,150,1.7,3.9,4.2,0.08,0.0035,14,14,200,1.5,3.55,13.6,25,25,18,15,0.9847,13.272973,66.23,8.66
Structure 10,1200,1.25,4.198,5.85,100,20,16,18,150,1.7,3.9,4.2,0.08,0.0035,14,14,200,1.5,3.55,13.6,25,25,18,15,0.9848,11.448805,76.78,8.66
Structure 10,1200,1.25,4.198,5.85,100,20,16,19,150,1.7,3.9,4.2,0.08,0.0035,14,14,200,1.5,3.55,13.6,25,25,18,15,0.9848,11.364391,77.35,8.66
Structure 10,1200,1.25,4.198,5.85,100,20,16,19,50,1.7,3.9,4.2,0.08,0.0035,14,14,200,1.5,3.55,13.6,25,25,18,15,0.7948,17.864785,18.69,2.65
Structure 10,1200,1.25,4.198,5.85,100,20,16,19,100,1.7,3.9,4.2,0.08,0.0035,14,14,200,1.5,3.55,13.6,25,25,18,15,0.9483,8.733504,75.64,6.26
Structure 10,1200,1.25,4.198,5.85,100,20,16,19,250,1.7,3.9,4.2,0.08,0.0035,14,14,200,1.5,3.55,13.6,25,25,18,15,0.998,15.050231,73.28,11.01
Structure 10,1200,1.25,4.198,5.85,100,20,16,19,200,1.7,3.9,4.2,0.08,0.0035,14,14,200,1.5,3.55,13.6,25,25,18,15,0.9957,13.459733,76.18,10.21
Structure 10,1200,1.25,4.198,5.85,100,20,16,19,300,1.7,3.9,4.2,0.08,0.0035,14,14,200,1.5,3.55,13.6,25,25,18,15,0.9979,68.45,68.45,11.11
Structure 10,1200,1.25,4.198,5.85,100,20,16,19,350,1.7,3.9,4.2,0.08,0.0035,14,14,200,1.5,3.55,13.6,25,25,18,15,0.997,17.176255,62.36,10.68
Structure 10,1200,1.25,4.198,5.85,100,20,16,19,400,1.7,3.9,4.2,0.08,0.0035,14,14,200,1.5,3.55,13.6,25,25,18,15,0.9958,17.843324,55.91,9.94
Structure 10,1200,1.25,4.198,5.85,100,20,16,19,450,1.7,3.9,4.2,0.08,0.0035,14,14,200,1.5,3.55,13.6,25,25,18,15,0.9944,18.268847,49.8,9.05
Structure 10,1200,1.25,4.198,5.85,100,20,16,19,500,1.7,3.9,4.2,0.08,0.0035,14,14,200,1.5,3.55,13.6,25,25,18,15,0.9929,18.391828,44.5,8.13
Structure 10,1200,1.25,4.198,5.85,100,20,16,19,250,1.7,3.9,4.2,0.08,0.0035,15,14,200,1.5,3.55,13.6,25,25,18,15,0.9845,15.035637,71.17,10.54
Structure 10,1200,1.25,4.198,5.85,100,20,16,19,250,1.7,3.9,4.2,0.08,0.0035,16,14,200,1.5,3.55,13.6,25,25,18,15,0.8537,13.264872,57.42,6.5
Structure 10,1200,1.25,4.198,5.85,100,20,16,19,250,1.7,3.9,4.2,0.08,0.0035,17,14,200,1.5,3.55,13.6,25,25,18,15,0.4285,16.18424,55.12,3.82
Structure 10,1200,1.25,4.198,5.85,100,20,16,19,250,1.7,3.9,4.2,0.08,0.0035,18,14,200,1.5,3.55,13.6,25,25,18,15,0.4238,15.425127,55.95,3.66
Structure 10,1200,1.25,4.198,5.85,100,20,16,19,250,1.7,3.9,4.2,0.08,0.0035,19,14,200,1.5,3.55,13.6,25,25,18,15,0.4233,15.247127,55.98,3.61
Structure 10,1200,1.25,4.198,5.85,100,20,16,19,250,1.7,3.9,4.2,0.08,0.0035,15,15,200,1.5,3.55,13.6,25,25,18,15,0.9587,14.017327,48.73,6.55
Structure 10,1200,1.25,4.198,5.85,100,20,16,19,250,1.7,3.9,4.2,0.08,0.0035,15,16,200,1.5,3.55,13.6,25,25,18,15,0.9068,8.972618,32.76,2.67
Structure 10,1200,1.25,4.198,5.85,100,20,16,19,250,1.7,3.9,4.2,0.08,0.0035,15,17,200,1.5,3.55,13.6,25,25,18,15,0.8445,2.246988,27.63,0.52
Structure 10,1200,1.25,4.198,5.85,100,20,16,19,250,1.7,3.9,4.2,0.08,0.0035,15,18,200,1.5,3.55,13.6,25,25,18,15,0.7562,0.246230763,28.68,0.05
Structure 10,1200,1.25,4.198,5.85,100,20,16,19,250,1.7,3.9,4.2,0.08,0.0035,15,14,50,1.5,3.55,13.6,25,25,18,15,0.9845,15.035637,71.17,10.54
Structure 10,1200,1.25,4.198,5.85,100,20,16,19,250,1.7,3.9,4.2,0.08,0.0035,15,14,100,1.5,3.55,13.6,25,25,18,15,0.9845,15.035637,71.17,10.54
Structure 10,1200,1.25,4.198,5.85,100,20,16,19,250,1.7,3.9,4.2,0.08,0.0035,15,14,150,1.5,3.55,13.6,25,25,18,15,0.9845,15.035637,71.17,10.54
Structure 10,1200,1.25,4.198,5.85,100,20,16,19,250,1.7,3.9,4.2,0.08,0.0035,15,14,500,1.5,3.55,13.6,25,25,18,15,0.9845,15.035637,71.17,10.54
Structure 10,1200,1.25,4.198,5.85,100,20,16,19,250,1.7,3.9,4.2,0.08,0.0035,15,14,50,1.5,3.55,13.6,25,25,14,15,0.9846,15.029867,69.92,10.35
Structure 10,1200,1.25,4.198,5.85,100,20,16,19,250,1.7,3.9,4.2,0.08,0.0035,15,14,50,1.5,3.55,13.6,25,25,15,15,0.9846,15.029911,69.93,10.35
Structure 10,1200,1.25,4.198,5.85,100,20,16,19,250,1.7,3.9,4.2,0.08,0.0035,15,14,50,1.5,3.55,13.6,25,25,16,15,0.9846,15.030294,70.02,10.36
Structure 10,1200,1.25,4.198,5.85,100,20,16,19,250,1.7,3.9,4.2,0.08,0.0035,15,14,50,1.5,3.55,13.6,25,25,17,15,0.9846,15.032701,70.54,10.44
Structure 10,1200,1.25,4.198,5.85,100,20,16,19,250,1.7,3.9,4.2,0.08,0.0035,15,14,50,1.5,3.55,13.6,25,25,19,15,0.9845,15.036374,71.33,10.56
Structure 10,1200,1.25,4.198,5.85,100,20,16,19,250,1.7,3.9,4.2,0.08,0.0035,15,14,50,1.5,3.55,13.6,25,25,19,14,0.9845,15.036374,71.33,10.56
Structure 10,1200,1.25,4.198,5.85,100,20,16,19,250,1.7,3.9,4.2,0.08,0.0035,15,14,50,1.5,3.55,13.6,25,25,19,16,0.9845,15.036374,71.33,10.56
Structure 10,1200,1.25,4.198,5.85,100,20,16,19,250,1.7,3.9,4.2,0.08,0.0035,15,14,50,1.5,3.55,13.6,25,25,19,17,0.9845,15.036374,71.33,10.56
Structure 10,1200,1.25,4.198,5.85,100,20,16,19,250,1.7,3.9,4.2,0.08,0.0035,15,14,50,1.5,3.55,13.6,25,25,19,18,0.9845,15.036374,71.33,10.56
Structure 10,1200,1.25,4.198,5.85,100,20,16,19,250,1.7,3.9,4.2,0.08,0.0035,15,14,50,1.5,3.55,13.6,25,25,19,19,0.9845,15.036374,71.33,10.56
Structure 5,1000,1.2,4,5.32,50,50,18,14,50,3.05,4.16,10,15,0.1,17,14,100,2.2,3.4,8,100,150,19,14,0.932,38.168445,87.37,31.08
Structure 5,100,1.2,4,5.32,50,50,18,14,50,3.05,4.16,10,15,0.1,17,14,100,2.2,3.4,8,100,150,19,14,0.9746,19.662641,87.05,16.68
Structure 5,50,1.2,4,5.32,50,50,18,14,50,3.05,4.16,10,15,0.1,17,14,100,2.2,3.4,8,100,150,19,14,0.9811,12.534041,86.43,10.63
Structure 5,200,1.2,4,5.32,50,50,18,14,50,3.05,4.16,10,15,0.1,17,14,100,2.2,3.4,8,100,150,19,14,0.9658,28.05485,87.34,23.67
Structure 5,250,1.2,4,5.32,50,50,18,14,50,3.05,4.16,10,15,0.1,17,14,100,2.2,3.4,8,100,150,19,14,0.9624,30.535238,87.37,25.68
Structure 5,300,1.2,4,5.32,50,50,18,14,50,3.05,4.16,10,15,0.1,17,14,100,2.2,3.4,8,100,150,19,14,0.9593,32.340634,87.38,27.11
Structure 5,350,1.2,4,5.32,50,50,18,14,50,3.05,4.16,10,15,0.1,17,14,100,2.2,3.4,8,100,150,19,14,0.9561,33.676174,87.42,28.15
Structure 5,400,1.2,4,5.32,50,50,18,14,50,3.05,4.16,10,15,0.1,17,14,100,2.2,3.4,8,100,150,19,14,0.9532,34.679523,87.43,28.9
Structure 5,500,1.2,4,5.32,50,50,18,14,50,3.05,4.16,10,15,0.1,17,14,100,2.2,3.4,8,100,150,19,14,0.9484,36.035616,87.44,29.88
Structure 5,600,1.2,4,5.32,50,50,18,14,50,3.05,4.16,10,15,0.1,17,14,100,2.2,3.4,8,100,150,19,14,0.9444,36.865199,87.41,30.43
Structure 5,700,1.2,4,5.32,50,50,18,14,50,3.05,4.16,10,15,0.1,17,14,100,2.2,3.4,8,100,150,19,14,0.9411,37.396807,87.38,30.75
Structure 5,800,1.2,4,5.32,50,50,18,14,50,3.05,4.16,10,15,0.1,17,14,100,2.2,3.4,8,100,150,19,14,0.9377,37.751192,87.38,30.93
Structure 5,900,1.2,4,5.32,50,50,18,14,50,3.05,4.16,10,15,0.1,17,14,100,2.2,3.4,8,100,150,19,14,0.9346,37.995408,87.38,31.03
Structure 5,1000,1.2,4,5.32,50,50,18,14,50,3.05,4.16,10,15,0.1,17,14,100,2.2,3.4,8,100,150,19,14,0.932,38.168445,87.37,31.08
Structure 5,1100,1.2,4,5.32,50,50,18,14,50,3.05,4.16,10,15,0.1,17,14,100,2.2,3.4,8,100,150,19,14,0.9296,38.293872,87.36,31.1
Structure 5,1200,1.2,4,5.32,50,50,18,14,50,3.05,4.16,10,15,0.1,17,14,100,2.2,3.4,8,100,150,19,14,0.9275,38.386535,87.34,31.1
Structure 5,1100,1.2,4,5.32,50,50,15,14,50,3.05,4.16,10,15,0.1,17,14,100,2.2,3.4,8,100,150,19,14,0.8098,38.275922,77.72,24.09
Structure 5,1100,1.2,4,5.32,50,50,19,14,50,3.05,4.16,10,15,0.1,17,14,100,2.2,3.4,8,100,150,19,14,0.9886,38.294697,88.01,33.32
Structure 5,900,1.2,4,5.32,50,50,19,14,50,3.05,4.16,10,15,0.1,17,14,100,2.2,3.4,8,100,150,19,14,0.9935,37.996752,88.04,33.23
Structure 5,800,1.2,4,5.32,50,50,19,14,50,3.05,4.16,10,15,0.1,17,14,100,2.2,3.4,8,100,150,19,14,0.9964,37.75279,88.04,33.12
Structure 5,1000,1.2,4,5.32,50,50,19,14,50,3.05,4.16,10,15,0.1,17,14,100,2.2,3.4,8,100,150,19,14,0.9909,38.169521,88.03,33.29
Structure 5,1100,1.2,4,5.32,50,50,19,15,50,3.05,4.16,10,15,0.1,17,14,100,2.2,3.4,8,100,150,19,14,0.9301,37.918147,87.5,30.86
Structure 5,1100,1.2,4,5.32,50,50,19,16,50,3.05,4.16,10,15,0.1,17,14,100,2.2,3.4,8,100,150,19,14,0.8746,35.087674,86.84,26.65
Structure 5,1100,1.2,4,5.32,50,50,19,17,50,3.05,4.16,10,15,0.1,17,14,100,2.2,3.4,8,100,150,19,14,0.8304,27.027966,86.15,19.33
Structure 5,1100,1.2,4,5.32,50,50,19,18,50,3.05,4.16,10,15,0.1,17,14,100,2.2,3.4,8,100,150,19,14,0.7881,16.893184,85.13,11.33
Structure 5,1100,1.2,4,5.32,50,50,19,19,50,3.05,4.16,10,15,0.1,17,14,100,2.2,3.4,8,100,150,19,14,0.7389,8.059308,83.16,4.95
Structure 5,450,1.2,4,5.32,50,50,19,14,50,3.05,4.16,10,15,0.1,17,14,100,2.2,3.4,8,100,150,19,14,1.0089,35.446945,88.1,31.51
Structure 5,550,1.2,4,5.32,50,50,19,14,50,3.05,4.16,10,15,0.1,17,14,100,2.2,3.4,8,100,150,19,14,1.0049,36.500719,88.08,32.31
Structure 5,650,1.2,4,5.32,50,50,19,14,50,3.05,4.16,10,15,0.1,17,14,100,2.2,3.4,8,100,150,19,14,1.0014,37.160994,88.04,32.76
Structure 5,750,1.2,4,5.32,50,50,19,14,50,3.05,4.16,10,15,0.1,17,14,100,2.2,3.4,8,100,150,19,14,0.9981,37.592818,88.04,33.03
Structure 5,850,1.2,4,5.32,50,50,19,14,50,3.05,4.16,10,15,0.1,17,14,100,2.2,3.4,8,100,150,19,14,0.9949,37.885638,88.04,33.18
Structure 5,950,1.2,4,5.32,50,50,19,14,50,3.05,4.16,10,15,0.1,17,14,100,2.2,3.4,8,100,150,19,14,0.9922,38.090298,88.03,33.27
Structure 5,1050,1.2,4,5.32,50,50,19,14,50,3.05,4.16,10,15,0.1,17,14,100,2.2,3.4,8,100,150,19,14,0.9897,38.236977,88.02,33.31
Structure 5,1100,1.2,4,5.32,50,50,19,14,100,3.05,4.16,10,15,0.1,17,14,100,2.2,3.4,8,100,150,19,14,0.9886,38.286294,88.02,33.32
Structure 5,1100,1.2,4,5.32,50,50,19,14,150,3.05,4.16,10,15,0.1,17,14,100,2.2,3.4,8,100,150,19,14,0.9886,38.284605,88.01,33.31
Structure 5,1100,1.2,4,5.32,50,50,19,14,250,3.05,4.16,10,15,0.1,17,14,100,2.2,3.4,8,100,150,19,14,0.9886,38.269484,87.95,33.27
Structure 5,1100,1.2,4,5.32,50,50,19,14,200,3.05,4.16,10,15,0.1,17,14,100,2.2,3.4,8,100,150,19,14,0.9886,38.269484,87.95,33.27
Structure 5,1100,1.2,4,5.32,50,50,19,14,300,3.05,4.16,10,15,0.1,17,14,100,2.2,3.4,8,100,150,19,14,0.9886,38.251795,87.92,33.25
Structure 5,1100,1.2,4,5.32,50,50,19,14,350,3.05,4.16,10,15,0.1,17,14,100,2.2,3.4,8,100,150,19,14,0.9885,38.226202,87.89,33.21
Structure 5,1100,1.2,4,5.32,50,50,19,14,400,3.05,4.16,10,15,0.1,17,14,100,2.2,3.4,8,100,150,19,14,0.9885,38.192783,87.86,33.17
Structure 5,1100,1.2,4,5.32,50,50,19,14,450,3.05,4.16,10,15,0.1,17,14,100,2.2,3.4,8,100,150,19,14,0.9884,38.152176,87.84,33.13
Structure 5,1100,1.2,4,5.32,50,50,19,14,500,3.05,4.16,10,15,0.1,17,14,100,2.2,3.4,8,100,150,19,14,0.9884,38.105397,87.82,33.08
Structure 5,1100,1.2,4,5.32,50,50,19,14,50,3.05,4.16,10,15,0.1,14,14,100,2.2,3.4,8,100,150,19,14,0.9887,38.298565,88.02,33.33
Structure 5,1100,1.2,4,5.32,50,50,19,14,50,3.05,4.16,10,15,0.1,15,14,100,2.2,3.4,8,100,150,19,14,0.9887,38.298532,88.02,33.33
Structure 5,1100,1.2,4,5.32,50,50,19,14,50,3.05,4.16,10,15,0.1,16,14,100,2.2,3.4,8,100,150,19,14,0.9887,38.2982,88.02,33.33
Structure 5,1100,1.2,4,5.32,50,50,19,14,50,3.05,4.16,10,15,0.1,17,14,100,2.2,3.4,8,100,150,19,14,0.9886,38.294697,88.01,33.32
Structure 5,1100,1.2,4,5.32,50,50,19,14,50,3.05,4.16,10,15,0.1,18,14,100,2.2,3.4,8,100,150,19,14,0.9883,38.285741,87.89,33.26
Structure 5,1100,1.2,4,5.32,50,50,19,14,50,3.05,4.16,10,15,0.1,18,15,100,2.2,3.4,8,100,150,19,14,0.9883,38.284806,87.88,33.25
Structure 5,1100,1.2,4,5.32,50,50,19,14,50,3.05,4.16,10,15,0.1,14,16,100,2.2,3.4,8,100,150,19,14,0.9886,38.294536,87.94,33.29
Structure 5,1100,1.2,4,5.32,50,50,19,14,50,3.05,4.16,10,15,0.1,14,17,100,2.2,3.4,8,100,150,19,14,0.9885,38.260796,87.75,33.19
Structure 5,1100,1.2,4,5.32,50,50,19,14,50,3.05,4.16,10,15,0.1,14,18,100,2.2,3.4,8,100,150,19,14,0.9885,38.113882,87.95,33.14
Structure 5,1100,1.2,4,5.32,50,50,19,14,50,3.05,4.16,10,15,0.1,14,19,100,2.2,3.4,8,100,150,19,14,0.9885,38.064383,88.04,33.13
Structure 5,1100,1.2,4,5.32,50,50,19,14,50,3.05,4.16,10,15,0.1,14,15,100,2.2,3.4,8,100,150,19,14,0.9887,38.298196,88.01,33.32
Structure 5,1100,1.2,4,5.32,50,50,19,14,50,3.05,4.16,10,15,0.1,14,14,50,2.2,3.4,8,100,150,19,14,0.9887,38.298558,88.02,33.33
Structure 5,1100,1.2,4,5.32,50,50,19,14,50,3.05,4.16,10,15,0.1,14,14,150,2.2,3.4,8,100,150,19,14,0.9887,38.298572,88.02,33.33
Structure 5,1100,1.2,4,5.32,50,50,19,14,50,3.05,4.16,10,15,0.1,14,14,200,2.2,3.4,8,100,150,19,14,0.9887,38.298577,88.02,33.33
Structure 5,1100,1.2,4,5.32,50,50,19,14,50,3.05,4.16,10,15,0.1,14,14,500,2.2,3.4,8,100,150,19,14,0.9887,38.298602,88.02,33.33
Structure 5,1100,1.2,4,5.32,50,50,19,14,50,3.05,4.16,10,15,0.1,14,14,50,2.2,3.4,8,100,150,14,14,0.9888,38.298467,87.87,33.27
Structure 5,1100,1.2,4,5.32,50,50,19,14,50,3.05,4.16,10,15,0.1,14,14,50,2.2,3.4,8,100,150,15,14,0.9888,38.298468,87.87,33.28
Structure 5,1100,1.2,4,5.32,50,50,19,14,50,3.05,4.16,10,15,0.1,14,14,50,2.2,3.4,8,100,150,16,14,0.9887,38.298472,87.89,33.28
Structure 5,1100,1.2,4,5.32,50,50,19,14,50,3.05,4.16,10,15,0.1,14,14,50,2.2,3.4,8,100,150,17,14,0.9887,38.298495,87.96,33.31
Structure 5,1100,1.2,4,5.32,50,50,19,14,50,3.05,4.16,10,15,0.1,14,14,50,2.2,3.4,8,100,150,18,14,0.9887,38.298536,88.01,33.32
Structure 5,1100,1.2,4,5.32,50,50,19,14,50,3.05,4.16,10,15,0.1,14,14,50,2.2,3.4,8,100,150,19,15,0.9887,38.298558,88.02,33.33
Structure 5,1100,1.2,4,5.32,50,50,19,14,50,3.05,4.16,10,15,0.1,14,14,50,2.2,3.4,8,100,150,19,16,0.9887,38.298558,88.02,33.33
Structure 5,1100,1.2,4,5.32,50,50,19,14,50,3.05,4.16,10,15,0.1,14,14,50,2.2,3.4,8,100,150,19,17,0.9887,38.298558,88.02,33.33
Structure 5,1100,1.2,4,5.32,50,50,19,14,50,3.05,4.16,10,15,0.1,14,14,50,2.2,3.4,8,100,150,19,18,0.9887,38.298558,88.02,33.33
Structure 5,1100,1.2,4,5.32,50,50,19,14,50,3.05,4.16,10,15,0.1,14,14,50,2.2,3.4,8,100,150,19,19,0.9887,38.298558,88.02,33.33
Structure 5,1200,1.2,4,5.32,50,50,19,14,50,3.05,4.16,10,15,0.1,14,14,50,2.2,3.4,8,100,150,19,14,0.9866,38.390958,88,33.33
Structure 5,100,1.2,4,5.32,50,50,19,14,50,3.05,4.16,10,15,0.1,14,14,50,2.2,3.4,8,100,150,19,15,1.0288,19.395585,87.9,17.54
Structure 5,100,1.2,4,5.32,50,50,19,14,50,3.05,4.16,10,15,0.1,14,14,50,2.2,3.4,8,100,150,19,16,1.0288,19.395571,87.9,17.54
Structure 5,100,1.2,4,5.32,50,50,19,14,50,3.05,4.16,10,15,0.1,14,14,50,2.2,3.4,8,100,150,19,17,1.0288,19.395436,87.9,17.54
Structure 5,100,1.2,4,5.32,50,50,19,14,50,3.05,4.16,10,15,0.1,14,14,50,2.2,3.4,8,100,150,19,18,1.0288,19.394094,87.9,17.54
Structure 5,100,1.2,4,5.32,50,50,19,14,50,3.05,4.16,10,15,0.1,14,14,50,2.2,3.4,8,100,150,19,19,1.0288,19.381419,87.9,17.53
Structure 29,1000,1.164,4.22,14.24,80,25,18,14,50,2.9,4.09,10,50,20,15,14,50,2.96,2.3,9,1,40,17,14,0.8711,39.957026,84.91,29.55
Structure 29,1000,1.164,4.22,14.24,80,25,14,14,50,2.9,4.09,10,50,20,15,14,50,2.96,2.3,9,1,40,17,14,0.7593,40.128616,77.25,23.54
Structure 29,1000,1.164,4.22,14.24,80,25,15,14,50,2.9,4.09,10,50,20,15,14,50,2.96,2.3,9,1,40,17,14,0.7592,40.119614,77.27,23.54
Structure 29,1000,1.164,4.22,14.24,80,25,16,14,50,2.9,4.09,10,50,20,15,14,50,2.96,2.3,9,1,40,17,14,0.7674,40.109589,82.18,25.3
Structure 29,1000,1.164,4.22,14.24,80,25,17,14,50,2.9,4.09,10,50,20,15,14,50,2.96,2.3,9,1,40,17,14,0.813,40.127588,84.81,27.67
Structure 29,1000,1.164,4.22,14.24,80,25,19,14,50,2.9,4.09,10,50,20,15,14,50,2.96,2.3,9,1,40,17,14,0.93,39.501459,85.54,31.43
Structure 29,1000,1.164,4.22,14.24,80,25,19,15,50,2.9,4.09,10,50,20,15,14,50,2.96,2.3,9,1,40,17,14,0.8709,34.619984,76.01,22.92
Structure 29,1000,1.164,4.22,14.24,80,25,19,16,50,2.9,4.09,10,50,20,15,14,50,2.96,2.3,9,1,40,17,14,0.812,16.563763,56.82,7.64
Structure 29,1000,1.164,4.22,14.24,80,25,19,17,50,2.9,4.09,10,50,20,15,14,50,2.96,2.3,9,1,40,17,14,0.7711,5.013941,52.04,2.01
Structure 29,1000,1.164,4.22,14.24,80,25,19,18,50,2.9,4.09,10,50,20,15,14,50,2.96,2.3,9,1,40,17,14,0.74,1.444568,56.82,0.61
Structure 29,1000,1.164,4.22,14.24,80,25,19,19,50,2.9,4.09,10,50,20,15,14,50,2.96,2.3,9,1,40,17,14,0.7199,0.532745164,70.34,0.27
Structure 29,1000,1.164,4.22,14.24,80,25,19,14,100,2.9,4.09,10,50,20,15,14,50,2.96,2.3,9,1,40,17,14,0.9301,39.218365,84.24,30.73
Structure 29,1000,1.164,4.22,14.24,80,25,19,14,150,2.9,4.09,10,50,20,15,14,50,2.96,2.3,9,1,40,17,14,0.9301,38.933969,82.86,30
Structure 29,1000,1.164,4.22,14.24,80,25,19,14,200,2.9,4.09,10,50,20,15,14,50,2.96,2.3,9,1,40,17,14,0.9301,38.655338,81.61,29.34
Structure 29,1000,1.164,4.22,14.24,80,25,19,14,250,2.9,4.09,10,50,20,15,14,50,2.96,2.3,9,1,40,17,14,0.9302,38.384326,80.55,28.76
Structure 29,1000,1.164,4.22,14.24,80,25,19,14,300,2.9,4.09,10,50,20,15,14,50,2.96,2.3,9,1,40,17,14,0.9302,38.126789,79.65,28.25
Structure 29,1000,1.164,4.22,14.24,80,25,19,14,50,2.9,4.09,10,50,20,14,14,50,2.96,2.3,9,1,40,17,14,0.93,39.497994,85.52,31.42
Structure 29,1000,1.164,4.22,14.24,80,25,19,14,50,2.9,4.09,10,50,20,16,14,50,2.96,2.3,9,1,40,17,14,0.93,39.53468,85.7,31.51
Structure 29,1000,1.164,4.22,14.24,80,25,19,14,50,2.9,4.09,10,50,20,17,14,50,2.96,2.3,9,1,40,17,14,0.93,39.766555,86.39,31.95
Structure 29,1000,1.164,4.22,14.24,80,25,19,14,50,2.9,4.09,10,50,20,18,14,50,2.96,2.3,9,1,40,17,14,0.9299,40.115115,86.95,32.44
Structure 29,1000,1.164,4.22,14.24,80,25,19,14,50,2.9,4.09,10,50,20,19,14,50,2.96,2.3,9,1,40,17,14,0.9287,40.122439,86.71,32.31
Structure 29,1000,1.164,4.22,14.24,80,25,19,14,50,2.9,4.09,10,50,20,18,15,50,2.96,2.3,9,1,40,17,14,0.9299,40.115111,86.95,32.44
Structure 29,1000,1.164,4.22,14.24,80,25,19,14,50,2.9,4.09,10,50,20,18,16,50,2.96,2.3,9,1,40,17,14,0.9299,40.115073,86.95,32.44
Structure 29,1000,1.164,4.22,14.24,80,25,19,14,50,2.9,4.09,10,50,20,18,17,50,2.96,2.3,9,1,40,17,14,0.9299,40.114694,86.94,32.43
Structure 29,1000,1.164,4.22,14.24,80,25,19,14,50,2.9,4.09,10,50,20,18,18,50,2.96,2.3,9,1,40,17,14,0.9299,40.110968,86.92,32.42
Structure 29,1000,1.164,4.22,14.24,80,25,19,14,50,2.9,4.09,10,50,20,18,19,50,2.96,2.3,9,1,40,17,14,0.9299,40.079377,86.8,32.35
Structure 29,1000,1.164,4.22,14.24,80,25,19,14,50,2.9,4.09,10,50,20,18,14,100,2.96,2.3,9,1,40,17,14,0.9299,40.115108,86.95,32.44
Structure 29,1000,1.164,4.22,14.24,80,25,19,14,50,2.9,4.09,10,50,20,18,14,150,2.96,2.3,9,1,40,17,14,0.9299,40.115105,86.95,32.44
Structure 29,1000,1.164,4.22,14.24,80,25,19,14,50,2.9,4.09,10,50,20,18,14,200,2.96,2.3,9,1,40,17,14,0.9299,40.115103,32.44,32.44
Structure 29,1000,1.164,4.22,14.24,80,25,19,14,50,2.9,4.09,10,50,20,18,14,250,2.96,2.3,9,1,40,17,14,0.9299,40.115101,86.95,32.44
Structure 29,1000,1.164,4.22,14.24,80,25,19,14,50,2.9,4.09,10,50,20,18,14,300,2.96,2.3,9,1,40,17,14,0.9299,40.1151,86.95,32.44
Structure 29,1000,1.164,4.22,14.24,80,25,19,14,50,2.9,4.09,10,50,20,18,14,50,2.96,2.3,9,1,40,14,14,0.9299,40.115002,86.95,32.43
Structure 29,1000,1.164,4.22,14.24,80,25,19,14,50,2.9,4.09,10,50,20,18,14,50,2.96,2.3,9,1,40,15,14,0.9299,40.115003,86.95,32.43
Structure 29,1000,1.164,4.22,14.24,80,25,19,14,50,2.9,4.09,10,50,20,18,14,50,2.96,2.3,9,1,40,16,14,0.9299,40.115014,86.95,32.43
Structure 29,1000,1.164,4.22,14.24,80,25,19,14,50,2.9,4.09,10,50,20,18,14,50,2.96,2.3,9,1,40,18,14,0.93,40.115859,86.95,32.44
Structure 29,1000,1.164,4.22,14.24,80,25,19,14,50,2.9,4.09,10,50,20,18,14,50,2.96,2.3,9,1,40,19,14,0.9305,40.119622,86.98,32.47
Structure 29,1000,1.164,4.22,14.24,80,25,19,14,50,2.9,4.09,10,50,20,18,14,50,2.96,2.3,9,1,40,19,15,0.9305,40.119622,86.98,32.47
Structure 29,1000,1.164,4.22,14.24,80,25,19,14,50,2.9,4.09,10,50,20,18,14,50,2.96,2.3,9,1,40,19,16,0.9305,40.119622,86.98,32.47
Structure 29,1000,1.164,4.22,14.24,80,25,19,14,50,2.9,4.09,10,50,20,18,14,50,2.96,2.3,9,1,40,19,17,0.9305,40.119622,86.98,32.47
Structure 29,1000,1.164,4.22,14.24,80,25,19,14,50,2.9,4.09,10,50,20,18,14,50,2.96,2.3,9,1,40,19,18,0.9305,40.119622,86.98,32.47
Structure 29,1000,1.164,4.22,14.24,80,25,19,14,50,2.9,4.09,10,50,20,18,14,50,2.96,2.3,9,1,40,19,19,0.9305,40.119622,86.98,32.47
Structure 29,1200,1.164,4.22,14.24,80,25,19,14,50,2.9,4.09,10,50,20,18,14,50,2.96,2.3,9,1,40,19,19,0.9265,40.392377,86.95,32.54
Structure 29,1100,1.164,4.22,14.24,80,25,19,14,50,2.9,4.09,10,50,20,18,14,50,2.96,2.3,9,1,40,19,19,0.9284,40.273909,86.97,32.52
Structure 29,100,1.164,4.22,14.24,80,25,19,14,50,2.9,4.09,10,50,20,18,14,50,2.96,2.3,9,1,40,19,19,0.9551,20.169641,86.32,16.63
Structure 29,800,1.164,4.22,14.24,80,25,19,14,50,2.9,4.09,10,50,20,18,14,50,2.96,2.3,9,1,40,19,19,0.9354,39.634135,86.99,32.25
Structure 29,500,1.164,4.22,14.24,80,25,19,14,50,2.9,4.09,10,50,20,18,14,50,2.96,2.3,9,1,40,19,19,0.9445,37.775465,86.97,31.03
Structure 29,600,1.164,4.22,14.24,80,25,19,14,50,2.9,4.09,10,50,20,18,14,50,2.96,2.3,9,1,40,19,19,0.9414,38.661279,86.97,31.65
Structure 29,900,1.164,4.22,14.24,80,25,19,14,50,2.9,4.09,10,50,20,18,14,50,2.96,2.3,9,1,40,19,19,0.9328,39.914366,86.99,32.39
Structure 29,300,1.164,4.22,14.24,80,25,19,14,50,2.9,4.09,10,50,20,18,14,50,2.96,2.3,9,1,40,19,19,0.9517,33.87238,86.89,28.01
Structure 29,700,1.164,4.22,14.24,80,25,19,14,50,2.9,4.09,10,50,20,18,14,50,2.96,2.3,9,1,40,19,19,0.9384,39.239285,86.97,32.02
Structure 29,200,1.164,4.22,14.24,80,25,19,14,50,2.9,4.09,10,50,20,18,14,50,2.96,2.3,9,1,40,19,19,0.9552,29.302959,86.72,24.27
Structure 9,1000,1.077,4,7,50,50,17,14,100,1.7,3.91,4.2,0.08,0.0035,18,14,100,1.4,3.9,13.6,100,25,16,14,0.7071,41.367081,83.64,24.46
Structure 9,100,1.077,4,7,50,50,17,14,100,1.7,3.91,4.2,0.08,0.0035,18,14,100,1.4,3.9,13.6,100,25,16,14,0.7626,27.278172,81.86,17.03
Structure 9,200,1.077,4,7,50,50,17,14,100,1.7,3.91,4.2,0.08,0.0035,18,14,100,1.4,3.9,13.6,100,25,16,14,0.7466,33.127188,82.82,20.48
Structure 9,300,1.077,4,7,50,50,17,14,100,1.7,3.91,4.2,0.08,0.0035,18,14,100,1.4,3.9,13.6,100,25,16,14,0.7373,36.358113,83.18,22.3
Structure 9,400,1.077,4,7,50,50,17,14,100,1.7,3.91,4.2,0.08,0.0035,18,14,100,1.4,3.9,13.6,100,25,16,14,0.7303,38.245272,83.38,23.29
Structure 9,500,1.077,4,7,50,50,17,14,100,1.7,3.91,4.2,0.08,0.0035,18,14,100,1.4,3.9,13.6,100,25,16,14,0.7249,39.401703,83.47,23.84
Structure 9,600,1.077,4,7,50,50,17,14,100,1.7,3.91,4.2,0.08,0.0035,18,14,100,1.4,3.9,13.6,100,25,16,14,0.7205,40.140692,83.51,24.15
Structure 9,700,1.077,4,7,50,50,17,14,100,1.7,3.91,4.2,0.08,0.0035,18,14,100,1.4,3.9,13.6,100,25,16,14,0.7164,40.630107,83.57,24.33
Structure 9,800,1.077,4,7,50,50,17,14,100,1.7,3.91,4.2,0.08,0.0035,18,14,100,1.4,3.9,13.6,100,25,16,14,0.7129,40.964685,83.61,24.42
Structure 9,900,1.077,4,7,50,50,17,14,100,1.7,3.91,4.2,0.08,0.0035,18,14,100,1.4,3.9,13.6,100,25,16,14,0.7098,41.19819,83.63,24.46
Structure 9,1100,1.077,4,7,50,50,17,14,100,1.7,3.91,4.2,0.08,0.0035,18,14,100,1.4,3.9,13.6,100,25,16,14,0.7047,41.489329,83.63,24.45
Structure 9,1200,1.077,4,7,50,50,17,14,100,1.7,3.91,4.2,0.08,0.0035,18,14,100,1.4,3.9,13.6,100,25,16,14,0.7026,41.580202,83.62,24.43
Structure 9,1000,1.077,4,7,50,50,14,14,100,1.7,3.91,4.2,0.08,0.0035,18,14,100,1.4,3.9,13.6,100,25,16,14,0.651,41.170658,74.82,20.05
Structure 9,1000,1.077,4,7,50,50,15,14,100,1.7,3.91,4.2,0.08,0.0035,18,14,100,1.4,3.9,13.6,100,25,16,14,0.6512,41.167563,75.97,20.37
Structure 9,1000,1.077,4,7,50,50,16,14,100,1.7,3.91,4.2,0.08,0.0035,18,14,100,1.4,3.9,13.6,100,25,16,14,0.6613,41.189377,81.31,22.15
Structure 9,1000,1.077,4,7,50,50,18,14,100,1.7,3.91,4.2,0.08,0.0035,18,14,100,1.4,3.9,13.6,100,25,16,14,0.7647,41.776884,84.52,27
Structure 9,1000,1.077,4,7,50,50,19,14,100,1.7,3.91,4.2,0.08,0.0035,18,14,100,1.4,3.9,13.6,100,25,16,14,0.818,41.933011,84.81,29.09
Structure 9,1000,1.077,4,7,50,50,19,15,100,1.7,3.91,4.2,0.08,0.0035,18,14,100,1.4,3.9,13.6,100,25,16,14,0.7661,41.489037,82.08,26.09
Structure 9,1000,1.077,4,7,50,50,19,16,100,1.7,3.91,4.2,0.08,0.0035,18,14,100,1.4,3.9,13.6,100,25,16,14,0.7122,38.095898,71.21,19.32
Structure 9,1000,1.077,4,7,50,50,19,17,100,1.7,3.91,4.2,0.08,0.0035,18,14,100,1.4,3.9,13.6,100,25,16,14,0.6736,28.224099,56.54,10.75
Structure 9,1000,1.077,4,7,50,50,19,18,100,1.7,3.91,4.2,0.08,0.0035,18,14,100,1.4,3.9,13.6,100,25,16,14,0.649,16.932169,52.36,5.75
Structure 9,1000,1.077,4,7,50,50,19,19,100,1.7,3.91,4.2,0.08,0.0035,18,14,100,1.4,3.9,13.6,100,25,16,14,0.6374,9.55368,65.65,4
Structure 9,1000,1.077,4,7,50,50,19,14,50,1.7,3.91,4.2,0.08,0.0035,18,14,100,1.4,3.9,13.6,100,25,16,14,0.8192,43.308096,85.45,30.32
Structure 9,1000,1.077,4,7,50,50,19,14,150,1.7,3.91,4.2,0.08,0.0035,18,14,100,1.4,3.9,13.6,100,25,16,14,0.816,39.270962,84.45,27.06
Structure 9,1000,1.077,4,7,50,50,19,14,200,1.7,3.91,4.2,0.08,0.0035,18,14,100,1.4,3.9,13.6,100,25,16,14,0.8139,36.291506,84.39,24.93
Structure 9,1000,1.077,4,7,50,50,19,14,250,1.7,3.91,4.2,0.08,0.0035,18,14,100,1.4,3.9,13.6,100,25,16,14,0.8118,33.573914,84.47,23.02
Structure 9,1000,1.077,4,7,50,50,19,14,300,1.7,3.91,4.2,0.08,0.0035,18,14,100,1.4,3.9,13.6,100,25,16,14,0.81,31.289629,84.6,21.44
Structure 9,1000,1.077,4,7,50,50,19,14,350,1.7,3.91,4.2,0.08,0.0035,18,14,100,1.4,3.9,13.6,100,25,16,14,0.8085,29.433356,84.73,20.16
Structure 9,1000,1.077,4,7,50,50,19,14,400,1.7,3.91,4.2,0.08,0.0035,18,14,100,1.4,3.9,13.6,100,25,16,14,0.8072,27.945905,84.86,19.14
Structure 9,1000,1.077,4,7,50,50,19,14,450,1.7,3.91,4.2,0.08,0.0035,18,14,100,1.4,3.9,13.6,100,25,16,14,0.8062,26.759591,84.97,18.33
Structure 9,1000,1.077,4,7,50,50,19,14,500,1.7,3.91,4.2,0.08,0.0035,18,14,100,1.4,3.9,13.6,100,25,16,14,0.8054,25.813239,85.06,17.68
Structure 9,1000,1.077,4,7,50,50,19,14,50,1.7,3.91,4.2,0.08,0.0035,14,14,100,1.4,3.9,13.6,100,25,16,14,0.8204,41.686272,73.99,25.31
Structure 9,1000,1.077,4,7,50,50,19,14,50,1.7,3.91,4.2,0.08,0.0035,15,14,100,1.4,3.9,13.6,100,25,16,14,0.8204,41.703554,74.21,25.39
Structure 9,1000,1.077,4,7,50,50,19,14,50,1.7,3.91,4.2,0.08,0.0035,16,14,100,1.4,3.9,13.6,100,25,16,14,0.8202,41.863638,76.13,26.14
Structure 9,1000,1.077,4,7,50,50,19,14,50,1.7,3.91,4.2,0.08,0.0035,17,14,100,1.4,3.9,13.6,100,25,16,14,0.8196,42.730625,82.62,28.94
Structure 9,1000,1.077,4,7,50,50,19,14,50,1.7,3.91,4.2,0.08,0.0035,19,14,100,1.4,3.9,13.6,100,25,16,14,0.8185,43.112146,86,30.35
Structure 9,1000,1.077,4,7,50,50,19,14,50,1.7,3.91,4.2,0.08,0.0035,19,15,100,1.4,3.9,13.6,100,25,16,14,0.8173,41.544351,85.68,29.09
Structure 9,1000,1.077,4,7,50,50,19,14,50,1.7,3.91,4.2,0.08,0.0035,19,16,100,1.4,3.9,13.6,100,25,16,14,0.816,39.716876,85.6,27.74
Structure 9,1000,1.077,4,7,50,50,19,14,50,1.7,3.91,4.2,0.08,0.0035,19,17,100,1.4,3.9,13.6,100,25,16,14,0.8156,39.028455,85.65,27.26
Structure 9,1000,1.077,4,7,50,50,19,14,50,1.7,3.91,4.2,0.08,0.0035,19,18,100,1.4,3.9,13.6,100,25,16,14,0.8154,38.673353,85.81,27.06
Structure 9,1000,1.077,4,7,50,50,19,14,50,1.7,3.91,4.2,0.08,0.0035,19,19,100,1.4,3.9,13.6,100,25,16,14,0.8153,38.434118,86.03,26.96
Structure 9,1000,1.077,4,7,50,50,19,14,50,1.7,3.91,4.2,0.08,0.0035,19,14,50,1.4,3.9,13.6,100,25,16,14,0.8176,43.108336,86,30.31
Structure 9,1000,1.077,4,7,50,50,19,14,50,1.7,3.91,4.2,0.08,0.0035,19,14,150,1.4,3.9,13.6,100,25,16,14,0.8195,43.115681,86,30.39
Structure 9,1000,1.077,4,7,50,50,19,14,50,1.7,3.91,4.2,0.08,0.0035,19,14,200,1.4,3.9,13.6,100,25,16,14,0.8204,43.118724,86.01,30.42
Structure 9,1000,1.077,4,7,50,50,19,14,50,1.7,3.91,4.2,0.08,0.0035,19,14,250,1.4,3.9,13.6,100,25,16,14,0.821,43.12121,86.02,30.45
Structure 9,1000,1.077,4,7,50,50,19,14,50,1.7,3.91,4.2,0.08,0.0035,19,14,300,1.4,3.9,13.6,100,25,16,14,0.8216,43.123231,86.03,30.48
Structure 9,1000,1.077,4,7,50,50,19,14,50,1.7,3.91,4.2,0.08,0.0035,19,14,350,1.4,3.9,13.6,100,25,16,14,0.822,43.124896,86.03,30.5
Structure 9,1000,1.077,4,7,50,50,19,14,50,1.7,3.91,4.2,0.08,0.0035,19,14,400,1.4,3.9,13.6,100,25,16,14,0.8224,43.126295,86.04,30.52
Structure 9,1000,1.077,4,7,50,50,19,14,50,1.7,3.91,4.2,0.08,0.0035,19,14,450,1.4,3.9,13.6,100,25,16,14,0.8227,43.127491,86.04,30.53
Structure 9,1000,1.077,4,7,50,50,19,14,50,1.7,3.91,4.2,0.08,0.0035,19,14,500,1.4,3.9,13.6,100,25,16,14,0.823,43.128528,86.05,30.54
Structure 9,1000,1.077,4,7,50,50,19,14,50,1.7,3.91,4.2,0.08,0.0035,19,14,500,1.4,3.9,13.6,100,25,14,14,0.8191,43.122285,85.97,30.36
Structure 9,1000,1.077,4,7,50,50,19,14,50,1.7,3.91,4.2,0.08,0.0035,19,14,500,1.4,3.9,13.6,100,25,15,14,0.8197,43.123168,85.98,30.39
Structure 9,1000,1.077,4,7,50,50,19,14,50,1.7,3.91,4.2,0.08,0.0035,19,14,500,1.4,3.9,13.6,100,25,17,14,0.8258,43.132621,86.1,30.67
Structure 9,1000,1.077,4,7,50,50,19,14,50,1.7,3.91,4.2,0.08,0.0035,19,14,500,1.4,3.9,13.6,100,25,18,14,0.8263,43.13309,86.1,30.69
Structure 9,1000,1.077,4,7,50,50,19,14,50,1.7,3.91,4.2,0.08,0.0035,19,14,500,1.4,3.9,13.6,100,25,19,14,0.8264,43.133107,86.11,30.69
Structure 9,1000,1.077,4,7,50,50,19,14,50,1.7,3.91,4.2,0.08,0.0035,19,14,500,1.4,3.9,13.6,100,25,19,15,0.8264,43.133103,86.11,30.69
Structure 9,1000,1.077,4,7,50,50,19,14,50,1.7,3.91,4.2,0.08,0.0035,19,14,500,1.4,3.9,13.6,100,25,19,16,0.8264,43.133056,86.11,30.69
Structure 9,1000,1.077,4,7,50,50,19,14,50,1.7,3.91,4.2,0.08,0.0035,19,14,500,1.4,3.9,13.6,100,25,19,17,0.8264,43.132625,86.11,30.69
Structure 9,1000,1.077,4,7,50,50,19,14,50,1.7,3.91,4.2,0.08,0.0035,19,14,500,1.4,3.9,13.6,100,25,19,18,0.8263,43.13027,86.1,30.69
Structure 9,1000,1.077,4,7,50,50,19,14,50,1.7,3.91,4.2,0.08,0.0035,19,14,500,1.4,3.9,13.6,100,25,19,19,0.8261,43.126693,86.1,30.67
Structure 6,1000,0.997,4.5,6.484,50,50,17,14,50,1.85,4.26,17.7,50,25,17,14,100,1.9,3.6,5.4,30,10,18,15,0.6429,47.424066,82.59,25.18
Structure 6,1000,0.997,4.5,6.484,50,50,17,14,50,1.8,3.9,13.6,100,100,18,15,100,1.9,3.6,5.4,30,10,18,15,0.6859,6.776551,66.58,3.09
Structure 6,100,0.997,4.5,6.484,50,50,17,14,50,1.8,3.9,13.6,100,100,18,15,100,1.9,3.6,5.4,30,10,18,15,0.7413,6.893992,65.84,3.36
Structure 6,200,0.997,4.5,6.484,50,50,17,14,50,1.8,3.9,13.6,100,100,18,15,100,1.9,3.6,5.4,30,10,18,15,0.7261,6.866712,66.14,3.3
Structure 6,300,0.997,4.5,6.484,50,50,17,14,50,1.8,3.9,13.6,100,100,18,15,100,1.9,3.6,5.4,30,10,18,15,0.7168,6.847012,66.28,3.25
Structure 6,400,0.997,4.5,6.484,50,50,17,14,50,1.8,3.9,13.6,100,100,18,15,100,1.9,3.6,5.4,30,10,18,15,0.7096,6.831291,66.38,3.22
Structure 6,500,0.997,4.5,6.484,50,50,17,14,50,1.8,3.9,13.6,100,100,18,15,100,1.9,3.6,5.4,30,10,18,15,0.704,6.818729,66.4,3.19
Structure 6,600,0.997,4.5,6.484,50,50,17,14,50,1.8,3.9,13.6,100,100,18,15,100,1.9,3.6,5.4,30,10,18,15,0.6994,6.80778,66.43,3.16
Structure 6,700,0.997,4.5,6.484,50,50,17,14,50,1.8,3.9,13.6,100,100,18,15,100,1.9,3.6,5.4,30,10,18,15,0.6952,6.798403,66.49,3.14
Structure 6,800,0.997,4.5,6.484,50,50,17,14,50,1.8,3.9,13.6,100,100,18,15,100,1.9,3.6,5.4,30,10,18,15,0.6917,6.790309,66.53,3.12
Structure 6,900,0.997,4.5,6.484,50,50,17,14,50,1.8,3.9,13.6,100,100,18,15,100,1.9,3.6,5.4,30,10,18,15,0.6886,6.783056,66.56,3.11
Structure 6,1000,0.997,4.5,6.484,50,50,17,14,50,1.8,3.9,13.6,100,100,18,15,100,1.9,3.6,5.4,30,10,18,14,0.6859,6.776551,66.58,3.09
Structure 6,1000,0.997,4.5,6.484,50,50,17,14,50,1.8,3.9,13.6,100,100,18,15,100,1.9,3.6,5.4,30,10,18,16,0.6859,6.776551,66.58,3.09
Structure 6,1000,0.997,4.5,6.484,50,50,17,14,50,1.8,3.9,13.6,100,100,18,15,100,1.9,3.6,5.4,30,10,18,17,0.6859,6.776551,66.58,3.09
Structure 6,1000,0.997,4.5,6.484,50,50,17,14,50,1.8,3.9,13.6,100,100,18,15,100,1.9,3.6,5.4,30,10,18,18,0.6859,6.776551,66.58,3.09
Structure 6,1000,0.997,4.5,6.484,50,50,17,14,50,1.8,3.9,13.6,100,100,18,15,100,1.9,3.6,5.4,30,10,18,19,0.6859,6.776551,66.58,3.09
Structure 6,50,0.997,4.5,6.484,50,50,17,14,50,1.8,3.9,13.6,100,100,18,15,100,1.9,3.6,5.4,30,10,18,14,0.7576,6.916366,65.37,3.43
Structure 6,50,0.997,4.5,6.484,50,50,14,14,50,1.8,3.9,13.6,100,100,18,15,100,1.9,3.6,5.4,30,10,18,14,0.7539,6.928558,65.35,3.41
Structure 6,50,0.997,4.5,6.484,50,50,15,14,50,1.8,3.9,13.6,100,100,18,15,100,1.9,3.6,5.4,30,10,18,14,0.7539,6.928371,65.35,3.41
Structure 6,50,0.997,4.5,6.484,50,50,16,14,50,1.8,3.9,13.6,100,100,18,15,100,1.9,3.6,5.4,30,10,18,14,0.754,6.926616,65.35,3.41
Structure 6,50,0.997,4.5,6.484,50,50,18,14,50,1.8,3.9,13.6,100,100,18,15,100,1.9,3.6,5.4,30,10,18,14,0.7973,6.80143,65.19,3.54
Structure 6,50,0.997,4.5,6.484,50,50,19,14,50,1.8,3.9,13.6,100,100,18,15,100,1.9,3.6,5.4,30,10,18,14,0.9226,5.219609,70.55,3.4
Structure 6,50,0.997,4.5,6.484,50,50,18,15,50,1.8,3.9,13.6,100,100,18,15,100,1.9,3.6,5.4,30,10,18,14,0.7241,6.554425,65.49,3.11
Structure 6,50,0.997,4.5,6.484,50,50,18,16,50,1.8,3.9,13.6,100,100,18,15,100,1.9,3.6,5.4,30,10,18,14,0.6381,6.259953,65.6,2.62
Structure 6,50,0.997,4.5,6.484,50,50,18,17,50,1.8,3.9,13.6,100,100,18,15,100,1.9,3.6,5.4,30,10,18,14,0.5387,5.922978,65.4,2.09
Structure 6,50,0.997,4.5,6.484,50,50,18,18,50,1.8,3.9,13.6,100,100,18,15,100,1.9,3.6,5.4,30,10,18,14,0.4331,5.567731,64.43,1.55
Structure 6,50,0.997,4.5,6.484,50,50,18,19,50,1.8,3.9,13.6,100,100,18,15,100,1.9,3.6,5.4,30,10,18,14,0.325,5.206421,61.62,1.04
Structure 6,50,0.997,4.5,6.484,50,50,18,14,100,1.8,3.9,13.6,100,100,18,15,100,1.9,3.6,5.4,30,10,18,14,0.8127,10.008388,70.12,5.7
Structure 6,50,0.997,4.5,6.484,50,50,18,14,150,1.8,3.9,13.6,100,100,18,15,100,1.9,3.6,5.4,30,10,18,14,0.8215,12.369369,72.29,7.35
Structure 6,50,0.997,4.5,6.484,50,50,18,14,200,1.8,3.9,13.6,100,100,18,15,100,1.9,3.6,5.4,30,10,18,14,0.8269,14.167345,73.38,8.6
Structure 6,50,0.997,4.5,6.484,50,50,18,14,250,1.8,3.9,13.6,100,100,18,15,100,1.9,3.6,5.4,30,10,18,14,0.8308,15.549657,73.98,9.56
Structure 6,50,0.997,4.5,6.484,50,50,18,14,300,1.8,3.9,13.6,100,100,18,15,100,1.9,3.6,5.4,30,10,18,14,0.8336,16.622849,74.33,10.3
Structure 6,50,0.997,4.5,6.484,50,50,18,14,350,1.8,3.9,13.6,100,100,18,15,100,1.9,3.6,5.4,30,10,18,14,0.8357,17.462682,74.56,10.88
Structure 6,50,0.997,4.5,6.484,50,50,18,14,400,1.8,3.9,13.6,100,100,18,15,100,1.9,3.6,5.4,30,10,18,14,0.8372,18.125928,74.7,11.34
Structure 6,500,0.997,4.5,6.484,50,50,18,14,400,1.8,3.9,13.6,100,100,18,15,100,1.9,3.6,5.4,30,10,18,14,0.797,18.081932,76.44,11.02
Structure 6,50,0.997,4.5,6.484,50,50,18,14,450,1.8,3.9,13.6,100,100,18,15,100,1.9,3.6,5.4,30,10,18,14,0.8385,18.653172,74.8,11.7
Structure 6,50,0.997,4.5,6.484,50,50,18,14,500,1.8,3.9,13.6,100,100,18,15,100,1.9,3.6,5.4,30,10,18,14,0.8395,19.074346,74.87,11.99
Structure 6,50,0.997,4.5,6.484,50,50,18,14,500,1.8,3.9,13.6,100,100,14,15,100,1.9,3.6,5.4,30,10,18,14,1.089,16.52212,86.49,15.56
Structure 6,50,0.997,4.5,6.484,50,50,18,14,500,1.8,3.9,13.6,100,100,15,15,100,1.9,3.6,5.4,30,10,18,14,1.0766,16.530017,87.12,15.5
Structure 6,50,0.997,4.5,6.484,50,50,18,14,500,1.8,3.9,13.6,100,100,16,15,100,1.9,3.6,5.4,30,10,18,14,1.0343,16.559744,87.5,14.99
Structure 6,50,0.997,4.5,6.484,50,50,18,14,500,1.8,3.9,13.6,100,100,17,15,100,1.9,3.6,5.4,30,10,18,14,0.9458,16.635987,84.49,13.29
Structure 6,50,0.997,4.5,6.484,50,50,18,14,500,1.8,3.9,13.6,100,100,19,15,100,1.9,3.6,5.4,30,10,18,14,0.7818,24.695729,77.92,15.04
Structure 6,50,0.997,4.5,6.484,50,50,18,14,500,1.8,3.9,13.6,100,100,14,14,100,1.9,3.6,5.4,30,10,18,14,1.0892,16.522602,86.54,15.57
Structure 6,50,0.997,4.5,6.484,50,50,18,14,500,1.8,3.9,13.6,100,100,14,15,100,1.9,3.6,5.4,30,10,18,14,1.089,16.52212,86.49,15.56
Structure 6,50,0.997,4.5,6.484,50,50,18,14,500,1.8,3.9,13.6,100,100,14,16,100,1.9,3.6,5.4,30,10,18,14,1.0875,16.517303,86.01,15.45
Structure 6,50,0.997,4.5,6.484,50,50,18,14,500,1.8,3.9,13.6,100,100,14,17,100,1.9,3.6,5.4,30,10,18,14,1.0733,16.469266,82.51,14.59
Structure 6,50,0.997,4.5,6.484,50,50,18,14,500,1.8,3.9,13.6,100,100,14,18,100,1.9,3.6,5.4,30,10,18,14,1.0022,16.002069,70.77,11.35
Structure 6,50,0.997,4.5,6.484,50,50,18,14,500,1.8,3.9,13.6,100,100,14,19,100,1.9,3.6,5.4,30,10,18,14,0.8699,12.371481,45.2,4.86
Structure 6,50,0.997,4.5,6.484,50,50,18,14,500,1.8,3.9,13.6,100,100,14,14,50,1.9,3.6,5.4,30,10,18,14,1.0891,16.522601,86.54,15.57
Structure 6,50,0.997,4.5,6.484,50,50,18,14,500,1.8,3.9,13.6,100,100,14,14,100,1.9,3.6,5.4,30,10,18,14,1.0892,16.522602,86.54,15.57
Structure 6,50,0.997,4.5,6.484,50,50,18,14,500,1.8,3.9,13.6,100,100,14,14,150,1.9,3.6,5.4,30,10,18,14,1.0892,16.522603,86.54,15.57
Structure 6,50,0.997,4.5,6.484,50,50,18,14,500,1.8,3.9,13.6,100,100,14,14,250,1.9,3.6,5.4,30,10,18,14,1.0892,16.522605,86.54,15.57
Structure 6,50,0.997,4.5,6.484,50,50,18,14,500,1.8,3.9,13.6,100,100,14,14,350,1.9,3.6,5.4,30,10,18,14,1.0892,16.522607,86.54,15.57
Structure 6,50,0.997,4.5,6.484,50,50,18,14,500,1.8,3.9,13.6,100,100,14,14,450,1.9,3.6,5.4,30,10,18,14,1.0892,16.522608,86.54,15.57
Structure 6,50,0.997,4.5,6.484,50,50,18,14,500,1.8,3.9,13.6,100,100,14,14,50,1.9,3.6,5.4,30,10,14,14,1.0891,16.522509,86.44,15.56
Structure 6,50,0.997,4.5,6.484,50,50,18,14,500,1.8,3.9,13.6,100,100,14,14,50,1.9,3.6,5.4,30,10,15,14,1.0891,16.52251,86.44,15.56
Structure 6,800,0.997,4.5,6.484,50,50,18,14,500,1.8,3.9,13.6,100,100,14,14,100,1.9,3.6,5.4,30,10,15,14,1.0884,16.522357,86.43,15.54
Structure 20,1000,0.976,4.554,13.634,50,50,17,14,150,1.85,4.26,17.7,50,25,19,15,50,3.1,2.1,6.5,100,43.9,18,14,0.6322,47.997807,80.91,24.55
Structure 20,1000,0.976,4.554,13.634,50,50,14,14,150,1.85,4.26,17.7,50,25,19,15,50,3.1,2.1,6.5,100,43.9,18,14,0.5851,48.065581,73.11,20.56
Structure 20,1000,0.976,4.554,13.634,50,50,15,14,150,1.85,4.26,17.7,50,25,19,15,50,3.1,2.1,6.5,100,43.9,18,14,0.585,48.051033,73.07,20.54
Structure 20,1000,0.976,4.554,13.634,50,50,16,14,150,1.85,4.26,17.7,50,25,19,15,50,3.1,2.1,6.5,100,43.9,18,14,0.5916,48.019802,78.29,22.24
Structure 20,1000,0.976,4.554,13.634,50,50,18,14,150,1.85,4.26,17.7,50,25,19,15,50,3.1,2.1,6.5,100,43.9,18,14,0.6815,47.939112,81.82,26.73
Structure 20,1000,0.976,4.554,13.634,50,50,19,14,150,1.85,4.26,17.7,50,25,19,15,50,3.1,2.1,6.5,100,43.9,18,14,0.7273,47.901395,83.98,29.26
Structure 20,1000,0.976,4.554,13.634,50,50,19,15,150,1.85,4.26,17.7,50,25,19,15,50,3.1,2.1,6.5,100,43.9,18,14,0.6861,47.19743,82.51,26.72
Structure 20,1000,0.976,4.554,13.634,50,50,19,16,150,1.85,4.26,17.7,50,25,19,15,50,3.1,2.1,6.5,100,43.9,18,14,0.6243,43.240749,79.2,21.38
Structure 20,1000,0.976,4.554,13.634,50,50,19,17,150,1.85,4.26,17.7,50,25,19,15,50,3.1,2.1,6.5,100,43.9,18,14,0.5506,37.06909,72.68,14.83
Structure 20,1000,0.976,4.554,13.634,50,50,19,18,150,1.85,4.26,17.7,50,25,19,15,50,3.1,2.1,6.5,100,43.9,18,14,0.4328,27.6069,66.56,7.95
Structure 20,1000,0.976,4.554,13.634,50,50,19,19,150,1.85,4.26,17.7,50,25,19,15,50,3.1,2.1,6.5,100,43.9,18,14,0.3036,19.095935,60.21,3.49
Structure 20,1000,0.976,4.554,13.634,50,50,19,14,50,1.85,4.26,17.7,50,25,19,15,50,3.1,2.1,6.5,100,43.9,18,14,0.7273,47.912459,83.98,29.26
Structure 20,1000,0.976,4.554,13.634,50,50,19,14,500,1.85,4.26,17.7,50,25,19,15,50,3.1,2.1,6.5,100,43.9,18,14,0.7271,47.68059,83.97,29.11
Structure 20,1000,0.976,4.554,13.634,50,50,19,14,50,1.85,4.26,17.7,50,25,14,15,50,3.1,2.1,6.5,100,43.9,18,14,0.7412,11.724628,54.57,4.74
Structure 20,1000,0.976,4.554,13.634,50,50,19,14,50,1.85,4.26,17.7,50,25,15,15,50,3.1,2.1,6.5,100,43.9,18,14,0.7411,11.765351,54.74,4.77
Structure 20,1000,0.976,4.554,13.634,50,50,19,14,50,1.85,4.26,17.7,50,25,18,15,50,3.1,2.1,6.5,100,43.9,18,14,0.7285,47.330629,70.82,24.42
Structure 20,1000,0.976,4.554,13.634,50,50,19,14,50,1.85,4.26,17.7,50,25,16,15,50,3.1,2.1,6.5,100,43.9,18,14,0.7405,12.177152,56.42,5.09
Structure 20,1000,0.976,4.554,13.634,50,50,19,14,50,1.85,4.26,17.7,50,25,17,15,50,3.1,2.1,6.5,100,43.9,18,14,0.7354,16.775497,64.59,7.97
Structure 20,1000,0.976,4.554,13.634,50,50,19,14,150,1.85,4.26,17.7,50,25,18,15,50,3.1,2.1,6.5,100,43.9,18,14,0.7294,47.376866,72.25,24.97
Structure 20,1000,0.976,4.554,13.634,50,50,19,14,150,1.85,4.26,17.7,50,25,17,15,50,3.1,2.1,6.5,100,43.9,18,14,0.746,21.281601,62.41,9.91
Structure 20,1000,0.976,4.554,13.634,50,50,19,14,150,1.85,4.26,17.7,50,25,17,14,50,3.1,2.1,6.5,100,43.9,18,14,0.746,21.2819,62.41,9.91
Structure 20,1000,0.976,4.554,13.634,50,50,19,14,50,1.85,4.26,17.7,50,25,19,15,100,3.1,2.1,6.5,100,43.9,18,14,0.7273,47.912433,83.98,29.26
Structure 20,1000,0.976,4.554,13.634,50,50,19,14,50,1.85,4.26,17.7,50,25,19,15,500,3.1,2.1,6.5,100,43.9,18,14,0.7273,47.912363,83.98,29.26
Structure 20,1000,0.976,4.554,13.634,50,50,19,14,50,1.85,4.26,17.7,50,25,19,15,50,3.1,2.1,6.5,100,43.9,14,14,0.727,47.909033,83.96,29.24
Structure 20,1000,0.976,4.554,13.634,50,50,19,14,50,1.85,4.26,17.7,50,25,19,15,50,3.1,2.1,6.5,100,43.9,15,14,0.727,47.909037,83.96,29.24
Structure 20,1000,0.976,4.554,13.634,50,50,19,14,50,1.85,4.26,17.7,50,25,19,15,50,3.1,2.1,6.5,100,43.9,16,14,0.727,47.909081,83.96,29.24
Structure 20,1000,0.976,4.554,13.634,50,50,19,14,50,1.85,4.26,17.7,50,25,19,15,50,3.1,2.1,6.5,100,43.9,17,14,0.727,47.909483,83.96,29.24
Structure 20,1000,0.976,4.554,13.634,50,50,19,14,50,1.85,4.26,17.7,50,25,19,15,50,3.1,2.1,6.5,100,43.9,19,14,0.729,47.929169,84.09,29.38
Structure 20,1000,0.976,4.554,13.634,50,50,19,14,50,1.85,4.26,17.7,50,25,19,15,50,3.1,2.1,6.5,100,43.9,19,15,0.729,47.929169,84.09,29.38
Structure 20,1000,0.976,4.554,13.634,50,50,19,14,50,1.85,4.26,17.7,50,25,19,15,50,3.1,2.1,6.5,100,43.9,19,19,0.729,47.929169,84.09,29.38
Structure 20,1000,0.976,4.554,13.634,50,50,19,14,50,1.85,4.26,17.7,50,25,19,15,50,3.1,2.1,6.5,100,43.9,19,17,0.729,47.929169,84.09,29.38
Structure 20,1100,0.976,4.554,13.634,50,50,19,14,50,1.85,4.26,17.7,50,25,19,15,50,3.1,2.1,6.5,100,43.9,19,14,0.7282,48.070853,84.11,29.44
Structure 20,1200,0.976,4.554,13.634,50,50,19,14,50,1.85,4.26,17.7,50,25,19,15,50,3.1,2.1,6.5,100,43.9,19,14,0.7274,48.178816,84.13,29.48
Structure 20,500,0.976,4.554,13.634,50,50,19,14,50,1.85,4.26,17.7,50,25,19,15,50,3.1,2.1,6.5,100,43.9,19,14,0.7331,45.709241,83.9,28.12
Structure 20,700,0.976,4.554,13.634,50,50,19,14,50,1.85,4.26,17.7,50,25,19,15,50,3.1,2.1,6.5,100,43.9,19,14,0.7316,47.107948,83.99,28.95
Structure 20,400,0.976,4.554,13.634,50,50,19,14,50,1.85,4.26,17.7,50,25,19,15,50,3.1,2.1,6.5,100,43.9,19,14,0.7334,44.306194,83.85,27.25
Structure 20,600,0.976,4.554,13.634,50,50,19,14,200,1.85,4.26,17.7,50,25,19,15,300,3.1,2.1,6.5,100,43.9,19,14,0.7324,46.548294,83.95,28.62
Structure 20,800,0.976,4.554,13.634,50,50,17,14,300,1.85,4.26,17.7,50,25,16,15,200,3.1,2.1,6.5,100,43.9,18,16,0.646,46.156409,56.92,16.97
Structure 20,800,0.976,4.554,13.634,50,50,17,14,300,1.85,4.26,17.7,50,25,14,15,200,3.1,2.1,6.5,100,43.9,18,16,0.6685,38.188399,39.88,10.18
Structure 20,800,0.976,4.554,13.634,50,50,17,14,300,1.85,4.26,17.7,50,25,14,15,100,3.1,2.1,6.5,100,43.9,14,16,0.6684,37.965149,39.96,10.14
Structure 20,900,0.976,4.554,13.634,50,50,14,14,300,1.85,4.26,17.7,50,25,14,15,100,3.1,2.1,6.5,100,43.9,14,16,0.5981,47.864804,64.3,18.41
Structure 18,1000,0.952,4.311,12.111,50,50,17,14,100,2.8,3.8,9,100,25,17,14,100,1.4,3.8,9,100,12.5,19,14,0.6435,2.44925,49.14,0.77
Structure 18,400,0.952,4.311,12.111,50,50,17,14,100,2.8,3.8,9,100,25,17,14,100,1.4,3.8,9,100,12.5,19,14,0.666,2.574837,49.07,0.84
Structure 18,100,0.952,4.311,12.111,50,50,17,14,100,2.8,3.8,9,100,25,17,14,100,1.4,3.8,9,100,12.5,19,14,0.6983,2.759113,48.96,0.94
Structure 18,300,0.952,4.311,12.111,50,50,17,14,100,2.8,3.8,9,100,25,17,14,100,1.4,3.8,9,100,12.5,19,14,0.6728,2.613695,49.04,0.86
Structure 18,800,0.952,4.311,12.111,50,50,17,14,100,2.8,3.8,9,100,25,17,14,100,1.4,3.8,9,100,12.5,19,14,0.6488,2.479579,49.13,0.79
Structure 18,100,0.952,4.311,12.111,50,50,14,14,100,2.8,3.8,9,100,25,17,14,100,1.4,3.8,9,100,12.5,19,14,0.6878,3.069376,50.31,1.06
Structure 18,100,0.952,4.311,12.111,50,50,15,14,100,2.8,3.8,9,100,25,17,14,100,1.4,3.8,9,100,12.5,19,14,0.6879,3.066363,50.3,1.06
Structure 18,100,0.952,4.311,12.111,50,50,16,14,100,2.8,3.8,9,100,25,17,14,100,1.4,3.8,9,100,12.5,19,14,0.6882,3.037164,50.19,1.05
Structure 18,100,0.952,4.311,12.111,50,50,18,14,100,2.8,3.8,9,100,25,17,14,100,1.4,3.8,9,100,12.5,19,14,0.7828,1.197335,63.48,0.59
Structure 18,100,0.952,4.311,12.111,50,50,19,14,100,2.8,3.8,9,100,25,17,14,100,1.4,3.8,9,100,12.5,19,14,0.8774,0.837293738,84.07,0.62
Structure 18,100,0.952,4.311,12.111,50,50,14,15,100,2.8,3.8,9,100,25,17,14,100,1.4,3.8,9,100,12.5,19,14,0.595,2.770074,52.12,0.86
Structure 18,100,0.952,4.311,12.111,50,50,14,16,100,2.8,3.8,9,100,25,17,14,100,1.4,3.8,9,100,12.5,19,14,0.5015,2.493096,53.87,0.67
Structure 18,100,0.952,4.311,12.111,50,50,14,17,100,2.8,3.8,9,100,25,17,14,100,1.4,3.8,9,100,12.5,19,14,0.4025,2.197914,55.29,0.49
Structure 18,100,0.952,4.311,12.111,50,50,14,18,100,2.8,3.8,9,100,25,17,14,100,1.4,3.8,9,100,12.5,19,14,0.3028,1.898309,55.58,0.32
Structure 18,100,0.952,4.311,12.111,50,50,14,19,100,2.8,3.8,9,100,25,17,14,100,1.4,3.8,9,100,12.5,19,14,0.2122,1.62547,53.64,0.19
Structure 18,100,0.952,4.311,12.111,50,50,14,14,50,2.8,3.8,9,100,25,17,14,100,1.4,3.8,9,100,12.5,19,14,0.6862,2.644302,37.76,0.69
Structure 18,100,0.952,4.311,12.111,50,50,14,14,150,2.8,3.8,9,100,25,17,14,100,1.4,3.8,9,100,12.5,19,14,0.6913,3.777975,49.56,1.29
Structure 18,100,0.952,4.311,12.111,50,50,14,14,200,2.8,3.8,9,100,25,17,14,100,1.4,3.8,9,100,12.5,19,14,0.6945,4.048343,51.11,1.44
Structure 18,100,0.952,4.311,12.111,50,50,14,14,250,2.8,3.8,9,100,25,17,14,100,1.4,3.8,9,100,12.5,19,14,0.697,4.255309,52.53,1.56
Structure 18,100,0.952,4.311,12.111,50,50,14,14,300,2.8,3.8,9,100,25,17,14,100,1.4,3.8,9,100,12.5,19,14,0.699,4.430592,53.67,1.66
Structure 18,100,0.952,4.311,12.111,50,50,14,14,500,2.8,3.8,9,100,25,17,14,100,1.4,3.8,9,100,12.5,19,14,0.7036,4.911352,56.36,1.95
Structure 18,100,0.952,4.311,12.111,50,50,14,14,400,2.8,3.8,9,100,25,17,14,100,1.4,3.8,9,100,12.5,19,14,0.7018,4.707358,55.28,1.83
Structure 18,100,0.952,4.311,12.111,50,50,14,14,350,2.8,3.8,9,100,25,17,14,100,1.4,3.8,9,100,12.5,19,14,0.7006,4.579715,54.56,1.75
Structure 18,100,0.952,4.311,12.111,50,50,14,14,450,2.8,3.8,9,100,25,17,14,100,1.4,3.8,9,100,12.5,19,14,0.7028,4.817026,55.87,1.89
Structure 18,100,0.952,4.311,12.111,50,50,14,14,500,2.8,3.8,9,100,25,14,14,100,1.4,3.8,9,100,12.5,19,14,0.8399,2.216445,81.81,1.52
Structure 18,100,0.952,4.311,12.111,50,50,14,14,500,2.8,3.8,9,100,25,15,14,100,1.4,3.8,9,100,12.5,19,14,0.8177,2.227738,83.2,1.52
Structure 18,100,0.952,4.311,12.111,50,50,14,14,500,2.8,3.8,9,100,25,16,14,100,1.4,3.8,9,100,12.5,19,14,0.7621,2.399671,79.89,1.46
Structure 18,100,0.952,4.311,12.111,50,50,14,14,500,2.8,3.8,9,100,25,18,14,100,1.4,3.8,9,100,12.5,19,14,0.6778,29.538921,48.07,9.62
Structure 18,100,0.952,4.311,12.111,50,50,14,14,500,2.8,3.8,9,100,25,19,14,100,1.4,3.8,9,100,12.5,19,14,0.6747,29.702472,77.4,15.51
Structure 18,100,0.952,4.311,12.111,50,50,14,14,500,2.8,3.8,9,100,25,19,15,100,1.4,3.8,9,100,12.5,19,14,0.6747,29.658307,77.4,15.49
Structure 18,100,0.952,4.311,12.111,50,50,14,14,500,2.8,3.8,9,100,25,19,16,100,1.4,3.8,9,100,12.5,19,14,0.6741,29.308605,77.4,15.29
Structure 18,100,0.952,4.311,12.111,50,50,14,14,500,2.8,3.8,9,100,25,19,17,100,1.4,3.8,9,100,12.5,19,14,0.6724,28.305857,77.4,14.73
Structure 18,100,0.952,4.311,12.111,50,50,14,14,500,2.8,3.8,9,100,25,19,18,100,1.4,3.8,9,100,12.5,19,14,0.6714,27.726157,77.39,14.41
Structure 18,100,0.952,4.311,12.111,50,50,14,14,500,2.8,3.8,9,100,25,19,19,100,1.4,3.8,9,100,12.5,19,14,0.6712,27.584006,77.39,14.33
Structure 18,100,0.952,4.311,12.111,50,50,14,14,500,2.8,3.8,9,100,25,19,14,50,1.4,3.8,9,100,12.5,19,14,0.6731,28.588424,77.41,14.89
Structure 18,100,0.952,4.311,12.111,50,50,14,14,500,2.8,3.8,9,100,25,19,14,150,1.4,3.8,9,100,12.5,19,14,0.6761,30.622858,77.4,16.02
Structure 18,100,0.952,4.311,12.111,50,50,14,14,500,2.8,3.8,9,100,25,19,14,200,1.4,3.8,9,100,12.5,19,14,0.6771,31.390979,77.39,16.45
Structure 18,100,0.952,4.311,12.111,50,50,14,14,500,2.8,3.8,9,100,25,19,14,500,1.4,3.8,9,100,12.5,19,14,0.6808,34.144951,77.37,17.99
Structure 18,100,0.952,4.311,12.111,50,50,14,14,500,2.8,3.8,9,100,25,19,14,350,1.4,3.8,9,100,12.5,19,14,0.6794,33.06297,77.38,17.38
Structure 18,100,0.952,4.311,12.111,50,50,14,14,500,2.8,3.8,9,100,25,19,14,250,1.4,3.8,9,100,12.5,19,14,0.678,32.038525,77.39,16.81
Structure 18,100,0.952,4.311,12.111,50,50,14,14,500,2.8,3.8,9,100,25,19,14,450,1.4,3.8,9,100,12.5,19,14,0.6804,33.830535,77.37,17.81
Structure 18,100,0.952,4.311,12.111,50,50,14,14,500,2.8,3.8,9,100,25,19,14,300,1.4,3.8,9,100,12.5,19,14,0.6788,32.589665,77.38,17.12
Structure 18,100,0.952,4.311,12.111,50,50,14,14,500,2.8,3.8,9,100,25,19,14,400,1.4,3.8,9,100,12.5,19,14,0.68,33.472838,77.37,17.61
Structure 18,100,0.952,4.311,12.111,50,50,14,14,500,2.8,3.8,9,100,25,19,14,500,1.4,3.8,9,100,12.5,14,14,0.6776,37.075927,76.85,19.31
Structure 18,100,0.952,4.311,12.111,50,50,14,14,500,2.8,3.8,9,100,25,19,14,500,1.4,3.8,9,100,12.5,15,14,0.6774,37.071934,76.6,19.24
Structure 18,100,0.952,4.311,12.111,50,50,14,14,500,2.8,3.8,9,100,25,19,14,500,1.4,3.8,9,100,12.5,16,14,0.6764,36.79104,75.15,18.7
Structure 18,100,0.952,4.311,12.111,50,50,14,14,500,2.8,3.8,9,100,25,19,14,500,1.4,3.8,9,100,12.5,17,14,0.6744,35.03198,75.58,17.86
Structure 18,100,0.952,4.311,12.111,50,50,14,14,500,2.8,3.8,9,100,25,19,14,500,1.4,3.8,9,100,12.5,18,14,0.6773,34.238046,77.1,17.88
Structure 18,100,0.952,4.311,12.111,50,50,14,14,500,2.8,3.8,9,100,25,19,14,500,1.4,3.8,9,100,12.5,19,15,0.6808,34.141609,77.37,17.98
Structure 18,100,0.952,4.311,12.111,50,50,14,14,500,2.8,3.8,9,100,25,19,14,500,1.4,3.8,9,100,12.5,19,16,0.6808,34.108479,77.37,17.96
Structure 18,100,0.952,4.311,12.111,50,50,14,14,500,2.8,3.8,9,100,25,19,14,500,1.4,3.8,9,100,12.5,19,17,0.6804,33.803804,77.37,17.79
Structure 18,100,0.952,4.311,12.111,50,50,14,14,500,2.8,3.8,9,100,25,19,14,500,1.4,3.8,9,100,12.5,19,18,0.6782,32.131506,77.38,16.86
Structure 18,100,0.952,4.311,12.111,50,50,14,14,500,2.8,3.8,9,100,25,19,14,500,1.4,3.8,9,100,12.5,19,19,0.6746,29.615955,77.39,15.46
Structure 18,200,0.952,4.311,12.111,50,50,14,14,500,2.8,3.8,9,100,25,19,14,500,1.4,3.8,9,100,12.5,19,14,0.6487,40.521284,75.86,19.94
Structure 18,1000,0.952,4.311,12.111,50,50,14,14,500,2.8,3.8,9,100,25,19,14,500,1.4,3.8,9,100,12.5,19,14,0.5695,49.445552,71.44,20.12
Structure 18,500,0.952,4.311,12.111,50,50,14,14,500,2.8,3.8,9,100,25,19,14,500,1.4,3.8,9,100,12.5,19,14,0.605,47.209321,73.36,20.95
Structure 18,600,0.952,4.311,12.111,50,50,14,14,500,2.8,3.8,9,100,25,19,14,500,1.4,3.8,9,100,12.5,19,14,0.5958,48.011154,72.84,20.84
Structure 18,400,0.952,4.311,12.111,50,50,14,14,500,2.8,3.8,9,100,25,19,14,500,1.4,3.8,9,100,12.5,19,14,0.6159,45.976296,73.98,20.95
Structure 18,300,0.952,4.311,12.111,50,50,14,14,500,2.8,3.8,9,100,25,19,14,500,1.4,3.8,9,100,12.5,19,14,0.6297,43.974126,74.79,20.71
Structure 18,800,0.952,4.311,12.111,50,50,14,14,500,2.8,3.8,9,100,25,19,14,500,1.4,3.8,9,100,12.5,19,14,0.5811,48.944005,72.04,20.49
Structure 18,700,0.952,4.311,12.111,50,50,14,14,500,2.8,3.8,9,100,25,19,14,500,1.4,3.8,9,100,12.5,19,14,0.5879,48.55711,72.42,20.67
Structure 18,900,0.952,4.311,12.111,50,50,14,14,500,2.8,3.8,9,100,25,19,14,500,1.4,3.8,9,100,12.5,19,14,0.575,49.229108,71.72,20.3
Structure 18,1100,0.952,4.311,12.111,50,50,14,14,500,2.8,3.8,9,100,25,19,14,500,1.4,3.8,9,100,12.5,19,14,0.5646,49.613837,71.17,19.94
Structure 18,1200,0.952,4.311,12.111,50,50,14,14,500,2.8,3.8,9,100,25,19,14,500,1.4,3.8,9,100,12.5,19,14,0.5601,49.748137,70.93,19.76
Structure 18,400,0.952,4.311,12.111,50,50,14,15,500,2.8,3.8,9,100,25,19,14,500,1.4,3.8,9,100,12.5,19,14,0.5128,45.972837,72.37,17.06
Structure 18,400,0.952,4.311,12.111,50,50,15,14,500,2.8,3.8,9,100,25,19,14,500,1.4,3.8,9,100,12.5,19,14,0.616,45.975765,74.03,20.97
Structure 18,400,0.952,4.311,12.111,50,50,19,14,500,2.8,3.8,9,100,25,19,14,500,1.4,3.8,9,100,12.5,19,14,0.7587,45.97982,78.78,27.48
Structure 18,400,0.952,4.311,12.111,50,50,18,14,500,2.8,3.8,9,100,25,19,14,500,1.4,3.8,9,100,12.5,19,14,0.6992,45.985055,82.21,26.43
Structure 18,400,0.952,4.311,12.111,50,50,17,14,500,2.8,3.8,9,100,25,19,14,500,1.4,3.8,9,100,12.5,19,14,0.6449,45.981946,80.56,23.89
Structure 18,400,0.952,4.311,12.111,50,50,16,14,500,2.8,3.8,9,100,25,19,14,500,1.4,3.8,9,100,12.5,19,14,0.6175,45.975926,76.27,21.65
Structure 18,400,0.952,4.311,12.111,50,50,15,14,500,2.8,3.8,9,100,25,19,14,500,1.4,3.8,9,100,12.5,19,14,0.616,45.975765,74.03,20.97
Structure 18,400,0.952,4.311,12.111,50,50,18,15,500,2.8,3.8,9,100,25,19,14,500,1.4,3.8,9,100,12.5,19,14,0.6348,45.919,79.52,23.18
Structure 18,400,0.952,4.311,12.111,50,50,18,19,500,2.8,3.8,9,100,25,19,14,500,1.4,3.8,9,100,12.5,19,14,0.2356,20.610166,55.94,2.72
Structure 18,400,0.952,4.311,12.111,50,50,18,16,500,2.8,3.8,9,100,25,19,14,500,1.4,3.8,9,100,12.5,19,14,0.5641,45.28309,74.86,19.12
Structure 18,300,0.952,4.311,12.111,50,50,18,15,500,2.8,3.8,9,100,25,19,14,500,1.4,3.8,9,100,12.5,19,14,0.6402,43.94117,79.33,22.31
Structure 18,500,0.952,4.311,12.111,50,50,18,15,500,2.8,3.8,9,100,25,19,14,500,1.4,3.8,9,100,12.5,19,14,0.6305,47.12298,79.63,23.66
Structure 18,1000,0.952,4.311,12.111,50,50,18,15,500,2.8,3.8,9,100,25,19,14,500,1.4,3.8,9,100,12.5,19,14,0.6158,49.171108,79.8,24.16
Structure 18,400,0.952,4.311,12.111,50,50,18,14,100,2.8,3.8,9,100,25,19,14,500,1.4,3.8,9,100,12.5,19,14,0.6989,45.990315,82.19,26.42
Structure 18,400,0.952,4.311,12.111,50,50,18,14,50,2.8,3.8,9,100,25,19,14,500,1.4,3.8,9,100,12.5,19,14,0.6989,45.990619,82.19,26.42
Structure 18,400,0.952,4.311,12.111,50,50,18,14,200,2.8,3.8,9,100,25,19,14,500,1.4,3.8,9,100,12.5,19,14,0.699,45.989537,82.2,26.43
Structure 18,400,0.952,4.311,12.111,50,50,18,14,200,2.8,3.8,9,100,25,14,14,500,1.4,3.8,9,100,12.5,19,14,0.8848,1.336231,81.92,0.97
Structure 18,400,0.952,4.311,12.111,50,50,18,14,200,2.8,3.8,9,100,25,17,14,500,1.4,3.8,9,100,12.5,19,14,0.7907,1.636265,71.61,0.93
Structure 18,400,0.952,4.311,12.111,50,50,18,14,200,2.8,3.8,9,100,25,18,14,500,1.4,3.8,9,100,12.5,19,14,0.7029,27.120894,35.24,6.72
Structure 18,400,0.952,4.311,12.111,50,50,18,14,200,2.8,3.8,9,100,25,15,14,500,1.4,3.8,9,100,12.5,19,14,0.8812,1.337007,82.37,0.97
Structure 18,400,0.952,4.311,12.111,50,50,18,14,200,2.8,3.8,9,100,25,16,14,500,1.4,3.8,9,100,12.5,19,14,0.8557,1.343192,84.5,0.97
Structure 18,400,0.952,4.311,12.111,50,50,18,14,200,2.8,3.8,9,100,25,19,15,500,1.4,3.8,9,100,12.5,19,14,0.699,45.983818,82.2,26.42
Structure 18,400,0.952,4.311,12.111,50,50,18,14,200,2.8,3.8,9,100,25,19,19,500,1.4,3.8,9,100,12.5,19,14,0.6981,44.839349,82.2,25.73
Structure 18,400,0.952,4.311,12.111,50,50,18,14,200,2.8,3.8,9,100,25,19,16,500,1.4,3.8,9,100,12.5,19,14,0.699,45.930338,82.2,26.39
Structure 18,400,0.952,4.311,12.111,50,50,18,14,200,2.8,3.8,9,100,25,19,18,500,1.4,3.8,9,100,12.5,19,14,0.6983,45.11676,82.2,25.9
Structure 18,400,0.952,4.311,12.111,50,50,18,14,200,2.8,3.8,9,100,25,19,17,500,1.4,3.8,9,100,12.5,19,14,0.6987,45.611645,82.2,26.2
Structure 18,400,0.952,4.311,12.111,50,50,18,14,200,2.8,3.8,9,100,25,19,14,100,1.4,3.8,9,100,12.5,19,14,0.6989,45.726849,82.2,26.27
Structure 18,400,0.952,4.311,12.111,50,50,18,14,200,2.8,3.8,9,100,25,19,14,300,1.4,3.8,9,100,12.5,19,14,0.699,45.891039,82.2,26.37
Structure 18,400,0.952,4.311,12.111,50,50,18,14,200,2.8,3.8,9,100,25,19,14,400,1.4,3.8,9,100,12.5,19,14,0.699,45.945895,82.2,26.4
Structure 18,400,0.952,4.311,12.111,50,50,18,14,200,2.8,3.8,9,100,25,19,14,450,1.4,3.8,9,100,12.5,19,14,0.699,45.968901,82.2,26.41
Structure 18,400,0.952,4.311,12.111,50,50,18,14,200,2.8,3.8,9,100,25,19,14,500,1.4,3.8,9,100,12.5,14,14,0.6984,46.018384,82.11,26.39
Structure 19,1000,0.952,4.25,6.606,50,50,17,14,50,2.1,4.65,13.5,400,210,17,14,50,3,2.5,12.5,25,100,18,14,0.7008,0.076986776,68.02,0.04
Structure 19,1000,0.952,4.25,6.606,50,50,14,14,50,2.1,4.65,13.5,400,210,17,14,50,3,2.5,12.5,25,100,18,14,0.6538,0.075864703,68.32,0.03
Structure 19,1000,0.952,4.25,6.606,50,50,19,14,50,2.1,4.65,13.5,400,210,17,14,50,3,2.5,12.5,25,100,18,14,0.7433,0.078034588,67.72,0.04
Structure 19,1000,0.952,4.25,6.606,50,50,15,14,50,2.1,4.65,13.5,400,210,17,14,50,3,2.5,12.5,25,100,18,14,0.654,0.075870883,68.31,0.03
Structure 19,1000,0.952,4.25,6.606,50,50,16,14,50,2.1,4.65,13.5,400,210,17,14,50,3,2.5,12.5,25,100,18,14,0.6627,0.076071524,68.27,0.03
Structure 19,1000,0.952,4.25,6.606,50,50,14,15,50,2.1,4.65,13.5,400,210,17,14,50,3,2.5,12.5,25,100,18,14,0.5474,0.073366708,68.53,0.03
Structure 19,1000,0.952,4.25,6.606,50,50,14,19,50,2.1,4.65,13.5,400,210,17,14,50,3,2.5,12.5,25,100,18,14,0.4181,0.070345163,67.62,0.02
Structure 19,1000,0.952,4.25,6.606,50,50,14,17,50,2.1,4.65,13.5,400,210,17,14,50,3,2.5,12.5,25,100,18,14,0.4441,0.07095911,67.96,0.02
Structure 19,1000,0.952,4.25,6.606,50,50,14,18,50,2.1,4.65,13.5,400,210,17,14,50,3,2.5,12.5,25,100,18,14,0.4342,0.070729556,67.88,0.02
Structure 19,1000,0.952,4.25,6.606,50,50,14,16,50,2.1,4.65,13.5,400,210,17,14,50,3,2.5,12.5,25,100,18,14,0.4701,0.071570847,68.25,0.02
Structure 19,1000,0.952,4.25,6.606,50,50,14,14,100,2.1,4.65,13.5,400,210,17,14,50,3,2.5,12.5,25,100,18,14,0.6542,0.07584911,68.31,0.03
Structure 19,1000,0.952,4.25,6.606,50,50,19,15,50,2.1,4.65,13.5,400,210,17,14,50,3,2.5,12.5,25,100,18,14,0.733,0.077785036,67.83,0.04
Structure 19,1000,0.952,4.25,6.606,50,50,19,16,50,2.1,4.65,13.5,400,210,17,14,50,3,2.5,12.5,25,100,18,14,0.7019,0.077014403,68.01,0.04
Structure 19,1000,0.952,4.25,6.606,50,50,19,17,50,2.1,4.65,13.5,400,210,17,14,50,3,2.5,12.5,25,100,18,14,0.6638,0.07609935,68.27,0.03
Structure 19,1000,0.952,4.25,6.606,50,50,19,18,50,2.1,4.65,13.5,400,210,17,14,50,3,2.5,12.5,25,100,18,14,0.6252,0.075183631,68.44,0.03
Structure 19,1000,0.952,4.25,6.606,50,50,19,19,50,2.1,4.65,13.5,400,210,17,14,50,3,2.5,12.5,25,100,18,14,0.5806,0.074125438,68.49,0.03
Structure 19,1000,0.952,4.25,6.606,50,50,19,16,150,2.1,4.65,13.5,400,210,17,14,50,3,2.5,12.5,25,100,18,14,0.7024,0.076999249,68.02,0.04
Structure 19,1000,0.952,4.25,6.606,50,50,19,16,150,2.1,4.65,13.5,400,210,17,14,50,3,2.5,12.5,25,100,18,14,0.7025,0.077001521,68.01,0.04
Structure 19,1000,0.952,4.25,6.606,50,50,19,16,150,2.1,4.65,13.5,400,210,17,14,50,3,2.5,12.5,25,100,18,14,0.7024,0.076999827,68.02,0.04
Structure 19,1000,0.952,4.25,6.606,50,50,19,16,250,2.1,4.65,13.5,400,210,17,14,50,3,2.5,12.5,25,100,18,14,0.7024,0.077000567,68.02,0.04
Structure 19,1000,0.952,4.25,6.606,50,50,19,16,150,2.1,4.65,13.5,400,210,14,14,50,3,2.5,12.5,25,100,18,14,0.7085,0.076763501,68.06,0.04
Structure 19,1000,0.952,4.25,6.606,50,50,19,16,150,2.1,4.65,13.5,400,210,18,14,50,3,2.5,12.5,25,100,18,14,0.6829,0.078350258,67.91,0.04
Structure 19,1000,0.952,4.25,6.606,50,50,19,16,150,2.1,4.65,13.5,400,210,14,16,50,3,2.5,12.5,25,100,18,14,0.7079,0.076802692,67.84,0.04
Structure 19,1000,0.952,4.25,6.606,50,50,19,16,150,2.1,4.65,13.5,400,210,14,15,50,3,2.5,12.5,25,100,18,14,0.7084,0.076788477,68.03,0.04
Structure 19,1000,0.952,4.25,6.606,50,50,19,16,150,2.1,4.65,13.5,400,210,16,14,50,3,2.5,12.5,25,100,18,14,0.7076,0.076792578,68.06,0.04
Structure 19,1000,0.952,4.25,6.606,50,50,19,16,150,2.1,4.65,13.5,400,210,14,14,100,3,2.5,12.5,25,100,18,14,0.7085,0.076763802,68.06,0.04
Structure 19,1000,0.952,4.25,6.606,50,50,19,16,150,2.1,4.65,13.5,400,210,14,14,500,3,2.5,12.5,25,100,18,14,0.7085,0.076763969,68.06,0.04
Structure 19,1000,0.952,4.25,6.606,50,50,19,16,150,2.1,4.65,13.5,400,210,14,14,500,3,2.5,12.5,25,100,14,14,0.7084,0.076764264,68.05,0.04
Structure 19,1000,0.952,4.25,6.606,50,50,19,16,150,2.1,4.65,13.5,400,210,14,14,500,3,2.5,12.5,25,100,19,14,0.7085,0.076763643,68.06,0.04
Structure 19,1000,0.952,4.25,6.606,50,50,19,16,150,2.1,4.65,13.5,400,210,14,14,500,3,2.5,12.5,25,100,19,17,0.7085,0.076763535,68.06,0.04
Structure 19,100,0.952,4.25,6.606,50,50,19,16,150,2.1,4.65,13.5,400,210,14,14,500,3,2.5,12.5,25,100,19,17,0.7222,0.077089029,67.91,0.04
Structure 12,1000,0.82,4,7.7,100,20,18,14,100,1.7,3.91,4.2,0.08,0.0035,18,14,50,1.12,4.17,11.9,1500,480,16,14,0.4606,50.252395,78.17,18.09
Structure 12,100,0.82,4,7.7,100,20,18,14,100,1.7,3.91,4.2,0.08,0.0035,18,14,50,1.12,4.17,11.9,1500,480,16,14,0.4487,34.705725,78.1,12.16
Structure 12,200,0.82,4,7.7,100,20,18,14,100,1.7,3.91,4.2,0.08,0.0035,18,14,50,1.12,4.17,11.9,1500,480,16,14,0.4542,42.483447,78.3,15.11
Structure 12,300,0.82,4,7.7,100,20,18,14,100,1.7,3.91,4.2,0.08,0.0035,18,14,50,1.12,4.17,11.9,1500,480,16,14,0.4567,46.095779,78.33,16.49
Structure 12,400,0.82,4,7.7,100,20,18,14,100,1.7,3.91,4.2,0.08,0.0035,18,14,50,1.12,4.17,11.9,1500,480,16,14,0.458,47.910237,78.32,17.18
Structure 12,500,0.82,4,7.7,100,20,18,14,100,1.7,3.91,4.2,0.08,0.0035,18,14,50,1.12,4.17,11.9,1500,480,16,14,0.4588,48.88708,78.3,17.56
Structure 12,600,0.82,4,7.7,100,20,18,14,100,1.7,3.91,4.2,0.08,0.0035,18,14,50,1.12,4.17,11.9,1500,480,16,14,0.4593,49.44675,78.27,17.78
Structure 12,700,0.82,4,7.7,100,20,18,14,100,1.7,3.91,4.2,0.08,0.0035,18,14,50,1.12,4.17,11.9,1500,480,16,14,0.4597,49.786353,78.24,17.91
Structure 12,800,0.82,4,7.7,100,20,18,14,100,1.7,3.91,4.2,0.08,0.0035,18,14,50,1.12,4.17,11.9,1500,480,16,14,0.4601,50,78.21,17.99
Structure 12,900,0.82,4,7.7,100,20,18,14,100,1.7,3.91,4.2,0.08,0.0035,18,14,50,1.12,4.17,11.9,1500,480,16,14,0.4603,50.149548,78.19,18.05
Structure 12,1000,0.82,4,7.7,100,20,18,14,100,1.7,3.91,4.2,0.08,0.0035,18,14,50,1.12,4.17,11.9,1500,480,16,14,0.4606,50.252395,78.17,18.09
Structure 12,1100,0.82,4,7.7,100,20,18,14,100,1.7,3.91,4.2,0.08,0.0035,18,14,50,1.12,4.17,11.9,1500,480,16,14,0.4608,50.32805,78.14,18.12
Structure 12,1200,0.82,4,7.7,100,20,18,14,100,1.7,3.91,4.2,0.08,0.0035,18,14,50,1.12,4.17,11.9,1500,480,16,14,0.461,50.385909,78.12,18.15
Structure 12,300,0.82,4,7.7,100,20,14,14,100,1.7,3.91,4.2,0.08,0.0035,18,14,50,1.12,4.17,11.9,1500,480,16,14,0.4453,45.806518,65.31,13.32
Structure 12,300,0.82,4,7.7,100,20,15,14,100,1.7,3.91,4.2,0.08,0.0035,18,14,50,1.12,4.17,11.9,1500,480,16,14,0.4453,45.807297,65.37,13.33
Structure 12,300,0.82,4,7.7,100,20,16,14,100,1.7,3.91,4.2,0.08,0.0035,18,14,50,1.12,4.17,11.9,1500,480,16,14,0.4461,45.819623,67.31,13.76
Structure 12,300,0.82,4,7.7,100,20,17,14,100,1.7,3.91,4.2,0.08,0.0035,18,14,50,1.12,4.17,11.9,1500,480,16,14,0.4526,45.952596,75.84,15.77
Structure 12,300,0.82,4,7.7,100,20,19,14,100,1.7,3.91,4.2,0.08,0.0035,18,14,50,1.12,4.17,11.9,1500,480,16,14,0.4695,37.652585,63.8,11.28
Structure 12,300,0.82,4,7.7,100,20,18,15,100,1.7,3.91,4.2,0.08,0.0035,18,14,50,1.12,4.17,11.9,1500,480,16,14,0.4543,46.073473,77.88,16.3
Structure 12,300,0.82,4,7.7,100,20,18,16,100,1.7,3.91,4.2,0.08,0.0035,18,14,50,1.12,4.17,11.9,1500,480,16,14,0.4415,45.853051,74.89,15.16
Structure 12,300,0.82,4,7.7,100,20,18,17,100,1.7,3.91,4.2,0.08,0.0035,18,14,50,1.12,4.17,11.9,1500,480,16,14,0.403,43.883071,68.91,12.19
Structure 12,300,0.82,4,7.7,100,20,18,18,100,1.7,3.91,4.2,0.08,0.0035,18,14,50,1.12,4.17,11.9,1500,480,16,14,0.3389,34.553196,62.45,7.31
Structure 12,300,0.82,4,7.7,100,20,18,19,100,1.7,3.91,4.2,0.08,0.0035,18,14,50,1.12,4.17,11.9,1500,480,16,14,0.2616,22.58298,52.13,3.08
Structure 12,300,0.82,4,7.7,100,20,18,14,50,1.7,3.91,4.2,0.08,0.0035,18,14,50,1.12,4.17,11.9,1500,480,16,14,0.4577,47.64065,78.61,17.14
Structure 12,300,0.82,4,7.7,100,20,18,14,150,1.7,3.91,4.2,0.08,0.0035,18,14,50,1.12,4.17,11.9,1500,480,16,14,0.455,43.361064,78.18,15.42
Structure 12,300,0.82,4,7.7,100,20,18,14,200,1.7,3.91,4.2,0.08,0.0035,18,14,50,1.12,4.17,11.9,1500,480,16,14,0.4531,40.406673,78.14,14.31
Structure 12,300,0.82,4,7.7,100,20,18,14,250,1.7,3.91,4.2,0.08,0.0035,18,14,50,1.12,4.17,11.9,1500,480,16,14,0.4514,37.750112,78.15,13.32
Structure 12,300,0.82,4,7.7,100,20,18,14,300,1.7,3.91,4.2,0.08,0.0035,18,14,50,1.12,4.17,11.9,1500,480,16,14,0.4499,35.530566,78.17,12.5
Structure 12,300,0.82,4,7.7,100,20,18,14,350,1.7,3.91,4.2,0.08,0.0035,18,14,50,1.12,4.17,11.9,1500,480,16,14,0.4486,33.732186,78.19,11.83
Structure 12,300,0.82,4,7.7,100,20,18,14,400,1.7,3.91,4.2,0.08,0.0035,18,14,50,1.12,4.17,11.9,1500,480,16,14,0.4476,32.293174,78.21,11.31
Structure 12,300,0.82,4,7.7,100,20,18,14,450,1.7,3.91,4.2,0.08,0.0035,18,14,50,1.12,4.17,11.9,1500,480,16,14,0.4467,31.146582,78.23,10.89
Structure 12,300,0.82,4,7.7,100,20,18,14,500,1.7,3.91,4.2,0.08,0.0035,18,14,50,1.12,4.17,11.9,1500,480,16,14,0.446,30.232229,78.24,10.55
Structure 12,300,0.82,4,7.7,100,20,18,14,50,1.7,3.91,4.2,0.08,0.0035,14,14,50,1.12,4.17,11.9,1500,480,16,14,0.4629,38.475517,49.17,8.76
Structure 12,300,0.82,4,7.7,100,20,18,14,50,1.7,3.91,4.2,0.08,0.0035,15,14,50,1.12,4.17,11.9,1500,480,16,14,0.4628,38.632519,49.52,8.85
Structure 12,300,0.82,4,7.7,100,20,18,14,50,1.7,3.91,4.2,0.08,0.0035,16,14,50,1.12,4.17,11.9,1500,480,16,14,0.4618,40.074447,52.86,9.78
Structure 12,300,0.82,4,7.7,100,20,18,14,50,1.7,3.91,4.2,0.08,0.0035,17,14,50,1.12,4.17,11.9,1500,480,16,14,0.4589,46.337713,69.95,14.87
Structure 12,300,0.82,4,7.7,100,20,18,14,50,1.7,3.91,4.2,0.08,0.0035,19,14,50,1.12,4.17,11.9,1500,480,16,14,0.4575,47.457933,78.76,17.1
Structure 12,300,0.82,4,7.7,100,20,18,14,50,1.7,3.91,4.2,0.08,0.0035,18,15,50,1.12,4.17,11.9,1500,480,16,14,0.4568,46.488579,78.1,16.59
Structure 12,300,0.82,4,7.7,100,20,18,14,50,1.7,3.91,4.2,0.08,0.0035,18,16,50,1.12,4.17,11.9,1500,480,16,14,0.4556,44.654653,77.95,15.86
Structure 12,300,0.82,4,7.7,100,20,18,14,50,1.7,3.91,4.2,0.08,0.0035,18,17,50,1.12,4.17,11.9,1500,480,16,14,0.4551,43.55197,78.21,15.5
Structure 12,300,0.82,4,7.7,100,20,18,14,50,1.7,3.91,4.2,0.08,0.0035,18,18,50,1.12,4.17,11.9,1500,480,16,14,0.4549,42.897355,78.6,15.34
Structure 12,300,0.82,4,7.7,100,20,18,14,50,1.7,3.91,4.2,0.08,0.0035,18,19,50,1.12,4.17,11.9,1500,480,16,14,0.4548,42.736238,78.69,15.29
Structure 12,300,0.82,4,7.7,100,20,18,14,50,1.7,3.91,4.2,0.08,0.0035,18,14,100,1.12,4.17,11.9,1500,480,16,14,0.4577,48.217142,78.35,17.29
Structure 12,300,0.82,4,7.7,100,20,18,14,50,1.7,3.91,4.2,0.08,0.0035,18,14,150,1.12,4.17,11.9,1500,480,16,14,0.4578,48.47863,78.34,17.39
Structure 12,300,0.82,4,7.7,100,20,18,14,50,1.7,3.91,4.2,0.08,0.0035,18,14,200,1.12,4.17,11.9,1500,480,16,14,0.4579,48.659425,78.37,17.46
Structure 12,300,0.82,4,7.7,100,20,18,14,50,1.7,3.91,4.2,0.08,0.0035,18,14,250,1.12,4.17,11.9,1500,480,16,14,0.458,48.798667,78.4,17.52
Structure 12,300,0.82,4,7.7,100,20,18,14,50,1.7,3.91,4.2,0.08,0.0035,18,14,300,1.12,4.17,11.9,1500,480,16,14,0.4581,48.916247,78.41,17.57
Structure 12,300,0.82,4,7.7,100,20,18,14,50,1.7,3.91,4.2,0.08,0.0035,18,14,350,1.12,4.17,11.9,1500,480,16,14,0.4582,49.014899,78.42,17.61
Structure 12,300,0.82,4,7.7,100,20,18,14,50,1.7,3.91,4.2,0.08,0.0035,18,14,400,1.12,4.17,11.9,1500,480,16,14,0.4582,49.096862,78.42,17.64
Structure 12,300,0.82,4,7.7,100,20,18,14,50,1.7,3.91,4.2,0.08,0.0035,18,14,450,1.12,4.17,11.9,1500,480,16,14,0.4583,49.164777,78.42,17.67
Structure 12,300,0.82,4,7.7,100,20,18,14,50,1.7,3.91,4.2,0.08,0.0035,18,14,500,1.12,4.17,11.9,1500,480,16,14,0.4583,49.221182,78.42,17.69
Structure 12,300,0.82,4,7.7,100,20,18,14,50,1.7,3.91,4.2,0.08,0.0035,18,14,500,1.12,4.17,11.9,1500,480,14,14,0.4577,49.080476,78.45,17.62
Structure 12,300,0.82,4,7.7,100,20,18,14,50,1.7,3.91,4.2,0.08,0.0035,18,14,500,1.12,4.17,11.9,1500,480,15,14,0.4577,49.089953,78.45,17.63
Structure 12,300,0.82,4,7.7,100,20,18,14,50,1.7,3.91,4.2,0.08,0.0035,18,14,500,1.12,4.17,11.9,1500,480,17,14,0.461,48.882516,78.73,17.74
Structure 12,300,0.82,4,7.7,100,20,18,14,50,1.7,3.91,4.2,0.08,0.0035,18,14,500,1.12,4.17,11.9,1500,480,18,14,0.4768,48.622375,79.32,18.39
Structure 12,300,0.82,4,7.7,100,20,18,14,50,1.7,3.91,4.2,0.08,0.0035,18,14,500,1.12,4.17,11.9,1500,480,19,14,0.5206,48.703524,80.57,20.43
Structure 12,300,0.82,4,7.7,100,20,18,14,50,1.7,3.91,4.2,0.08,0.0035,18,14,500,1.12,4.17,11.9,1500,480,19,15,0.5205,48.699331,80.53,20.42
Structure 12,300,0.82,4,7.7,100,20,18,14,50,1.7,3.91,4.2,0.08,0.0035,18,14,500,1.12,4.17,11.9,1500,480,19,16,0.5197,48.657658,80.19,20.28
Structure 12,300,0.82,4,7.7,100,20,18,14,50,1.7,3.91,4.2,0.08,0.0035,18,14,500,1.12,4.17,11.9,1500,480,19,17,0.511,48.265538,77.68,19.16
Structure 12,300,0.82,4,7.7,100,20,18,14,50,1.7,3.91,4.2,0.08,0.0035,18,14,500,1.12,4.17,11.9,1500,480,19,18,0.4608,45.977237,74.29,15.74
Structure 12,300,0.82,4,7.7,100,20,18,14,50,1.7,3.91,4.2,0.08,0.0035,18,14,500,1.12,4.17,11.9,1500,480,19,19,0.4181,43.792654,76.51,14.01
Structure 12,1200,0.82,4,7.7,100,20,18,14,50,1.7,3.91,4.2,0.08,0.0035,18,14,500,1.12,4.17,11.9,1500,480,19,14,0.5194,52.186239,80.54,21.83
Structure 12,1000,0.82,4,7.7,100,20,18,14,50,1.7,3.91,4.2,0.08,0.0035,18,14,500,1.12,4.17,11.9,1500,480,19,14,0.52,52.054336,80.55,21.8
Structure 12,1000,0.82,4,7.7,100,20,14,14,50,1.7,3.91,4.2,0.08,0.0035,18,14,500,1.12,4.17,11.9,1500,480,19,14,0.4599,51.931719,71.61,17.1
Structure 17,1000,0.78,4,7,50,50,16,14,50,2.24,4.24,10,50,50,17,14,200,3.6,1.7,10,100,25,18,14,0.4047,8.30652,43.93,1.48
Structure 17,1100,0.78,4,7,50,50,16,14,50,2.24,4.24,10,50,50,17,14,200,3.6,1.7,10,100,25,18,14,0.4014,8.26817,44,1.46
Structure 17,900,0.78,4,7,50,50,16,14,50,2.24,4.24,10,50,50,17,14,200,3.6,1.7,10,100,25,18,14,0.4084,8.349526,43.87,1.5
Structure 17,800,0.78,4,7,50,50,16,14,50,2.24,4.24,10,50,50,17,14,200,3.6,1.7,10,100,25,18,14,0.4127,8.398088,43.79,1.52
Structure 17,700,0.78,4,7,50,50,16,14,50,2.24,4.24,10,50,50,17,14,200,3.6,1.7,10,100,25,18,14,0.4178,8.453642,43.6,1.54
Structure 17,700,0.78,4,7,50,50,14,14,50,2.24,4.24,10,50,50,17,14,200,3.6,1.7,10,100,25,18,14,0.4162,8.423952,43.58,1.53
Structure 17,700,0.78,4,7,50,50,16,15,50,2.24,4.24,10,50,50,17,14,200,3.6,1.7,10,100,25,18,14,0.3445,7.633343,45.53,1.2
Structure 17,700,0.78,4,7,50,50,16,16,50,2.24,4.24,10,50,50,17,14,200,3.6,1.7,10,100,25,18,14,0.2831,6.945336,46.72,0.92
Structure 17,700,0.78,4,7,50,50,16,17,50,2.24,4.24,10,50,50,17,14,200,3.6,1.7,10,100,25,18,14,0.2265,6.325847,47.38,0.68
Structure 17,700,0.78,4,7,50,50,16,18,50,2.24,4.24,10,50,50,17,14,200,3.6,1.7,10,100,25,18,14,0.1793,5.797426,46.62,0.48
Structure 17,700,0.78,4,7,50,50,16,14,100,2.24,4.24,10,50,50,17,14,200,3.6,1.7,10,100,25,18,14,0.4178,8.453644,43.6,1.54
Structure 17,700,0.78,4,7,50,50,16,14,150,2.24,4.24,10,50,50,17,14,200,3.6,1.7,10,100,25,18,14,0.4178,8.453633,43.6,1.54
Structure 17,700,0.78,4,7,50,50,16,14,200,2.24,4.24,10,50,50,17,14,200,3.6,1.7,10,100,25,18,14,0.4178,8.453622,43.6,1.54
Structure 17,700,0.78,4,7,50,50,16,14,250,2.24,4.24,10,50,50,17,14,200,3.6,1.7,10,100,25,18,14,0.4178,8.453612,43.6,1.54
Structure 17,700,0.78,4,7,50,50,16,14,300,2.24,4.24,10,50,50,17,14,200,3.6,1.7,10,100,25,18,14,0.4178,8.453602,43.59,1.54
Structure 17,700,0.78,4,7,50,50,16,14,350,2.24,4.24,10,50,50,17,14,200,3.6,1.7,10,100,25,18,14,0.4178,8.453592,43.59,1.54
Structure 17,700,0.78,4,7,50,50,16,14,400,2.24,4.24,10,50,50,17,14,200,3.6,1.7,10,100,25,18,14,0.4178,8.453582,43.59,1.54
Structure 17,700,0.78,4,7,50,50,16,14,450,2.24,4.24,10,50,50,17,14,200,3.6,1.7,10,100,25,18,14,0.4178,8.453573,43.59,1.54
Structure 17,700,0.78,4,7,50,50,16,14,500,2.24,4.24,10,50,50,17,14,200,3.6,1.7,10,100,25,18,14,0.4178,8.453558,43.58,1.54
Structure 17,700,0.78,4,7,50,50,16,14,50,2.24,4.24,10,50,50,14,14,200,3.6,1.7,10,100,25,18,14,0.4178,8.454235,43.59,1.54
Structure 17,700,0.78,4,7,50,50,16,14,50,2.24,4.24,10,50,50,15,14,200,3.6,1.7,10,100,25,18,14,0.4178,8.454207,43.59,1.54
Structure 17,700,0.78,4,7,50,50,16,14,50,2.24,4.24,10,50,50,16,14,200,3.6,1.7,10,100,25,18,14,0.4178,8.454104,43.59,1.54
Structure 17,700,0.78,4,7,50,50,16,14,50,2.24,4.24,10,50,50,18,14,200,3.6,1.7,10,100,25,18,14,0.4176,8.451131,43.61,1.54
Structure 17,700,0.78,4,7,50,50,16,14,50,2.24,4.24,10,50,50,19,14,200,3.6,1.7,10,100,25,18,14,0.417,8.443961,43.62,1.54
Structure 17,700,0.78,4,7,50,50,16,14,50,2.24,4.24,10,50,50,19,15,200,3.6,1.7,10,100,25,18,14,0.417,8.443959,43.62,1.54
Structure 17,700,0.78,4,7,50,50,16,14,50,2.24,4.24,10,50,50,19,16,200,3.6,1.7,10,100,25,18,14,0.417,8.443947,43.62,1.54
Structure 17,700,0.78,4,7,50,50,16,14,50,2.24,4.24,10,50,50,19,17,200,3.6,1.7,10,100,25,18,14,0.417,8.44384,43.62,1.54
Structure 17,700,0.78,4,7,50,50,16,14,50,2.24,4.24,10,50,50,19,18,200,3.6,1.7,10,100,25,18,14,0.4169,8.442855,43.63,1.54
Structure 17,700,0.78,4,7,50,50,16,14,50,2.24,4.24,10,50,50,19,19,200,3.6,1.7,10,100,25,18,14,0.4164,8.43731,43.64,1.53
Structure 17,700,0.78,4,7,50,50,16,14,50,2.24,4.24,10,50,50,19,18,50,3.6,1.7,10,100,25,18,14,0.4169,8.382284,43.85,1.53
Structure 17,700,0.78,4,7,50,50,16,14,50,2.24,4.24,10,50,50,19,18,100,3.6,1.7,10,100,25,18,14,0.4169,8.443184,43.61,1.53
Structure 17,700,0.78,4,7,50,50,16,14,50,2.24,4.24,10,50,50,19,18,150,3.6,1.7,10,100,25,18,14,0.4169,8.442574,43.62,1.54
Structure 17,700,0.78,4,7,50,50,16,14,50,2.24,4.24,10,50,50,19,18,500,3.6,1.7,10,100,25,18,14,0.4169,8.442062,43.63,1.54
Structure 17,700,0.78,4,7,50,50,16,14,50,2.24,4.24,10,50,50,19,18,250,3.6,1.7,10,100,25,18,14,0.4169,8.442274,43.63,1.54
Structure 17,700,0.78,4,7,50,50,16,14,50,2.24,4.24,10,50,50,19,18,300,3.6,1.7,10,100,25,18,14,0.4169,8.442435,43.64,1.54
Structure 17,700,0.78,4,7,50,50,16,14,50,2.24,4.24,10,50,50,19,18,350,3.6,1.7,10,100,25,18,14,0.4169,8.442779,43.64,1.54
Structure 17,700,0.78,4,7,50,50,16,14,50,2.24,4.24,10,50,50,19,18,400,3.6,1.7,10,100,25,18,14,0.4169,8.441931,43.65,1.54
Structure 17,700,0.78,4,7,50,50,16,14,50,2.24,4.24,10,50,50,19,18,450,3.6,1.7,10,100,25,18,14,0.4169,8.442784,43.65,1.54
Structure 17,700,0.78,4,7,50,50,16,14,50,2.24,4.24,10,50,50,19,18,400,3.6,1.7,10,100,25,16,14,0.4043,0.017420566,34.25,0
Structure 17,700,0.78,4,7,50,50,16,14,50,2.24,4.24,10,50,50,19,18,400,3.6,1.7,10,100,25,17,14,0.4162,0.455744505,40.7,0.08
Structure 17,700,0.78,4,7,50,50,16,14,50,2.24,4.24,10,50,50,19,18,400,3.6,1.7,10,100,25,18,15,0.4169,8.441937,43.65,1.54
Structure 17,700,0.78,4,7,50,50,16,14,50,2.24,4.24,10,50,50,19,18,400,3.6,1.7,10,100,25,18,16,0.4169,8.441932,43.65,1.54
Structure 17,700,0.78,4,7,50,50,16,14,50,2.24,4.24,10,50,50,19,18,400,3.6,1.7,10,100,25,18,17,0.4169,8.441931,43.65,1.54
Structure 17,700,0.78,4,7,50,50,16,14,50,2.24,4.24,10,50,50,19,18,400,3.6,1.7,10,100,25,18,18,0.4169,8.441932,43.65,1.54
Structure 17,700,0.78,4,7,50,50,16,14,50,2.24,4.24,10,50,50,19,18,400,3.6,1.7,10,100,25,18,19,0.4169,8.442777,43.65,1.54
Structure 17,1000,0.78,4,7,50,50,16,14,50,2.24,4.24,10,50,50,19,18,400,3.6,1.7,10,100,25,18,19,0.404,8.298137,43.94,1.47
Structure 17,1200,0.78,4,7,50,50,16,14,50,2.24,4.24,10,50,50,19,18,400,3.6,1.7,10,100,25,18,19,0.3977,8.226323,44.11,1.44
Structure 17,800,0.78,4,7,50,50,16,14,50,2.24,4.24,10,50,50,19,18,400,3.6,1.7,10,100,25,18,19,0.4119,8.388004,43.78,1.51
